source,company_name,clutch_url,website,category,hq_city,hq_region,hq_country,team_size,min_project_size,hourly_rate,rating,review_count,tagline,scraped_at,linkedin_url,facebook_url,twitter_url,instagram_url,founded_year,hq_full_address
clutch,M3.agency,https://clutch.co/profile/m3agency-0,https://m3.agency/?utm_source=clutch.co&utm_medium=referral&utm_campaign=uk-agencies-digital-marketing,digital-marketing,Birmingham,England,UK,50 - 249,"$1,000+",$100 - $149 / hr,5.0,11.0,"M3.agency is a comprehensive digital marketing agency specializing in SEO, PPC, social media marketing, and website development. The company receives overwhelmingly positive feedback, with around 95% of reviewers praising their responsiveness, professionalism, and ability to deliver projects on time",2026-09-10T03:53:28,https://www.linkedin.com/company/m3agencyuk/,https://www.facebook.com/m3agencyuk/,https://twitter.com/m3agencyuk,https://www.instagram.com/m3agencyuk/,1999.0,"2 Chamberlain Square Birmingham , England B3 3AX"
clutch,CEEK,https://clutch.co/profile/ceek,https://www.ceek.co.uk/?utm_source=clutch.co&utm_medium=referral&utm_campaign=uk-agencies-digital-marketing,digital-marketing,Victoria,London,UK,10 - 49,"$5,000+",$150 - $199 / hr,5.0,7.0,"CEEK is a comprehensive digital marketing agency specializing in SEO, social media management, and strategic online advertising. Across their reviews, CEEK has been praised for their professionalism, innovative ideas, and strong project management skills. Approximately 100% of reviewers highlighted ",2026-09-10T03:53:28,https://www.linkedin.com/company/25072738,https://www.facebook.com/CEEKMarketing/,https://twitter.com/ceekmarketing,https://www.instagram.com/ceekmarketing/,2016.0,"Level 2, CEEK Marketing, 123 Buckingham Palace Rd Victoria, London , England SW1W 9SR"
clutch,PNdigital Ltd,https://clutch.co/profile/pndigital,https://pndigital.co.uk/contact-us/?utm_medium=referral_profile&utm_source=clutch.co,digital-marketing,London,England,UK,10 - 49,"$5,000+",$100 - $149 / hr,5.0,27.0,"PNdigital Ltd is a digital marketing agency specializing in SEO and PPC services. Reviews indicate a strong emphasis on communication and tailored strategies, resulting in notable client satisfaction and increased online visibility. Approximately 90% of reviewers highlighted their effective project ",2026-09-10T03:53:28,,https://www.facebook.com/pndigitaluk,,,2016.0,
clutch,Favoured,https://clutch.co/profile/favoured,https://favoured.co.uk/?utm_source=clutch.co&utm_medium=referral&utm_campaign=Best-Digital-Marketing-Agencies-UK,digital-marketing,London,England,UK,10 - 49,"$1,000+",$100 - $149 / hr,4.6,39.0,"Favoured is a versatile digital marketing agency offering services such as paid media campaigns, social media management, and email marketing. Approximately 75% of reviews highlight their effective project management and commitment to brand consistency. However, 25% indicate issues with deliverables",2026-09-10T03:53:28,https://www.linkedin.com/company/favoured,,,https://www.instagram.com/favouredagency/,2017.0,"2 Stephen Street London , England W1T 1AN"
clutch,Prohibition,https://clutch.co/profile/prohibition,https://prohibitionpr.co.uk?utm_source=clutch.co&utm_medium=referral&utm_campaign=agencies-digital-marketing-uk,digital-marketing,Leeds,England,UK,10 - 49,"$5,000+",$100 - $149 / hr,4.9,18.0,"Prohibition is a PR and social media marketing agency that offers a wide range of services, including content strategy, video production, and campaign management. The company is highly regarded for its expertise and efficient project management, consistently meeting deadlines and staying within budg",2026-09-10T03:53:28,https://www.linkedin.com/company/prohibition-pr,https://www.facebook.com/ProhibitionPR,https://twitter.com/ProhibitionPR,https://www.instagram.com/prohibitionpr/,2012.0,"Unit 4 Sovereign Street Leeds , England LS1 4BA"
clutch,ROAST,https://clutch.co/profile/roast,https://weareroast.com/?utm_source=clutch.co&utm_medium=referral&utm_campaign=uk-agencies-digital-marketing,digital-marketing,London,England,UK,50 - 249,"$5,000+",$100 - $149 / hr,4.9,17.0,"ROAST is a comprehensive digital marketing agency specializing in paid media, SEO, and technical content development. With a focus on delivering end-to-end services, ROAST partners with clients across various industries to optimize performance and maximize ROI. Across reviews, 100% of clients praise",2026-09-10T03:53:28,https://www.linkedin.com/company/9277662/,https://www.facebook.com/weareroast/,https://twitter.com/WeAreRoast,https://instagram.com/we_are_roast,2015.0,"1st Floor, 53 Frith Street, Soho London , England W1D 4SN"
clutch,Brafton,https://clutch.co/profile/brafton,https://www.brafton.com/,digital-marketing,London,England,UK,50 - 249,"$5,000+",$150 - $199 / hr,4.9,46.0,"Brafton is a versatile marketing agency specializing in content marketing, SEO optimization, and digital communication strategies. Across their reviews, approximately 90% of clients praised Brafton's professionalism, timely delivery, and ability to enhance brand visibility and engagement. Clients co",2026-09-10T03:53:28,https://www.linkedin.com/company/brafton,https://www.facebook.com/brafton/,https://twitter.com/Brafton,https://www.instagram.com/brafton/,2008.0,"2 Oliver Street, Suite 904 Boston , MA , United States 02109"
clutch,Soap Media,https://clutch.co/profile/soap-media,https://www.soapmedia.co.uk/?utm_source=clutch.co&utm_medium=referral&utm_campaign=digital-marketing-agencies-uk,digital-marketing,Manchester,England,UK,10 - 49,"$1,000+",$100 - $149 / hr,4.9,44.0,"Soap Media is a versatile digital agency specializing in SEO, PPC, web design, and eCommerce solutions. Across reviews, clients consistently praise their effective project management, clear communication, and alignment with client goals, resulting in enhanced SEO performance, improved website functi",2026-09-10T03:53:28,https://www.linkedin.com/company/soap-media/,https://www.facebook.com/soapmedia,https://twitter.com/soapmedia,https://www.instagram.com/soapmedia/,2005.0,"111 Piccadilly Manchester , England M1 2HX"
clutch,GA Agency,https://clutch.co/profile/ga-agency,https://ga.agency/en/contact-us/?utm_source=clutch.co&utm_medium=referral&utm_campaign=agencies-digital-marketing-uk,digital-marketing,London,England,UK,50 - 249,"$25,000+",$100 - $149 / hr,5.0,3.0,"GA Agency is a proficient digital marketing firm specializing in SEO, digital marketing, and data analytics services. Feedback from clients highlights their exceptional project management and responsiveness, with 100% positive reviews noting timely delivery and expertise. Notably, 75% of clients obs",2026-09-10T03:53:28,https://www.linkedin.com/company/ga-agency/,,,https://www.instagram.com/ga.agencyofficial/,2019.0,"33 Broadwick Street London , England W1F 0DQ"
clutch,Web Tonic,https://clutch.co/profile/web-tonic,https://www.webtonic.io/?utm_source=clutch.co&utm_medium=referral,digital-marketing,London,England,UK,50 - 249,"$5,000+",$100 - $149 / hr,5.0,34.0,"Web Tonic is a digital marketing and SEO agency with a strong focus on improving online presence and lead generation through tailored strategies such as Google Ads management, SEO, and website optimization. Across reviews, 100% of clients reported improvement in key metrics like lead quality and con",2026-09-10T03:53:28,https://www.linkedin.com/company/105215539,https://www.facebook.com/webtonic.io/,,https://www.instagram.com/webtonic.marketing/,2018.0,"28 Geary Street, Suite 650 #1848 San Francisco , CA , United States 94108"
clutch,Moburst,https://clutch.co/profile/moburst,https://www.moburst.com/pages/marketing-offering-3/?utm_source=clutch.co&utm_medium=referral&utm_campaign=clutch_directory,digital-marketing,London,England,UK,50 - 249,"$5,000+",$150 - $199 / hr,4.9,44.0,"Moburst is a versatile digital agency specializing in app store optimization, mobile marketing, website development, and UI/UX design. The agency receives overwhelmingly positive feedback, with nearly all reviews highlighting their professionalism, commitment, and ability to exceed client expectatio",2026-09-10T03:53:28,https://www.linkedin.com/company/moburst/,https://www.facebook.com/moburstmobilemarketing/,https://twitter.com/Moburst,https://www.instagram.com/moburst.agency/,2013.0,"149 5th Avenue, 9th Floor New York , NY , United States 10010"
clutch,The SEO Works,https://clutch.co/profile/seo-works,https://content.seoworks.co.uk/clutch-digital-marketing-agency/?utm_source=clutch.co&utm_medium=referral&utm_campaign=uk-agencies-digital-marketing,digital-marketing,Sheffield,England,UK,10 - 49,"$1,000+",$100 - $149 / hr,4.8,58.0,"The SEO Works is a renowned SEO agency specializing in enhancing online visibility, managing PPC campaigns, and executing impactful digital PR strategies. Predominantly positive feedback (approximately 90%) highlights their effective communication, personalized service, and timely project management",2026-09-10T03:53:28,https://www.linkedin.com/company/2627568/,https://www.facebook.com/seoworksuk/,https://twitter.com/seoworksuk,https://instagram.com/seoworksuk,2009.0,"Fountain Precinct, Balm Green Sheffield , England S1 2GZ"
clutch,Cremicro Digital Marketing Agency,https://clutch.co/profile/cremicro-digital-marketing-agency,https://cremicro.com?utm_source=clutch.co&utm_medium=referral&utm_campaign=directory,digital-marketing,London,England,UK,50 - 249,"$1,000+",$50 - $99 / hr,5.0,12.0,"Cremicro Digital Marketing Agency is a comprehensive digital marketing firm specializing in SEO, performance marketing, and social media management. The agency receives overwhelmingly positive feedback, with clients noting their strategic thinking and hands-on execution. Approximately 90% of reviews",2026-09-10T03:53:28,https://www.linkedin.com/company/cremicro,https://www.facebook.com/cremicro,https://x.com/cremicro,https://www.instagram.com/cremicro,2013.0,"No: 199/6 Büyükdere Caddesi Istanbul , Türkiye 34394"
clutch,Climbing Trees,https://clutch.co/profile/climbing-trees,https://www.climbingtrees.com/?utm_source=clutch.co&utm_medium=referral&utm_campaign=directory,digital-marketing,Earls Colne,England,UK,10 - 49,"$5,000+",$150 - $199 / hr,5.0,17.0,"Climbing Trees is an SEO and digital marketing agency renowned for delivering comprehensive PPC, SEO, and digital campaign management services. Reviews indicate a strong alignment with client values and culture, with 100% of reviewers praising their responsiveness, clear communication, and strategic",2026-09-10T03:53:28,https://www.linkedin.com/company/climbing-trees-online-marketing,https://www.facebook.com/climbingtrees/,https://x.com/climbingtrees10,https://www.instagram.com/climbingtrees10/,2010.0,"60b High St Earls Colne , England CO6 2PB"
clutch,Propeller,https://clutch.co/profile/propeller,https://propeller.co.uk/?utm_source=clutch.co&utm_medium=referral&utm_campaign=agencies-digital-marketing-uk,digital-marketing,London,England,UK,50 - 249,"$10,000+",$100 - $149 / hr,4.9,23.0,"Propeller is a web development agency specializing in designing and developing websites across various industries, including hospitality and entertainment. They receive overwhelmingly positive feedback, with clients praising their creativity, project management skills, and on-time delivery. Approxim",2026-09-10T03:53:28,https://www.linkedin.com/company/propeller-digital/,https://www.facebook.com/propellercomms,https://twitter.com/propellercomms,https://www.instagram.com/propellerdigital/,2001.0,"42 Colebrooke Row London , England N1 8AF"
clutch,Pico Digital Marketing,https://clutch.co/profile/pico-digital-marketing,https://choosepico.com/?utm_source=clutch&utm_medium=referral&utm_campaign=ukagencies-digital-marketing,digital-marketing,Ayr,Scotland,UK,10 - 49,"$1,000+",$50 - $99 / hr,5.0,11.0,"Pico Digital Marketing is a comprehensive digital marketing agency specializing in SEO, PPC, display advertising, and social media management. Reviews reflect a high level of client satisfaction, with consistent praise for their strategic insights and impactful results, including a notable 27% incre",2026-09-10T03:53:28,https://www.linkedin.com/company/pico-digital-marketing/,https://www.facebook.com/PicoDigitalMarketing/,https://twitter.com/PicoMarketing,https://www.instagram.com/choosepico/,2014.0,"2590 Welton Street, Ste. 200 PMB 2262 Denver , CO , United States 80205"
clutch,e intelligence,https://clutch.co/profile/e-intelligence,https://eintelligenceweb.com/digital-marketing-services-clutch/?utm_source=clutch.co&utm_medium=referral&utm_campaign=uk-agencies-digital-marketing,digital-marketing,London,England,UK,10 - 49,"$1,000+",$25 - $49 / hr,4.9,29.0,"e intelligence is a digital marketing and web development company, specializing in SEO, website design, and online marketing strategies. Reviews indicate a strong emphasis on effective communication, professional project management, and delivering projects on time and within budget. With approximate",2026-09-10T03:53:28,https://www.linkedin.com/company/e-intelligence,https://www.facebook.com/eintelligence/,https://twitter.com/eintelligence,https://www.instagram.com/eintelligence/,2005.0,"100 Bollo Lane London , England W4 5LX"
clutch,CTI Digital,https://clutch.co/profile/cti-digital,https://www.ctidigital.com/?utm_source=clutch.co&utm_medium=referral&utm_campaign=agencies-digital-marketing-uk,digital-marketing,Manchester,England,UK,50 - 249,"$10,000+",$100 - $149 / hr,4.6,9.0,"CTI Digital is a versatile digital agency specializing in web development, digital marketing, and CMS management, with a focus on Drupal and Umbraco platforms. The reviews reveal a satisfaction rate of approximately 90%, highlighting their strong project management, adaptability, and innovative solu",2026-09-10T03:53:28,https://www.linkedin.com/company/cti-digital/,https://www.facebook.com/ctidigitaluk/,https://twitter.com/ctidigitaluk,https://www.instagram.com/cti_digital/,2003.0,"South Central, 11 Peter St, Manchester Manchester , England M2 5QR"
clutch,Bird Marketing,https://clutch.co/profile/bird-marketing,https://bird.co.uk/?utm_source=clutch.co&utm_medium=referral&utm_campaign=uk-agencies-digital-marketing,digital-marketing,London,England,UK,10 - 49,"$5,000+",$100 - $149 / hr,5.0,74.0,"Bird Marketing is a comprehensive digital marketing agency that specializes in SEO, PPC, and web development services. The company consistently receives commendations for its professionalism, strategic thinking, and customer-focused approach. Approximately 100% of reviewers praise Bird Marketing for",2026-09-10T03:53:28,https://www.linkedin.com/company/bird-marketing,https://www.facebook.com/birdmarketingofficial/,https://twitter.com/bird_marketing,https://www.instagram.com/birdmarketing/,2010.0,"13 Austin Friars London , England EC2N 2HE"
clutch,Breakline,https://clutch.co/profile/breakline,https://www.breaklineagency.com/?utm_source=clutch.co/&utm_medium=referral&utm_campaign=uk-agencies-digital-marketing,digital-marketing,Guildford,England,UK,50 - 249,"$1,000+",$100 - $149 / hr,5.0,37.0,"Breakline is an SEO agency that provides comprehensive services, including keyword research, on-page optimization, technical audits, and content production, often integrating AI search optimization. Across multiple reviews, 100% of clients highlight Breakline's effectiveness in increasing organic vi",2026-09-10T03:53:28,https://www.linkedin.com/company/22136503/,https://www.facebook.com/breaklineltd,https://twitter.com/breaklineagency,https://www.instagram.com/breaklineltd,2012.0,"Station View, Austen House, Units A-J Guildford , England GU1 4JY"
clutch,RiseUp® Agency,https://clutch.co/profile/riseup-agency,https://globalsearchmarketing.co.uk/?utm_source=clutch.co&utm_medium=referral&utm_campaign=uk-agencies-digital-marketing,digital-marketing,Birmingham,England,UK,10 - 49,"$1,000+",$100 - $149 / hr,5.0,10.0,"RiseUp® Agency is a digital marketing firm specializing in PPC and SEO services, known for its comprehensive strategies and results-oriented approach. Reviews indicate a 100% satisfaction rate, highlighting their technical expertise, proactive communication, and adaptability. Clients frequently prai",2026-09-10T03:53:28,https://www.linkedin.com/company/global-search-marketing/,https://www.facebook.com/gsm.globalsearchmarketing/,https://twitter.com/globalsearchmar,,2012.0,"Alpha Tower Birmingham , England B1 1TT"
clutch,ExpandX Marketing & Web,https://clutch.co/profile/expandx-marketing-web,http://expandx.com/?utm_source=clutch.co&utm_medium=referral&utm_campaign=directory,digital-marketing,London,England,UK,10 - 49,"$10,000+",$50 - $99 / hr,5.0,72.0,"ExpandX Marketing & Web is a versatile digital agency offering comprehensive services including SEO, web development, digital marketing, and video content creation. Reviews indicate a high level of professionalism, strategic thinking, and project management skills. Notably, 100% of reviewers appreci",2026-09-10T03:53:28,https://www.linkedin.com/company/expandx,https://www.facebook.com/ExpandX,https://twitter.com/expand_x,https://www.instagram.com/expandx.marketing.web/,2015.0,"15-17 Viskyar Planina str, Floor 2 Sofia , Bulgaria 1407"
clutch,Opace Digital Agency,https://clutch.co/profile/opace-digital-agency,https://opace.agency,digital-marketing,Birmingham,England,UK,10 - 49,"$5,000+",$50 - $99 / hr,5.0,15.0,"Opace Digital Agency is a versatile digital marketing and web development company, offering services such as SEO, PPC management, web design, and content creation. Across reviews, their clients consistently highlight Opace's efficiency, responsiveness, and exceptional project management skills, with",2026-09-10T03:53:28,https://www.linkedin.com/company/opace,http://www.facebook.com/opacewebdesign,https://x.com/opaceweb,https://www.instagram.com/opaceagency/,2008.0,"Opace Ltd, Park House, Birmingham , England B15 2RB"
clutch,Gregory,https://clutch.co/profile/gregory,http://www.gregoryagency.com/?utm_source=clutch.co&utm_medium=referral&utm_campaign=directory,digital-marketing,London,England,UK,50 - 249,"$10,000+",$150 - $199 / hr,4.8,3.0,"Gregory FCA is a public relations and marketing agency specializing in media relations, content creation, and digital strategy for financial services firms. Reviews highlight their consistent responsiveness, industry expertise, and ability to produce tangible results, with 100% of clients noting inc",2026-09-10T03:53:28,https://www.linkedin.com/company/gregoryagency/,https://www.facebook.com/GregoryAgency/,https://x.com/Gregory_Agency,https://www.instagram.com/gregory_agency/,1990.0,"27 West Athens Avenue, Ardmore , PA , United States 19003"
clutch,Yodel Mobile,https://clutch.co/profile/yodel-mobile,https://www.yodelmobile.com/?utm_source=clutch.co&utm_medium=referral,digital-marketing,London,England,UK,10 - 49,"$100,000+",$200 - $300 / hr,4.9,34.0,"Yodel Mobile is an app marketing and App Store Optimization (ASO) agency renowned for its expertise in improving app visibility and user acquisition across various industries. The company consistently receives high praise for its project management, strategic approach, and responsiveness. Notably, 1",2026-09-10T03:53:28,https://www.linkedin.com/company/yodel-mobile/,https://m.facebook.com/yodelmobileuk,https://twitter.com/yodelmobile,,2007.0,"44 - 46 St John Street London , England EC1M 4DF"
clutch,Launch Online,https://clutch.co/profile/launch-online,https://launchonline.co.uk/?utm_source=clutch.co&utm_medium=referral&utm_campaign=agencies-digital-marketing-uk,digital-marketing,Bristol,England,UK,10 - 49,"$5,000+",$100 - $149 / hr,4.9,17.0,"Launch Online is a digital marketing agency specializing in comprehensive performance marketing, including paid search management, digital strategy, and social media advertising. With a 100% positive feedback rate, reviewers commend their strategic approach, excellent project management, and strong ",2026-09-10T03:53:28,https://www.linkedin.com/company/launchonlineuk,https://www.facebook.com/launchonlineuk,https://twitter.com/launchonlineuk,https://www.instagram.com/launchonlineuk/,2012.0,"1.3 Temple Studios, Lower Approach Road Bristol , England BS1 6QA"
clutch,SalesAR,https://clutch.co/profile/salesar,https://salesar.io/lets-talk?utm_source=clutch.co&utm_medium=referral&utm_campaign=agencies-digital-marketing-uk,digital-marketing,London,England,UK,50 - 249,"$1,000+",< $25 / hr,4.8,135.0,"SalesAR is a lead generation and outreach company that specializes in multi-channel strategies, including email and LinkedIn campaigns. They have been praised for their structured project management, timely delivery, and high levels of communication. Despite a 90% success rate in generating qualifie",2026-09-10T03:53:28,https://www.linkedin.com/company/salesar/,https://www.facebook.com/salesar.official,https://twitter.com/salesar_here,https://www.instagram.com/salesar.io/,2019.0,"124 City Road London , England EC1V 2NX"
clutch,Minty Digital,https://clutch.co/profile/minty-digital,https://www.mintydigital.com/?utm_source=clutch.co&utm_medium=referral&utm_campaign=directory,digital-marketing,London,England,UK,10 - 49,"$1,000+",$100 - $149 / hr,4.8,31.0,"Minty Digital is a versatile digital marketing agency specializing in SEO, PPC, and PR services. The company is praised for its responsive communication and effective project management, consistently delivering results such as increased website traffic and brand awareness. Approximately 89% of revie",2026-09-10T03:53:28,https://www.linkedin.com/company/minty-digital/about/,https://www.facebook.com/MintyDigital/,https://twitter.com/minty_digital,https://www.instagram.com/mintydigital_agency/,2015.0,"C/ del Consell de Cent, 153 Barcelona , Spain 08015"
clutch,A-SALES AB,https://clutch.co/profile/sales-ab,https://www.a-sales.co/clutch-contact,digital-marketing,London,England,UK,50 - 249,"$1,000+",$200 - $300 / hr,4.9,83.0,"A-SALES AB is a sales development company specializing in generating qualified sales appointments and pipelines for businesses across various industries. They have received consistently high ratings, with 100% of reviews highlighting their strategic thinking, responsiveness, and tailored outreach ap",2026-09-10T03:53:28,https://www.linkedin.com/company/a-sales-ab/,,,,2023.0,"Ljungmovägen Ed , Sweden 668 32 1 +46705714821 Göteborg , Sweden 8B Regnbågsgatan 417 55"
clutch,RevWise,https://clutch.co/profile/revwise,https://revwise.com/,digital-marketing,Colchester,England,UK,50 - 249,"$5,000+",,4.9,8.0,"RevWise is a specialized affiliate marketing agency known for its expertise in managing and optimizing affiliate programs. Across all reviews, 100% of clients praise RevWise for delivering increased revenue and effective project management. Notably, 83% emphasize their communication and strategic pa",2026-09-10T03:53:28,https://www.linkedin.com/company/revwise,https://www.facebook.com/profile.php,https://x.com/revwise_,https://www.instagram.com/revwise_/,2023.0,"Innovation Centre Colchester , England CO4 3ZQ"
clutch,StudioHawk SEO Agency,https://clutch.co/profile/studiohawk-seo-agency,https://studiohawk.com.au/,digital-marketing,London,England,UK,50 - 249,"$1,000+",$150 - $199 / hr,4.8,6.0,"StudioHawk SEO Agency is a specialized SEO firm offering services such as technical SEO, backlinking, and digital PR. Their clients report notable improvements in domain authority, search rankings, and organic traffic. Feedback is overwhelmingly positive, with over 80% of reviewers highlighting thei",2026-09-10T03:53:28,https://au.linkedin.com/company/studiohawk,https://www.facebook.com/studiohawkau/,,https://www.instagram.com/studiohawkseo/,2015.0,"39/41 Mount Street Prahran , Australia 3191"
clutch,Scale Digital,https://clutch.co/profile/scale-digital,https://www.scaledigital.co/?utm_source=clutch.co&utm_medium=referral,digital-marketing,London,England,UK,10 - 49,"$1,000+",$50 - $99 / hr,4.6,4.0,"Scale Digital is a partner-led marketing company renowned for its expertise in client growth through new customer acquisition and affiliate marketing. The firm has received overwhelmingly positive feedback, with clients praising their exceptional project management, fast and effective communication,",2026-09-10T03:53:28,https://www.linkedin.com/company/scale-digital,,,,2017.0,"189 Shaftesbury Avenue London , England WC2H 8TJ"
clutch,MADX Digital,https://clutch.co/profile/madx-digital,https://www.madx.digital?utm_source=clutch.co&utm_medium=referral&utm_campaign=agencies-digital-marketing-uk,digital-marketing,London,England,UK,10 - 49,"$5,000+",,4.9,13.0,"MADX Digital is an SEO and digital marketing agency specializing in SEO consultancy, content creation, and technical optimization. Based on the reviews, 90% of clients expressed satisfaction with their services, particularly highlighting their technical expertise, timely project management, and proa",2026-09-10T03:53:28,https://www.linkedin.com/company/madx-digital-agency/,,https://x.com/madx_digital,https://www.instagram.com/madx_digital/,2020.0,"56 Shoreditch High Street London , England E1 6PQ"
clutch,Re:signal,https://clutch.co/profile/resignal,https://resignal.com/,digital-marketing,London,England,UK,10 - 49,"$5,000+",$150 - $199 / hr,4.9,4.0,"Re:signal is a specialized SEO agency providing services such as technical audits, SEO optimization, content creation, and digital PR. Across various client reviews, Re:signal is praised for its expertise and effective project management, with 100% of reviewers noting improvements in site performanc",2026-09-10T03:53:28,https://www.linkedin.com/company/re-signal/,https://www.facebook.com/resignalagency/,https://x.com/re_signal,https://www.instagram.com/re_signal/,2012.0,"20 Eastbourne Terrace London , England W2 6LG"
clutch,ConsultMyApp (CMA),https://clutch.co/profile/consultmyapp-cma,http://www.consultmyapp.com/?utm_source=clutch.co&utm_medium=referral,digital-marketing,London,England,UK,10 - 49,"$10,000+",$100 - $149 / hr,4.9,19.0,"ConsultMyApp (CMA) is a digital marketing and App Store Optimization (ASO) agency providing services such as ASO strategy, paid media, and CRM onboarding. Their reviews reflect a high level of client satisfaction, with 100% of feedback highlighting timely delivery and effective communication. Client",2026-09-10T03:53:28,https://www.linkedin.com/company/consultmyapp,https://www.facebook.com/consultmyapp,https://twitter.com/consultmyapp,,2016.0,"29th Floor, The Gherkin, 30 St. Mary Axe, LONDON EC3A 8BF London , England EC3A 8BF"
clutch,Visions Design,https://clutch.co/profile/visions-design-0,https://www.visionsdesign.co.uk?utm_source=clutch.co&utm_medium=referral&utm_campaign=agencies-digital-marketing-uk,digital-marketing,Warrington,England,UK,10 - 49,"$10,000+",$50 - $99 / hr,5.0,69.0,"Visions Design is a full-service digital agency offering web design, branding, and SEO services. The company has garnered significant positive feedback, with approximately 94% of reviewers praising their professionalism, communication, and commitment to delivering beyond expectations. Clients freque",2026-09-10T03:53:28,https://www.linkedin.com/company/visions-design,,,https://www.instagram.com/visionsdesign/,2010.0,"Patten House Warrington , England WA1 2BA"
clutch,believe.digital,https://clutch.co/profile/believedigital,https://believe.digital/contact/?utm_source=clutch.co&utm_medium=referral&utm_campaign=uk-agencies-digital-marketing,digital-marketing,Bristol,England,UK,10 - 49,"$1,000+",$100 - $149 / hr,5.0,7.0,"believe.digital is a versatile digital agency offering bespoke solutions in web development, SEO, and digital marketing. Across their reviews, 100% of clients praise their communicative approach and ability to exceed expectations, with many highlighting the team's proactive problem-solving and relia",2026-09-10T03:53:28,https://www.linkedin.com/company/1believedigital/,https://www.facebook.com/ukbelievedigital/,https://twitter.com/consultbelieve,https://www.instagram.com/believedigitaluk/,2010.0,"94 Whiteladies Road Bristol , England BS8 2QX"
clutch,FFFACE.ME,https://clutch.co/profile/fffaceme,https://ffface.me/?utm_source=clutch.co&utm_medium=referral&utm_campaign=directory,digital-marketing,London,England,UK,10 - 49,"$5,000+",$100 - $149 / hr,5.0,33.0,"FFFACE.ME is a company that specializes in augmented reality (AR) and immersive digital experiences, delivering innovative solutions like AR filters, virtual try-ons, and interactive digital content. With 100% positive feedback from clients, they are praised for their creative vision and strategic e",2026-09-10T03:53:28,https://www.linkedin.com/company/ffface/,https://www.facebook.com/ffface.me,https://twitter.com/ffface_me,https://www.instagram.com/ffface.me/,2019.0,"Flat 1, 12A York Road, SW11 3QA London , England SW11 3QA"
clutch,CreativeWeb,https://clutch.co/profile/creativeweb,https://cbwebsitedesign.co.uk/?utm_source=clutch.co&utm_medium=referral&utm_campaign=uk-agencies-digital-marketing,digital-marketing,London,England,UK,10 - 49,"$10,000+",$100 - $149 / hr,4.9,70.0,"CreativeWeb is a web development and digital marketing agency, providing services such as website design, SEO, and digital advertising support. Reviews indicate a 100% positive feedback rate, with clients praising their project management, responsiveness, and ability to deliver aesthetically pleasin",2026-09-10T03:53:28,https://www.linkedin.com/company/creativeweb-website-design-agency-london/,https://www.facebook.com/CreativeBrandDesign/,,https://www.instagram.com/wearecreativeweb/,2013.0,"77 New Cavendish Street London , England W1W 6XB"
clutch,Sitruna - Amazon Experts,https://clutch.co/profile/sitruna-amazon-experts,https://www.sitruna.com?utm_source=clutch.co&utm_medium=referral&utm_campaign=directory,digital-marketing,London,England,UK,50 - 249,"$1,000+",,4.6,12.0,"Sitruna - Amazon Experts is a company specializing in Amazon account management, PPC strategies, and product optimization. They have received overwhelmingly positive feedback, with 88% of reviews praising their effectiveness, communication, and problem-solving skills. Clients consistently highlight ",2026-09-10T03:53:28,https://www.linkedin.com/company/sitruna,,,,2018.0,
clutch,Republic Marketing,https://clutch.co/profile/republic-marketing,https://www.republicmarketing.co.uk/,digital-marketing,Birmingham,England,UK,10 - 49,"$5,000+",$50 - $99 / hr,5.0,23.0,"Republic Marketing is a web design and development company specializing in creating modern, visually appealing, and functional websites. With 100% positive feedback from reviewers, many highlight their strong design capabilities, attention to detail, and strategic approach. Approximately 80% of revi",2026-09-10T03:53:28,https://www.linkedin.com/company/republicmarketing/,https://www.facebook.com/republicmarketinguk/,https://x.com/republicma26286,https://www.instagram.com/republicmarketing/,2020.0,"10 Brindley Place, Spacemade Birmingham , England B1 2JB"
clutch,Berkeley Communications Group,https://clutch.co/profile/berkeley-communications-group,https://www.berkeleypr.com/?utm_source=clutch.co&utm_medium=referral&utm_campaign=directory,digital-marketing,Reading,England,UK,50 - 249,"$10,000+",$150 - $199 / hr,4.8,23.0,"Berkeley Communications Group is a public relations agency specializing in enhancing brand awareness and media presence, predominantly for technology and corporate clients. Across various reviews, the company is commended for its strategic approach, with approximately 87% of clients highlighting the",2026-09-10T03:53:28,https://www.linkedin.com/company/berkeleycommunications,https://www.facebook.com/berkeleycomms/,,https://www.instagram.com/berkeleycommunications/,1995.0,"100 Longwater Avenue, Green Park Reading , England RG2 6GP"
clutch,Mentor Digital,https://clutch.co/profile/mentor-digital,https://www.mentordigital.co.uk/,digital-marketing,Bristol,England,UK,10 - 49,"$10,000+",$150 - $199 / hr,4.9,5.0,"Mentor Digital is a web development and digital services company specializing in CRM solutions, website development, and UX/UI design. Reviews consistently highlight their strong project management, responsiveness, and forward-thinking approach. With a satisfaction rate of over 90%, clients praise t",2026-09-10T03:53:28,https://www.linkedin.com/company/mentor-digital,https://www.facebook.com/mentordigital/,https://twitter.com/webdesignagency,,1998.0,"Somerset St Bristol , England BS6"
clutch,Enfold,https://clutch.co/profile/enfold,https://www.enfold.agency?utm_source=clutch.co&utm_medium=referral,digital-marketing,London,England,UK,10 - 49,"$5,000+",$100 - $149 / hr,5.0,6.0,"Enfold is a lifecycle marketing and CRM support company, highly regarded for its strategic and operational expertise. The company has earned consistent positive feedback, with 100% of reviewers praising their timely delivery and professional communication. Enfold impressively balances strategic thin",2026-09-10T03:53:28,https://www.linkedin.com/company/enfold-agency,,,,2023.0,"Ulica Charlesa Darwina 4d Zagreb , Croatia 10000"
clutch,AGMA Studio,https://clutch.co/profile/agma-studio-0,https://www.agmastudio.com?utm_source=clutch.co&utm_medium=referral&utm_campaign=agencies-digital-marketing-uk,digital-marketing,London,England,UK,10 - 49,"$10,000+",$50 - $99 / hr,5.0,52.0,"AGMA Studio is a web design and development company known for creating professional, modern websites across various industries. They consistently impress clients with their ability to transform complex business needs into intuitive and engaging digital platforms. With high ratings, 100% of reviews h",2026-09-10T03:53:28,https://www.linkedin.com/company/agma-studio,https://www.facebook.com/AgmaWebStudio/,https://x.com/StudioAgma,https://www.instagram.com/agmastudio.bulgaria/,2013.0,"8 ulitsa ""Sveti Kliment Ohridski"" Sofia , Bulgaria 1504"
clutch,Bond Finance,https://clutch.co/profile/bond-finance-0,https://bondfinance.io?utm_source=clutch.co&utm_medium=referral&utm_campaign=directory,digital-marketing,Poole,England,UK,10 - 49,"$5,000+",$50 - $99 / hr,5.0,23.0,"Bond Finance is a versatile digital marketing agency specializing in AI optimization, social media management, and blockchain marketing. With a high satisfaction rate, 100% of reviewers praise their project management and strategic expertise. Clients commend their knowledge in emerging technologies ",2026-09-10T03:53:28,,,,,2017.0,"Banks Road Poole , England BH13"
clutch,RSA Creative Studio,https://clutch.co/profile/rsa-creative-studio,https://www.rsacreativestudio.com,digital-marketing,Luton,England,UK,10 - 49,"$5,000+",$50 - $99 / hr,5.0,12.0,"RSA Creative Studio is a web development firm specializing in Webflow-based website creation, design, and integrations. With a track record of timely delivery and responsive communication, they consistently impress clients, boasting 100% positive feedback across various industries. Clients frequentl",2026-09-10T03:53:28,https://www.linkedin.com/company/rsacreativestudio,https://www.facebook.com/rsacreativestudio,https://x.com/CreativeRsa,https://www.instagram.com/rsacreativestudio,2021.0,
clutch,Ecommerce Intelligence / Chris Turton Ecommerce,https://clutch.co/profile/ecommerce-intelligence-chris-turton-ecommerce,https://www.christurtonecommerce.com,digital-marketing,Shrewsbury,England,UK,10 - 49,"$5,000+",$50 - $99 / hr,5.0,15.0,"Ecommerce Intelligence / Chris Turton Ecommerce is a specialized agency offering comprehensive Amazon account management and e-commerce growth support. Across reviews, the agency receives unanimous praise for its proactive approach, strategic insights, and the capacity to deliver measurable results,",2026-09-10T03:53:28,,https://www.facebook.com/christurtonecommerce,https://twitter.com/ecommercelatest,,2019.0,"Abbey Foregate Shrewsbury , England SY2 6AL"
clutch,Paragon Sales Solutions,https://clutch.co/profile/paragon-sales-solutions,http://www.paragonsalessolutions.co.uk/?utm_source=clutch.co&utm_medium=referral&utm_campaign=directory,digital-marketing,Countesthorpe,England,UK,10 - 49,"$1,000+",$25 - $49 / hr,4.9,48.0,"Paragon Sales Solutions is a versatile marketing and sales agency specializing in SEO, website development, lead generation, telesales, and content creation. Across reviews, the company is praised for professionalism, responsiveness, and alignment with client values. Approximately 90% of the reviews",2026-09-10T03:53:28,https://www.linkedin.com/company/paragonsalessolutions,https://www.facebook.com/paragonsalessolutions,https://twitter.com/paragonsalesuk,https://www.instagram.com/paragonsalessolutions/,2018.0,"1-7 Leicester Road Countesthorpe , England LE8 5QU"
clutch,ProfileTree Web Design and Digital Marketing,https://clutch.co/profile/profiletree-web-design-digital-marketing,https://www.profiletree.com/?utm_source=clutch.co&utm_medium=referral&utm_campaign=directory,digital-marketing,Belfast,Northern Ireland,UK,10 - 49,"$1,000+",$100 - $149 / hr,5.0,10.0,"ProfileTree Web Design and Digital Marketing is a versatile agency specializing in website development, SEO, and digital marketing strategies. The reviews consistently highlight their effective communication, personalized approach, and impressive project management. Approximately 100% of reviewers p",2026-09-10T03:53:28,,https://www.facebook.com/ProfileTree/,https://twitter.com/profiletree,,2011.0,"31 Henry Place Belfast , Northern Ireland BT15 2BB"
clutch,NinjaPromo,https://clutch.co/profile/ninjapromo,https://ninjapromo.io/?utm_source=clutch&utm_medium=catalog&utm_campaign=free,digital-marketing,London,England,UK,250 - 999,"$5,000+",$50 - $99 / hr,,20.0,,2026-09-10T03:53:28,https://www.linkedin.com/company/11810697,https://www.facebook.com/ninjapromoofficial/,https://twitter.com/ninjapromoio,https://www.instagram.com/ninja.promo/,2017.0,"276 5th Avenue New York , NY , United States 10001"
clutch,Absolute Digital Media,https://clutch.co/profile/absolute-digital-media,https://absolute.digital/,digital-marketing,London,England,UK,10 - 49,"$1,000+",$200 - $300 / hr,,20.0,,2026-09-10T03:53:28,,,,,2008.0,"35 New Broad Street London , England EC2M 1NH"
clutch,Climb,https://clutch.co/profile/climb-0,https://climb.online/?utm_source=clutch.co&utm_medium=referral&utm_campaign=uk-agencies-digital-marketing,digital-marketing,London,England,UK,50 - 249,"$1,000+",$100 - $149 / hr,,20.0,,2026-09-10T03:53:28,,,,,2015.0,"30 Moorgate London , England EC2R 6DA"
clutch,Gigde Global Solutions Private Limited,https://clutch.co/profile/gigde-global-solutions-private,https://gigde.com?utm_source=clutch.co&utm_medium=referral&utm_campaign=in-agencies-digital-marketing,digital-marketing,London,England,UK,50 - 249,"$1,000+",< $25 / hr,,20.0,,2026-09-10T03:53:28,,,,,2019.0,"H 112, Sector 63 Noida , India 201307"
clutch,Passion Digital,https://clutch.co/profile/passion-digital,https://passion.digital/contact/?utm_source=clutch.co&utm_medium=referral&utm_campaign=uk-agencies-digital-marketing,digital-marketing,London,England,UK,10 - 49,"$5,000+",$100 - $149 / hr,,20.0,,2026-09-10T03:53:28,,,,,2012.0,
clutch,DiscoverMyBusiness,https://clutch.co/profile/discovermybusiness-0,https://discovermybusiness.co/,digital-marketing,London,England,UK,10 - 49,"$1,000+",$150 - $199 / hr,,20.0,,2026-09-10T03:53:28,,,,,2018.0,"261 Madison Avenue New York , NY , United States 10016"
clutch,Growthcurve,https://clutch.co/profile/growthcurve,https://growthcurve.co/?utm_source=clutch.co&utm_medium=referral&utm_campaign=uk-agencies-digital-marketing,digital-marketing,London,England,UK,10 - 49,"$5,000+",$150 - $199 / hr,,20.0,,2026-09-10T03:53:28,,,,,2017.0,"50 Liverpool Street London , England EC2M 7PY"
clutch,94n Digital,https://clutch.co/profile/94n-digital,https://agency.94n.digital/clutch?utm_source=clutch.co&utm_medium=referral&utm_campaign=agencies-digital-marketing-uk,digital-marketing,Lancaster,England,UK,10 - 49,"$5,000+",$100 - $149 / hr,,20.0,,2026-09-10T03:53:28,,,,,2022.0,"Rūpniecības iela Rīga , Latvia LV-1010"
clutch,408 Media,https://clutch.co/profile/408-media,https://www.408media.co.uk/?utm_source=clutch.co&utm_medium=referral&utm_campaign=directory,digital-marketing,Sandbach,England,UK,10 - 49,"$1,000+",$100 - $149 / hr,,20.0,,2026-09-10T03:53:28,,,,,2020.0,"Suite 6, Edwin Foden Business Centre, Moss Lane Sandbach Sandbach , England CW11 3AE"
clutch,Acceleration Partners,https://clutch.co/profile/acceleration-partners,http://www.accelerationpartners.com/?utm_source=clutch.co&utm_medium=referral&utm_campaign=directory,digital-marketing,London,England,UK,250 - 999,,,,20.0,,2026-09-10T03:53:28,,,,,2007.0,"6 Liberty Sq PMB 96813 Boston , MA , United States 02109"
clutch,Blue Ring,https://clutch.co/profile/blue-ring,https://www.blueringdigital.com/?utm_source=clutch.co&utm_medium=referral&utm_campaign=agencies-digital-marketing-uk,digital-marketing,London,England,UK,2 - 9,"$5,000+",$100 - $149 / hr,,20.0,,2026-09-10T03:53:28,,,,,2023.0,"51 Eastcheap London , England EC3M 1DT"
clutch,Loud Mouth Media,https://clutch.co/profile/loud-mouth-media,https://www.loudmouth-media.com/?utm_source=clutch.co&utm_medium=referral&utm_campaign=uk-agencies-digital-marketing,digital-marketing,Belfast,Northern Ireland,UK,10 - 49,"$1,000+",$100 - $149 / hr,,20.0,,2026-09-10T03:53:28,,,,,2011.0,"17 College Square East Belfast , Northern Ireland BT1 6DH"
clutch,Flycast Media,https://clutch.co/profile/flycast-media,https://www.flycastmedia.co.uk/?utm_source=clutch.co&utm_medium=referral,digital-marketing,London,England,UK,2 - 9,"$1,000+",$100 - $149 / hr,,20.0,,2026-09-10T03:53:28,,,,,2009.0,"Coldbath Square London , England WC1X"
clutch,GLO,https://clutch.co/profile/glo-0,https://generateleads.online/digital-marketing/?utm_source=clutch.co&utm_medium=referral&utm_campaign=uk-agencies-digital-marketing,digital-marketing,Ipswich,England,UK,10 - 49,"$1,000+",$50 - $99 / hr,,20.0,,2026-09-10T03:53:28,,,,,2019.0,"50 Princes Street Ipswich , England IP1 1RJ"
clutch,SQ Digital,https://clutch.co/profile/sq-digital,https://www.sqdigital.co.uk/digital-marketing-case-studies/?utm_source=clutch.co&utm_medium=referral&utm_campaign=uk-agencies-digital-marketing,digital-marketing,Lancaster,England,UK,10 - 49,"$1,000+",$100 - $149 / hr,,20.0,,2026-09-10T03:53:28,,,,,2000.0,"80 Church Street Lancaster , England LA1 1ET"
clutch,Red Hot Penny,https://clutch.co/profile/red-hot-penny,http://www.redhotpenny.com,digital-marketing,Wokingham,England,UK,10 - 49,"$5,000+",$100 - $149 / hr,,20.0,,2026-09-10T03:53:28,,,,,2015.0,"Sussex Barn, Warren House Rd. Wokingham , England RG40 5BS"
clutch,Bulb Studios,https://clutch.co/profile/bulb-studios,https://bulbstudios.com?utm_source=clutch.co&utm_medium=referral&utm_campaign=directory,digital-marketing,Leicester,England,UK,10 - 49,"$5,000+",$50 - $99 / hr,5.0,14.0,"Bulb Studios is a creative agency specializing in brand development, graphic and digital design, and UX insights. Among the reviews, 100% highlight their expertise in design thinking and project management, with clients praising their cultural alignment and responsiveness. They consistently deliver ",2026-09-10T03:53:42,https://www.linkedin.com/company/bulb-studios-ltd,https://www.facebook.com/BulbStudios,https://twitter.com/BulbStudios,https://www.instagram.com/bulbstudios,2007.0,"14 Francis Street Leicester , England LE2 2BD"
clutch,Blue Flamingo Solutions,https://clutch.co/profile/blue-flamingo-solutions,http://www.blueflamingo.solutions/?utm_source=clutch.co&utm_medium=referral&utm_campaign=directory,digital-marketing,London,England,UK,10 - 49,"$5,000+",$100 - $149 / hr,4.9,8.0,"Blue Flamingo Solutions is a versatile digital agency offering web design and development services. Feedback from clients on Clutch.co reveals a 100% positive response rate, highlighting their exceptional project management, strategic insight, and strong client relationships. Clients commend their c",2026-09-10T03:53:42,,https://facebook.com/blueflamingoca,https://twitter.com/blueflamingoca,,1998.0,"120 Eglinton Avenue East Suite #500 Toronto , Canada M4P 1E2"
clutch,Passionate Agency – Passionates,https://clutch.co/profile/passionate-agency-passionates,https://passionates.com/?utm_source=clutch.co&utm_medium=referral&utm_campaign=directory,digital-marketing,London,England,UK,10 - 49,"$5,000+",$150 - $199 / hr,5.0,51.0,"Passionate Agency – Passionates is a versatile web design and branding agency praised for its ability to deliver modern, interactive, and user-friendly designs. Approximately 90% of reviews highlight their excellent communication and project management skills, although a small percentage of clients ",2026-09-10T03:53:42,https://www.linkedin.com/company/passionateagency,https://www.facebook.com/passionateagency/,https://twitter.com/passionateagcy,https://instagram.com/passionateagency,2019.0,"71-75 Shelton St London , England WC2H 9JQ"
clutch,Rudo B2B,https://clutch.co/profile/rudo-b2b,https://rudo.co.uk?utm_source=clutch.co&utm_medium=referral&utm_campaign=agencies-digital-marketing-uk,digital-marketing,London,England,UK,10 - 49,"$10,000+",$100 - $149 / hr,5.0,33.0,"Rudo B2B is a versatile digital agency specializing in web development, branding, and digital marketing solutions. They consistently receive positive feedback for their timely delivery, professional communication, and ability to align with clients' business goals. With a strong emphasis on creativit",2026-09-10T03:53:43,https://www.linkedin.com/company/rudo-agency,https://www.facebook.com/rudoagency/,,https://www.instagram.com/rudo_agency/,2016.0,"30 Stamford Street London , England SE1 9LS"
clutch,Modern Day Strategy,https://clutch.co/profile/modern-day-strategy,https://www.moderndaystrategy.com,digital-marketing,Bramley,England,UK,10 - 49,"$1,000+",$25 - $49 / hr,5.0,29.0,"Modern Day Strategy is a versatile digital solutions company that offers website design and development, custom software, mobile app development, and digital marketing services. Across their reviews, 100% of clients praised their commitment to high-quality deliverables and effective project manageme",2026-09-10T03:53:43,https://www.linkedin.com/company/modern-day-strategy/,,,,2016.0,"120 Bree Street Cape Town , South Africa 8000"
clutch,Task Virtual,https://clutch.co/profile/task-virtual,https://www.taskvirtual.com/digital-marketing-services?utm_source=clutch.co&utm_medium=referral&utm_campaign=agencies-digital-marketing-uk,digital-marketing,London,England,UK,50 - 249,"$1,000+",< $25 / hr,5.0,81.0,"Task Virtual is a versatile outsourcing partner offering services in customer support, administrative assistance, SEO, and B2B lead generation. Reviews indicate high satisfaction with their flexibility and ability to integrate into diverse business operations, highlighting improved operational effic",2026-09-10T03:53:43,https://in.linkedin.com/company/taskvirtual,https://www.facebook.com/taskvirtual,https://twitter.com/TaskVirtual,https://www.instagram.com/taskvirtual,2016.0,"40/1 Tollygunge Circular Road, 3rd Floor, New Alipore, Kolkata , India 700053"
clutch,ICS-digital,https://clutch.co/profile/ics-digital,https://www.ics-digital.com/?utm_source=clutch.co&utm_medium=referral&utm_campaign=directory,digital-marketing,Leeds,England,UK,50 - 249,"$5,000+",$100 - $149 / hr,4.8,11.0,"ICS-digital is a multifaceted digital agency offering services in digital PR, SEO, translation, localization, and influencer marketing, as evidenced by its diverse project engagements. The company receives overwhelmingly positive feedback, with over 90% of reviewers praising its on-time delivery, ef",2026-09-10T03:53:43,https://www.linkedin.com/company/ics-digital/,https://www.facebook.com/pg/icsdigital,https://twitter.com/icsdigital,https://www.instagram.com/icsdigital/,2009.0,"2 Park Lane Leeds , England LS3 1ES"
clutch,Sellonics,https://clutch.co/profile/sellonics,http://www.sellonics.co.uk,digital-marketing,Newcastle-under-Lyme,England,UK,10 - 49,"$1,000+",$25 - $49 / hr,5.0,7.0,"Sellonics is a company specializing in Amazon PPC management and advertising services. Reviewers consistently praise their project management, communication, and ability to significantly improve clients' sales and profitability. Impressively, 100% of reviewers highlighted their good value for cost a",2026-09-10T03:53:43,https://www.linkedin.com/company/sellonics/,https://www.facebook.com/Sellonics/,https://x.com/amazon_adnan,https://www.instagram.com/sellonics_,2023.0,"11 Bennett Place Newcastle-under-Lyme , England ST5 8LA"
clutch,Milk & Honey PR - Certified B Corp,https://clutch.co/profile/milk-honey-pr-certified-b-corp,https://www.milkandhoneypr.com/?utm_source=clutch.co&utm_medium=referral&utm_campaign=directory,digital-marketing,London,England,UK,10 - 49,"$10,000+",$150 - $199 / hr,4.8,24.0,"Milk & Honey PR - Certified B Corp is a public relations firm renowned for its strategic communication, branding, and media outreach services. With a 100% positive sentiment in reviews, clients commend the agency for its professional yet creative approach, effective communication, and alignment with",2026-09-10T03:53:43,https://www.linkedin.com/company/11011004/,https://www.facebook.com/pg/milkandhoneypr/,https://twitter.com/milkhoneypr,,2017.0,"x+why, 3rd floor, Arding & Hobbs Building, 7 St John’s Road, SW11 1QN London , England SW11 1QN"
clutch,Impression,https://clutch.co/profile/impression,https://www.impressiondigital.com/?utm_source=clutch.co&utm_medium=referral&utm_campaign=directory,digital-marketing,Nottingham,England,UK,50 - 249,"$5,000+",$150 - $199 / hr,4.9,7.0,"Impression is a digital marketing agency specializing in SEO, PPC, and digital PR services. Across various reviews, clients consistently praise the agency for its expertise, proactive communication, and ability to drive significant growth in leads and revenue. Approximately 90% of reviewers highligh",2026-09-10T03:53:43,https://www.linkedin.com/company/impression-digital-limited/,https://www.facebook.com/impression/,https://twitter.com/impressiontalk,https://www.instagram.com/impressiontalk/,2012.0,"16 King Street Nottingham , England NG1 2AS"
clutch,Herdl,https://clutch.co/profile/herdl,https://herdl.com/contact/?utm_source=clutch.co&utm_medium=referral&utm_campaign=directory,digital-marketing,Nottingham,England,UK,10 - 49,"$1,000+",$100 - $149 / hr,5.0,6.0,"Herdl is an SEO and digital marketing agency that provides comprehensive services, including SEO strategy, PPC management, and website development. With a 100% positive feedback rate, clients consistently praise Herdl for their customer-centric approach, responsiveness, and effective project deliver",2026-09-10T03:53:43,https://www.linkedin.com/company/herdl/,,https://twitter.com/herdl,https://www.instagram.com/herdl/,2013.0,
clutch,TAMLO,https://clutch.co/profile/tamlo,https://tam-tamlo.com/en/,digital-marketing,London,England,UK,10 - 49,"$5,000+",$100 - $149 / hr,4.9,7.0,"TAMLO is a marketing and localization company offering services such as SEO, content creation, social media management, and digital marketing strategy. Reviews indicate a 100% positive feedback rate, highlighting their cultural understanding, professionalism, and effective communication. Approximate",2026-09-10T03:53:43,https://www.linkedin.com/company/tamloltd,https://www.facebook.com/tamloltd/,https://twitter.com/tamlo_ltd,,2017.0,"Japan, 〒101-0052 Tokyo, Chiyoda City, Kanda Ogawamachi, 3 Chome−28−9 Santo Building 1F Chiyoda City , Japan"
clutch,Aspectus,https://clutch.co/profile/aspectus,https://www.aspectusgroup.com/?utm_source=clutch.co&utm_medium=referral&utm_campaign=directory,digital-marketing,London,England,UK,50 - 249,"$5,000+",$150 - $199 / hr,5.0,8.0,"Aspectus is a public relations and communications agency that excels in media engagement, content development, and SEO services. Across their reviews, 100% of clients highlight their professionalism, timely delivery, and deep industry knowledge. Aspectus is praised for their proactive and strategic ",2026-09-10T03:53:43,https://www.linkedin.com/company/aspectus-group/,https://www.facebook.com/Aspectus.Group,https://x.com/AspectusGroup,https://www.instagram.com/aspectusgroup/,2008.0,"128 Southwark Street London , England SE1 0SW"
clutch,OOB,https://clutch.co/profile/oob,https://ourownbrand.co/?utm_source=clutch.co&utm_medium=referral&utm_campaign=uk-agencies-digital-marketing,digital-marketing,London,England,UK,10 - 49,"$5,000+",$150 - $199 / hr,5.0,38.0,"OOB is a comprehensive branding and digital marketing agency, excelling in content creation, branding, web design, and social media management. Across various reviews, 100% of clients praised their innovative strategies and project management skills, with particular emphasis on their ability to alig",2026-09-10T03:53:43,https://www.linkedin.com/company/28631626,https://facebook.com/ourownbrandagency,,https://www.instagram.com/ourownbrandagency/,2018.0,"The Courtyard, 37 Sheen Road London , England TW9 1AJ"
clutch,seoBusiness,https://clutch.co/profile/seobusiness,https://www.ebusinessuk.com/services/digital-marketing-agency-uk/?utm_source=ebusinessuk.com/&utm_medium=referral&utm_campaign=uk-agencies-digital-marketing,digital-marketing,Blackburn,England,UK,10 - 49,"$1,000+",$50 - $99 / hr,5.0,15.0,"seoBusiness is a reputable SEO agency highly praised for its effective SEO and PPC strategies, comprehensive keyword research, and robust project management skills. Across various reviews, clients highlight their impressive ability to increase online visibility, with many noting significant improvem",2026-09-10T03:53:43,https://www.linkedin.com/company/ebusiness-uk/about/,https://www.facebook.com/ebusinessuk/,https://twitter.com/ebusiness_uk,,1998.0,"Capricorn House, Capricorn Park, Blakewater Rd. Blackburn, Lancashire Blackburn , England BB1 5QR"
clutch,Front Page Advantage,https://clutch.co/profile/front-page-advantage,http://frontpageadvantage.com/?utm_source=clutch.co&utm_medium=referral&utm_campaign=directory,digital-marketing,Basingstoke,England,UK,10 - 49,"$1,000+",$50 - $99 / hr,5.0,13.0,"Front Page Advantage is an SEO and digital marketing agency, consistently praised for its professional and knowledgeable service. A significant 100% of reviewers commend their timely delivery and responsiveness, resulting in increased website traffic, improved SEO rankings, and effective PPC campaig",2026-09-10T03:53:43,https://www.linkedin.com/company/seo-company---front-page-advantage-ltd/,https://www.facebook.com/frontpageadvantage/,https://twitter.com/onfrontpage,https://www.instagram.com/frontpageadvantage/,2006.0,"Unit 15 Century House, Priestley Road Basingstoke , England RG24 9RA"
clutch,Brandix Soft,https://clutch.co/profile/brandix-soft,https://brandixsoft.co.uk,digital-marketing,London,England,UK,10 - 49,"$1,000+",$25 - $49 / hr,5.0,8.0,"Brandix Soft is a digital marketing and web development company known for providing comprehensive services, including SEO, social media marketing, and pay-per-click advertising. The company has received overwhelmingly positive feedback, with clients praising their project management, communication, ",2026-09-10T03:53:43,https://uk.linkedin.com/company/brandix-soft,https://www.facebook.com/brandixsoft,,https://www.instagram.com/brandixsoft,2020.0,"150 Fleet Street London , England EC4A 2DQ"
clutch,RGray,https://clutch.co/profile/rgray,https://rgray.io/?utm_source=cluthc&utm_medium=referral,digital-marketing,London,England,UK,10 - 49,"$1,000+",$25 - $49 / hr,4.9,22.0,"RGray is a comprehensive digital marketing agency specializing in SEO, GEO optimization, PR, and AI-integrated marketing solutions, particularly within the cryptocurrency sector. Reviews reveal that 100% of clients commend their expertise, adaptability, and efficient project management. Notably, ove",2026-09-10T03:53:43,,https://www.facebook.com/RGrayMarketing/,https://twitter.com/MarketingRgray,https://www.instagram.com/rgray.io/,2019.0,
clutch,Ladder.io,https://clutch.co/profile/ladderio,https://ladder.io/?utm_source=clutch.co&utm_medium=referral&utm_campaign,digital-marketing,London,England,UK,10 - 49,"$10,000+",,4.4,14.0,"Ladder.io is a digital marketing agency specializing in growth marketing, encompassing services such as advertising, brand positioning, and performance marketing. Review feedback is mixed: approximately 60% of clients praise their communication, industry expertise, and ability to drive results, whil",2026-09-10T03:53:43,https://www.linkedin.com/company/ladder-digital/,https://www.facebook.com/ladderdigital,https://twitter.com/ladderdigital,,2014.0,"54 W 40th St New York , NY , United States 10018"
clutch,Top Notch Dezigns®,https://clutch.co/profile/top-notch-dezigns,https://www.topnotchdezigns.com/?utm_source=clutch.co&utm_medium=referral&utm_campaign=directory,digital-marketing,London,England,UK,10 - 49,"$10,000+",$150 - $199 / hr,5.0,16.0,"Top Notch Dezigns® is a web design and development company specializing in creating WordPress websites, particularly for nonprofits and organizations with social betterment missions. Across various reviews, clients commend their professionalism, attention to detail, and effective communication. Appr",2026-09-10T03:53:43,https://www.linkedin.com/company/top-notch-dezigns/,https://www.facebook.com/topnotchdezigns,https://twitter.com/topnotchdezigns,https://www.instagram.com/topnotchdezigns,2004.0,"434 West 33rd Street 7th Floor #1843 New York , NY , United States 10001"
clutch,Ink Digital,https://clutch.co/profile/ink-digital,https://ink-digital.co.uk/?utm_source=clutch.co&utm_medium=referral,digital-marketing,Brentwood,England,UK,10 - 49,"$5,000+",$150 - $199 / hr,5.0,1.0,"Ink Digital is an SEO agency renowned for improving organic search performance, as evidenced by their successful collaboration with a hospitality company focused on bespoke Arctic travel packages. With 100% positive feedback, clients commend their effective communication, adherence to timelines, and",2026-09-10T03:53:43,https://www.linkedin.com/company/inkdigitalltd/,,,https://www.instagram.com/inkdigitalltd/,2019.0,"118 Kings Road Brentwood , England CM14 4EA"
clutch,Kaweb,https://clutch.co/profile/kaweb,https://www.kaweb.co.uk/,digital-marketing,Lichfield,England,UK,10 - 49,"$1,000+",$100 - $149 / hr,4.9,7.0,"Kaweb is a versatile digital services company offering expertise in web development, SEO, PPC, and bespoke software solutions. The company is consistently praised for its expert staff, efficient communication, and commitment to achieving exceptional results, with 100% of reviewers noting satisfactio",2026-09-10T03:53:43,https://www.linkedin.com/company/kaweb,https://www.facebook.com/kawebdigital,http://twitter.com/kawebdigital,,1999.0,"Shire House, Birmingham Rd, Lichfield WS14 9BW Lichfield , England WS14 9BW"
clutch,Blue Array SEO,https://clutch.co/profile/blue-array-seo,https://www.bluearray.co.uk/?utm_source=clutch&utm_medium=referral&utm_campaign=profile,digital-marketing,Reading,England,UK,10 - 49,"$1,000+",$100 - $149 / hr,5.0,2.0,"Blue Array SEO is a specialized SEO agency known for thorough and professional services, evidenced by their impactful contributions to companies such as Simply Business and YouCanBook.me. Reviewers note their expertise and flexibility, leading to increased sales and traffic, with 100% of feedback be",2026-09-10T03:53:43,https://www.linkedin.com/company/9480686/,https://www.facebook.com/bluearray/,https://twitter.com/bluearrayseo,,2015.0,"Work.Life Reading, The White Building, 33 King's Road Reading , England RG1 3AR"
clutch,novi.digital,https://clutch.co/profile/novidigital,https://novi.digital/?utm_source=clutch.co&utm_medium=referral&utm_campaign=uk-agencies-digital-marketing,digital-marketing,Lancaster,England,UK,10 - 49,"$5,000+",$150 - $199 / hr,4.7,32.0,"novi.digital is an SEO and digital marketing agency known for its expertise in managing PPC campaigns and improving SEO performance. The company consistently receives high praise for its professionalism, strategic execution, and communication, with 100% of reviewers noting their responsiveness and t",2026-09-10T03:53:43,https://www.linkedin.com/company/novidigital/,https://www.facebook.com/novidigital,http://twitter.com/novidigital,https://www.instagram.com/novi.digital/,2009.0,"Fraser House Hub, White Cross Business Park Lancaster , England LA1 4XQ"
clutch,Sierra Six Media,https://clutch.co/profile/sierra-six-media,https://www.sierrasixmedia.co.uk?utm_source=clutch.co&utm_medium=referral&utm_campaign=agencies-digital-marketing-uk,digital-marketing,Billericay,England,UK,10 - 49,"$1,000+",$100 - $149 / hr,5.0,1.0,"Sierra Six Media is a digital marketing agency specializing in enhancing search visibility and brand awareness. The company receives overwhelmingly positive feedback, with 100% of reviewers highlighting their effective results and clear communication. Clients appreciate their ability to increase Goo",2026-09-10T03:53:43,https://www.linkedin.com/company/sierrasixmedia/,https://www.facebook.com/sierrasixmedia/,https://x.com/SIERRASIXMEDIA,https://www.instagram.com/sierrasixmedia/,2017.0,"Unit 6 Woodbrook Crescent, Lake Meadows Business Park, Billericay , England CM12 0EQ"
clutch,Marygold Studio,https://clutch.co/profile/marygold-studio,https://marygold-studio.com,digital-marketing,London,England,UK,10 - 49,"$1,000+",$50 - $99 / hr,5.0,2.0,"Marygold Studio, specializing in architectural visualization services, has received overwhelmingly positive feedback, with 100% of reviewers praising the high quality and professionalism of their work. Clients highlight their efficient workflow and industry-leading visualizations, with no areas iden",2026-09-10T03:53:43,https://www.linkedin.com/company/marygold-cgi,https://www.facebook.com/marygoldcgi/,,https://www.instagram.com/marygoldstudio,2020.0,"Heroiv UPA str. 73 Львів , Ukraine 79000"
clutch,Ignite SEO London,https://clutch.co/profile/ignite-seo-london,https://www.igniteseo.co.uk/?utm_source=clutch.co&utm_medium=referral&utm_campaign=directory,digital-marketing,London,England,UK,10 - 49,"$1,000+",$100 - $149 / hr,4.9,7.0,"Ignite SEO London is a highly regarded SEO agency, known for providing exceptional SEO services and website optimization. Their reviews reveal a consistent pattern of satisfaction, with positive feedback from all clients. Notably, 100% of reviewers highlight their effective communication and respons",2026-09-10T03:53:43,https://www.linkedin.com/company/ignite-seo/,https://www.facebook.com/igniteseo,https://twitter.com/igniteseo_,https://www.instagram.com/igniteseo_/,2020.0,"49 Stewart's Grove London , England SW3 6PH"
clutch,ClickSlice,https://clutch.co/profile/clickslice,https://www.clickslice.co.uk/?utm_source=clutch.co&utm_medium=referral&utm_campaign=directory,digital-marketing,London,England,UK,10 - 49,"$10,000+",,5.0,5.0,"ClickSlice is a reputable SEO agency renowned for its expertise in improving search engine rankings and digital marketing strategies. Their clients consistently report positive outcomes, with 100% of reviews highlighting their effective and transparent communication, professionalism, and tangible re",2026-09-10T03:53:43,https://www.linkedin.com/company/clicksliceseo,,,https://www.instagram.com/clickslice/,2017.0,"Studio 10, Shoreditch Stables, 138 Kingsland Rd London , England E2 8DY"
clutch,MinsterFB Ltd,https://clutch.co/profile/minsterfb,https://www.minsterfb.com/?utm_source=clutch.co&utm_medium=referral&utm_campaign=directory,digital-marketing,Southwell,England,UK,50 - 249,"$5,000+",,5.0,3.0,"MinsterFB Ltd is a digital marketing agency specializing in Amazon store development and e-commerce strategies. The company is praised for its consistent quality, resourcefulness, and excellent project management, with 100% of reviewers highlighting their effective communication and timely delivery.",2026-09-10T03:53:43,https://www.linkedin.com/company/2445668/,https://www.facebook.com/MinsterFB,,,2011.0,"Old National School, Nottingham Road Southwell , England NG25"
clutch,Skale,https://clutch.co/profile/skale-0,https://skale.so/,digital-marketing,London,England,UK,10 - 49,"$5,000+",,4.9,16.0,"Skale is an SEO agency specializing in digital marketing strategies, including SEO optimization, content creation, and link-building campaigns. Across their reviews, clients highlight Skale's impressive project management, attention to detail, and expertise in SaaS SEO, with 100% of reviews praising",2026-09-10T03:53:43,https://www.linkedin.com/company/skalehq/,,,,2019.0,
clutch,Found | The AI-first Everysearch Agency,https://clutch.co/profile/found-ai-first-everysearch-agency,https://www.found.co.uk/,digital-marketing,London,England,UK,50 - 249,"$1,000+",$100 - $149 / hr,,,"Established in 2005, Found | The AI-first Everysearch Agency is a SEO company. The team offers Search Engine Optimization and Pay Per Click. Read more",2026-09-10T03:53:43,http://www.linkedin.com/company/found.co.uk,https://www.facebook.com/foundonline,https://twitter.com/found_online,https://www.instagram.com/foundonline/,2005.0,"Johnson Building, 77 Hatton Garden London , England EC1N 8JS"
clutch,Toast Design Consultancy Limited,https://clutch.co/profile/toast-design-consultancy,https://www.toastdesign.co.uk/?utm_source=clutch.co&utm_medium=referral&utm_campaign=directory,digital-marketing,Banbury,England,UK,10 - 49,,$100 - $149 / hr,4.5,1.0,"Toast Design Consultancy Limited is a web development company specializing in bespoke WordPress design, hosting, and long-term support. Their reviews emphasize exceptional project management, responsive support, and good value for money, with 100% of feedback highlighting their helpfulness and effic",2026-09-10T03:53:43,https://www.linkedin.com/company/toast-design/,https://www.facebook.com/wearetoast/,https://x.com/toastdesign,https://www.instagram.com/toast_design/,1997.0,"16 North Bar St Banbury , England OX16 0TF"
clutch,Simplicity Media | Independent Canadian Advertising Agency,https://clutch.co/profile/simplicity-media-independent-canadian-advertising-agency,https://simplicitymedia.ca,digital-marketing,London,England,UK,10 - 49,,,5.0,1.0,"Simplicity Media | Independent Canadian Advertising Agency is a digital marketing firm specializing in media planning, buying, and creating analytics infrastructure globally. Reviews highlight their outstanding results, with client retention and significant KPI achievements, such as reducing CPA to ",2026-09-10T03:53:43,https://www.linkedin.com/company/simplicitymedia/,,,,2019.0,"109 Sussex Drive Stillwater Lake , Canada B3Z 4J2"
clutch,JDC Digital,https://clutch.co/profile/jdc-digital,https://jdc-digital.co.uk,digital-marketing,Rampside,England,UK,50 - 249,,$50 - $99 / hr,5.0,1.0,"JDC Digital is a digital marketing agency specializing in enhancing online presence and improving SEO. Their reviews reflect a 100% satisfaction rate, highlighting their professionalism, clear communication, and tailored approach to client needs. Clients report significant improvements in website im",2026-09-10T03:53:43,https://www.linkedin.com/company/jdc-digital/,https://www.facebook.com/people/jdc-digital/61572350334103/,https://x.com/jdc_digital,https://www.instagram.com/jdc_digital/,2024.0,"Concle Terrace Rampside , England LA13"
clutch,mira marketing,https://clutch.co/profile/mira-marketing,https://www.miramarketing.co.uk,digital-marketing,Newcastle upon Tyne,England,UK,10 - 49,,$100 - $149 / hr,,,"Mira marketing, a PPC company, was launched in 2018. Located in Newcastle upon Tyne, England, the team focuses on Pay Per Click and Social Media Marketing. Read more",2026-09-10T03:53:43,https://www.linkedin.com/company/mira-marketing/,https://www.facebook.com/marketing.MIRA,,https://www.instagram.com/marketing.mira/,2018.0,"Media Exchange Newcastle upon Tyne , England NE1 2QB"
clutch,Solvid,https://clutch.co/profile/solvid,https://solvid.co.uk/?utm_source=clutch.co&utm_medium=referral,digital-marketing,London,England,UK,10 - 49,"$1,000+",$150 - $199 / hr,,,"Solvid is a SEO agency founded in 2015. The company offers Search Engine Optimization and Generative AI, and is small. Read more",2026-09-10T03:53:43,https://www.linkedin.com/company/solvid-digital/about/,https://www.facebook.com/solviddigital/,https://twitter.com/solviddigital,,2015.0,"6 Saint Davids Square London , England E14 3WA"
clutch,Quirky Digital,https://clutch.co/profile/quirky-digital,https://quirkydigital.com/,digital-marketing,Liverpool,England,UK,10 - 49,"$10,000+",$100 - $149 / hr,,,"Quirky Digital is a SEO services firm located in Liverpool, England and Pafos, Cyprus. The team specializes in Search Engine Optimization and Performance Marketing. Read more",2026-09-10T03:53:43,https://www.linkedin.com/company/quirkydigital/,https://www.facebook.com/quirkydigitaluk/,,https://www.instagram.com/quirky.digital/,2020.0,"31 Parliament Street Liverpool , England L8 5RN"
clutch,Fifth Ring,https://clutch.co/profile/fifth-ring,https://www.fifthring.com/?utm_source=clutch.co&utm_medium=referral,digital-marketing,Aberdeen,Scotland,UK,50 - 249,"$10,000+",$200 - $300 / hr,,,"Established in 1991, Fifth Ring is a midsize branding agency located in Aberdeen, Scotland and Houston, Texas. Their team specializes in Branding and Demand Generation Marketing. Read more",2026-09-10T03:53:43,https://www.linkedin.com/company/fifth-ring,https://www.facebook.com/FifthRingB2B,https://twitter.com/FifthRing,https://www.instagram.com/fifthringstagram/,1991.0,"St Marys Court Aberdeen , Scotland AB10 1TH"
clutch,blubolt (Shopify Agency),https://clutch.co/profile/blubolt-shopify-agency,https://blubolt.com/,digital-marketing,Bath,England,UK,10 - 49,"$10,000+",$100 - $149 / hr,,,"Founded in 2006, blubolt (Shopify Agency) is an e-commerce development company. Their services include E-Commerce Development and Web Design. Read more",2026-09-10T03:53:43,https://www.linkedin.com/company/blubolt-ltd/,https://www.facebook.com/blubolt.ecommerce/,https://twitter.com/blubolt,,2006.0,"25 Queen Square Bath , England BA1 2HX"
clutch,Mintense,https://clutch.co/profile/mintense,https://www.mintense.com/,digital-marketing,London,England,UK,10 - 49,"$5,000+",$50 - $99 / hr,,,"Mintense, a SEO agency, was launched in 2012. They focuses on Search Engine Optimization and Pay Per Click. Read more",2026-09-10T03:53:43,https://www.linkedin.com/company/mintenseltd/,,,,2012.0,"12 Helmet Row London , England EC1V 3QJ"
clutch,Inspire Digital Glasgow,https://clutch.co/profile/inspire-digital-glasgow,https://www.inspire.scot/?utm_source=clutch.co&utm_medium=referral,digital-marketing,Glasgow,Scotland,UK,10 - 49,,,,,Inspire Digital Glasgow is a SEO company founded in 2008. Their services include Search Engine Optimization and Social Media Marketing. Read more,2026-09-10T03:53:43,https://www.linkedin.com/company/inspire-it-services/about/,https://www.facebook.com/pg/inspiredigitaledinburgh/about/,,,2008.0,"Ground Floor, Suite 3, 101 Portman St, Kinning Park Glasgow , Scotland G41 1EJ"
clutch,HTDL,https://clutch.co/profile/htdl,https://www.htdl.co.uk/?utm_source=clutch.co&utm_medium=referral,digital-marketing,Henley in Arden,England,UK,10 - 49,"$5,000+",$150 - $199 / hr,,,"Founded in 1988, HTDL is a web design company. The agency specializes in Web Design and Web Development, and is small. Read more",2026-09-10T03:53:43,,https://www.facebook.com/htdl.co.uk/,https://twitter.com/htdl,,1988.0,"6 Ardent Court William James Way Henley in Arden , England B95"
clutch,Website Success,https://clutch.co/profile/website-success,http://www.websitesuccess.co.uk/?utm_source=clutch.co&utm_medium=referral&utm_campaign=directory,digital-marketing,Chichester,England,UK,10 - 49,"$10,000+",$150 - $199 / hr,,,"Established in 2008, Website Success is a web design agency. Their services include Web Design and Web Development. Read more",2026-09-10T03:53:43,,https://www.facebook.com/websitesuccessltd/,https://twitter.com/website_success,,2008.0,"30 The Hornet Chichester , England PO19 7JG"
clutch,Acquisition Inc,https://clutch.co/profile/acquisition,https://www.acquisition-inc.com/?utm_source=clutch.co&utm_medium=referral&utm_campaign=directory,digital-marketing,London,England,UK,10 - 49,,,,,"Acquisition Inc is a Demand Generation Marketing company. The London, England-based company was founded in 2019. Their team specializes in Demand Generation Marketing and Content Marketing. Read more",2026-09-10T03:53:43,https://www.linkedin.com/company/acquisition-inc/,,,,2019.0,"114a Cromwell Road London , England SW7 4AG"
clutch,Growth Shop,https://clutch.co/profile/growth-shop,https://growth.shop/?utm_source=clutch.co&utm_medium=referral,digital-marketing,London,England,UK,10 - 49,"$5,000+",,,,"Launched in 2020, Growth Shop is a small Ecommerce Marketing company. Their team specializes in Ecommerce Marketing and Performance Marketing. Read more",2026-09-10T03:53:43,https://www.linkedin.com/company/growth-shop/,,,,2020.0,"49 Greek Street London , England W1D 4EG"
clutch,Equinet Media,https://clutch.co/profile/equinet-media,https://www.equinetmedia.com/,digital-marketing,Bedford,England,UK,10 - 49,"$25,000+",$100 - $149 / hr,,,"Established in 2009, Equinet Media is a Marketing Strategy company. Their team provides Marketing Strategy and Content Marketing. Read more",2026-09-10T03:53:43,https://linkedin.com/company/equinet-media-ltd,https://www.facebook.com/EquinetMedia,https://twitter.com/EquinetMedia,https://www.instagram.com/equinetmedia/,2009.0,"1 Goldington Road Bedford , England MK40 3JY"
clutch,Vouch Global,https://clutch.co/profile/vouch-global,https://vouchglobal.com,digital-marketing,London,England,UK,10 - 49,"$5,000+",$100 - $149 / hr,,,"Vouch Global, a Performance Marketing company, was launched in 2022. The team offers Performance Marketing and Digital Strategy and is based in London, England and New York, New York. Read more",2026-09-10T03:53:43,https://uk.linkedin.com/company/vouchglobal,https://www.facebook.com/vouchglobal,,https://www.instagram.com/wearevouch,2022.0,"208A Brick Lane London , England E1 6SA"
clutch,Virtual Sales Limited,https://clutch.co/profile/virtual-sales,https://www.virtual-sales.com/clutch-appointment-setting-uk/?utm_source=clutch.co&utm_medium=referral&utm_campaign=call-centers-lead-generation-uk,lead-generation,Horsham,England,UK,10 - 49,"$1,000+",$50 - $99 / hr,4.8,22.0,"Virtual Sales Limited is a professional sales outsourcing solutions provider, specializing in sales team augmentation and business development. They consistently receive positive feedback, with approximately 95% of reviewers praising their ability to integrate seamlessly with client teams and their ",2026-09-10T03:54:06,,,https://twitter.com/VirtualSalesLtd,,2001.0,"Suite G16C, Milnwood, 13 North Parade, Horsham, West Sussex, RH12 2BT Horsham , England RH12 2BT"
clutch,Clarify,https://clutch.co/profile/clarify,https://clarifyb2b.com/?utm_source=clutch.co&utm_medium=referral&utm_campaign=directory,lead-generation,Theale,England,UK,50 - 249,"$10,000+",,4.8,5.0,"Clarify is a sales outsourcing solutions provider specializing in sales team outsourcing and sales performance enhancement. They offer services such as lead qualification, target list enrichment, and opportunity creation. Reviews highlight their transparency, attention to detail, and effective colla",2026-09-10T03:54:06,https://www.linkedin.com/company/clarify,,,,2003.0,"Arlington Business Park Theale , England RG7 4SA"
clutch,Inside Sales Solutions,https://clutch.co/profile/inside-sales-solutions,https://isaless.com/?utm_source=clutch.co&utm_medium=referral&utm_campaign=directory,lead-generation,London,England,UK,50 - 249,"$10,000+",,5.0,1.0,Inside Sales Solutions helps B2B technology companies drive revenue faster with low-risk sales development services delivered by tech-sales experts. Read more See all 1 projects,2026-09-10T03:54:06,,,,,2010.0,"1211 1st Avenue North St. Petersburg , FL , United States 33705"
clutch,Excelerate360 Ltd,https://clutch.co/profile/excelerate360,https://excelerate360.com/,lead-generation,Hitchin,England,UK,50 - 249,"$5,000+",$50 - $99 / hr,4.9,5.0,"Excelerate360 Ltd is a distinguished Sales Outsourcing Solutions company that specializes in Sales Team Augmentation, Sales Process Automation, and Sales Growth Consulting. With a remarkable 100% positive feedback across various projects, clients consistently commend their deep sales expertise and a",2026-09-10T03:54:06,,,,,2012.0,"40A Wilbury Way Hitchin , England SG4 0AP"
clutch,Verbatim Virtual Receptionists,https://clutch.co/profile/verbatim-virtual-receptionists,https://verbatim-cc.co.uk?utm_source=clutch&utm_medium=clutch&utm_campaign=clutch,lead-generation,Thatcham,England,UK,10 - 49,"$1,000+",< $25 / hr,4.8,2.0,"Verbatim Virtual Receptionists is a company specializing in call handling and virtual receptionist services. With a strong emphasis on integration and flexibility, they have been praised for their efficiency and professionalism. Approximately 90% of reviewers highlight their ability to reduce client",2026-09-10T03:54:06,,,,,1997.0,"Venture West, Greenham Business Park, Thatcham , England RG19 6HX"
clutch,Abacus Cambridge Partners,https://clutch.co/profile/abacus-cambridge-partners,https://www.abacuscambridge.com/?utm_source=clutch.co&utm_medium=referral&utm_campaign=directory,lead-generation,London,England,UK,50 - 249,,,4.9,4.0,"Abacus Cambridge Partners is a technology solutions company specializing in API management and implementation, particularly with Google's Apigee tool, as well as other services like customer identity management and business process outsourcing. Across their reviews, they received overwhelmingly posi",2026-09-10T03:54:06,,,,,2017.0,"Two Kingdom Street 6th Floor Paddington London, W2 6BD London , England W2 6BD"
clutch,SalesSource,https://clutch.co/profile/salessource,https://www.salessource.ai/contact-us/?utm_source=clutch.co&utm_medium=referral&utm_campaign=directory,lead-generation,Haywards Heath,England,UK,10 - 49,"$5,000+",$100 - $149 / hr,5.0,13.0,"SalesSource is a Sales Outsourcing Solutions company specializing in Sales Team Augmentation and Sales Performance Enhancement. With a small team, they impress clients with their strategic approach, technical expertise, and exceptional communication, achieving a 100% satisfaction rate in reviews, wi",2026-09-10T03:54:06,,,,,2021.0,"Oudebrugsteeg 9 Amsterdam , Netherlands 1012 JN"
clutch,The Sound Pipe Media,https://clutch.co/profile/sound-pipe-media,https://theappdevelopers.co.uk/?utm_source=clutch.co&utm_medium=referral&utm_campaign=directory,lead-generation,London,England,UK,10 - 49,"$10,000+",$100 - $149 / hr,4.8,6.0,"The Sound Pipe Media is a versatile mobile app development company specializing in designing, developing, and marketing iOS and Android applications. Their reviews indicate a strong track record of delivering projects on time and within budget, with 100% of reviewers highlighting their technical exp",2026-09-10T03:54:06,,,,,2009.0,
clutch,Ministry of Innovation,https://clutch.co/profile/ministry-innovation,https://www.ministryofinnovation.co.uk/,lead-generation,London,England,UK,10 - 49,"$1,000+",$100 - $149 / hr,5.0,2.0,"Ministry of Innovation is a marketing agency specializing in promoting educational programs through various digital advertising strategies, including Google Ads, Meta Ads, and LinkedIn Ads. Their reviews reflect consistently positive feedback, with 100% of clients praising their personalized approac",2026-09-10T03:54:06,,,,,2004.0,"90 High Holborn London , England WC1V 6LJ"
clutch,Sopro,https://clutch.co/profile/sopro,https://sopro.io/,lead-generation,Brighton and Hove,England,UK,50 - 249,"$1,000+",,5.0,4.0,"Sopro is a sales development agency specializing in sales outsourcing solutions and lead generation services. The company consistently receives positive feedback, with clients praising its comprehensive approach, from strategic planning to execution, and its ability to deliver qualified leads. Notab",2026-09-10T03:54:06,,,,,2015.0,
clutch,Flowd,https://clutch.co/profile/flowd-0,https://www.flowd.co.uk?utm_source=clutch&utm_medium=referral&utm_campaign=profile,lead-generation,Manchester,England,UK,10 - 49,"$5,000+",,5.0,4.0,"Flowd is a sales outsourcing solutions company specializing in lead generation through email marketing. Their reviews indicate a strong focus on client communication and delivering on promises, with 100% of reviewers noting their responsiveness and ability to generate consistent leads. Flowd stands ",2026-09-10T03:54:06,,,,,2019.0,"St James Building, 61–95 Oxford Street Manchester , England M1 6EG"
clutch,Lialoom,https://clutch.co/profile/lialoom,https://www.lialoom.com/,lead-generation,London,England,UK,10 - 49,"$5,000+",$50 - $99 / hr,5.0,4.0,"Lialoom is a Sales Outsourcing Solutions provider known for optimizing sales processes and enhancing sales team capabilities. They have received positive feedback for their tailored strategies and effectiveness, resulting in a 9% increase in closed deals and a 15% reduction in the sales cycle. Appro",2026-09-10T03:54:06,,,,,2023.0,"Pärnu mnt 105 Tallinn , Estonia 11312"
clutch,incite,https://clutch.co/profile/incite-1,http://www.incitemarketing.co.uk,lead-generation,Kingston Upon Thames,England,UK,10 - 49,"$5,000+",$100 - $149 / hr,4.9,4.0,"Incite is a lead generation and marketing effectiveness consultancy highly regarded for its expertise in developing and executing comprehensive outreach campaigns. Clients consistently praise incite for its ability to expand business opportunities, as evidenced by a notable trebling of international",2026-09-10T03:54:06,,,,,2003.0,"incite out Ltd, Unit 1, The Factory, 2 Acre Road Kingston Upon Thames , England KT2 6EF"
clutch,RevOps Finder,https://clutch.co/profile/revops-finder,http://www.revopsfinder.com,lead-generation,Crewe,England,UK,10 - 49,"$1,000+",$25 - $49 / hr,5.0,1.0,"RevOps Finder is a B2B telemarketing firm known for its comprehensive approach to outbound telemarketing services. Their clients commend them for their responsiveness and ability to deliver projects on time and within budget. The reviews indicate a 100% satisfaction rate, highlighting their honesty ",2026-09-10T03:54:06,,,,,2008.0,"Electra Way Crewe , England CW1"
clutch,Curral,https://clutch.co/profile/curral,https://curral.london/?utm_source=clutch.co&utm_medium=referral,lead-generation,London,England,UK,10 - 49,"$5,000+",$50 - $99 / hr,4.9,10.0,"Curral is a Sales Outsourcing Solutions company specializing in lead generation, sales performance enhancement, and sales team augmentation. Clients consistently praise their swift and effective approach, with 100% positive feedback on their accountability and communication. Curral is recognized for",2026-09-10T03:54:06,,,,,2017.0,"St Helens Place London , England EC3N6AG"
clutch,Second Voice,https://clutch.co/profile/second-voice,https://secondvoice.pro,lead-generation,Brighton and Hove,England,UK,10 - 49,"$25,000+",,5.0,1.0,"Second Voice is a Sales Outsourcing Solutions company known for its dynamic and results-focused team. They excel in targeted outbound email campaigns and account management, which evolved to book high-value meetings, as noted by 100% of reviewers. Their alignment with company values and responsivene",2026-09-10T03:54:06,,,,,2022.0,"15-17 Middle Street Brighton and Hove , England BN1 1AL"
clutch,Gungho,https://clutch.co/profile/gungho,http://www.gunghomarketing.co.uk,lead-generation,Poundbury,England,UK,50 - 249,"$5,000+",,1.8,2.0,"Gungho is a Sales Outsourcing Solutions company specializing in outbound lead generation. While they have demonstrated expertise in sales staffing and team augmentation, feedback indicates mixed results with lead quality, as some reviews mention a need for improvement in generating warm or hot leads",2026-09-10T03:54:06,,,,,2007.0,"Bridport Road Poundbury , England DT1 3SB"
clutch,ReveGro,https://clutch.co/profile/revegro,https://www.revegro.com,lead-generation,Crewe,England,UK,10 - 49,"$1,000+",$50 - $99 / hr,4.7,5.0,"ReveGro is a Sales Development Agency offering Sales Outsourcing Solutions, Sales Team Augmentation, and Sales Performance Enhancement services. The company has received mostly positive feedback, with 67% of reviews highlighting their effective sales support services and 33% noting areas for improve",2026-09-10T03:54:06,,,,,2008.0,"Electra House Crewe , England CW1 6GL"
clutch,habitable.co,https://clutch.co/profile/habitableco,https://habitable.co/,lead-generation,Portsmouth,England,UK,10 - 49,"$25,000+",$100 - $149 / hr,5.0,4.0,"habitable.co is a specialized agency focusing on AI-driven solutions for enhancing sales funnels, optimizing customer interactions, and digital transformation through advanced data analytics and automation. Reviews indicate strong project management and impressive results, with 100% of clients notin",2026-09-10T03:54:06,,,,,2013.0,"Northarbour Road Portsmouth , England PO6"
clutch,BYG Advantage,https://clutch.co/profile/byg-advantage,https://www.bygadvantage.com/,lead-generation,London,England,UK,10 - 49,"$100,000+",$100 - $149 / hr,,,"BYG Advantage is a Sales Outsourcing company located in New York, New York and Singapore, Singapore. The team offers Sales Outsourcing and Marketing Strategy. Read more",2026-09-10T03:54:06,,,,,2010.0,"450 Lexington Ave, New York, NY 10017, United States New York , NY , United States 10017"
clutch,The Telemarketing Company,https://clutch.co/profile/telemarketing-company,https://ttmc.co.uk,lead-generation,Brighton,England,UK,50 - 249,"$10,000+",$50 - $99 / hr,,,"Answering service company The Telemarketing Company is based in Brighton, England. The team focuses on Call Center Services and Sales Outsourcing. Read more",2026-09-10T03:54:06,,,,,1990.0,"26-27 Regency Square Brighton , England BN1 2FH"
clutch,BioStrata,https://clutch.co/profile/biostrata,https://biostratamarketing.com/,lead-generation,Histon,England,UK,10 - 49,,,,,"BioStrata is a public relations agency. Located in Histon, England and Boston, Massachusetts, the agency was founded in 2014. Their services include Public Relations and Content Marketing. Read more",2026-09-10T03:54:06,,,,,2014.0,"Endurance House, Vision Park Histon , England CB24 9AD"
clutch,durhamlane,https://clutch.co/profile/durhamlane,https://durhamlane.com/,lead-generation,Newcastle,Northern Ireland,UK,10 - 49,"$5,000+",,,,"Durhamlane is a Sales Outsourcing company. They are headquartered in Newcastle, Northern Ireland. Their team specializes in Sales Outsourcing and Marketing Strategy. Read more",2026-09-10T03:54:06,,,,,2011.0,"Deltic House, Kingfisher Way, Silverlink Business Park Newcastle , Northern Ireland NE28 9NX"
clutch,Headley Media Ltd,https://clutch.co/profile/headley-media-0,https://www.headleymedia.com/,lead-generation,London,England,UK,10 - 49,,,,,"Headley Media Ltd is a Content Marketing and Sales Outsourcing company. Founded in 2010, their team offers Content Marketing and Sales Outsourcing. Read more",2026-09-10T03:54:06,,,,,2010.0,"Terminal House, 52 Grosvenor Gardens London , England SW1W 0AU"
clutch,Premium MSP B2B Appointment Setting services,https://clutch.co/profile/premium-msp-b2b-appointment-setting-services,https://premiummsp.com/,lead-generation,Epsom,England,UK,10 - 49,"$1,000+",$25 - $49 / hr,,,Premium MSP B2B Appointment Setting services is a Back Office Outsourcing and Sales Outsourcing company launched in 2023. The firm specializes in Back Office Outsourcing and Sales Outsourcing. Read more,2026-09-10T03:54:06,,,,,2023.0,"Waterloo Road Epsom , England KT19 8EX"
clutch,Perfect Lead Generation,https://clutch.co/profile/perfect-lead-generation,http://ppitch.co.uk,lead-generation,Witley,England,UK,50 - 249,"$1,000+",$25 - $49 / hr,,,"In Witley, England, Perfect Lead Generation is a midsize Sales Outsourcing and Demand Generation Marketing company. Their services include Sales Outsourcing and Demand Generation Marketing. Read more",2026-09-10T03:54:06,,,,,2009.0,"Miltons Yard Witley , England GU8 5LH"
clutch,Linked Hacker Ads,https://clutch.co/profile/linked-hacker-ads,https://www.linkedhackerads.com/,lead-generation,Newquay,England,UK,10 - 49,"$1,000+",,,,"Linked Hacker Ads is a small pay per click company. Launched in 2017, the team focuses on Pay Per Click and Sales Outsourcing. Read more",2026-09-10T03:54:06,,,,,2017.0,"39-41 Fore Street Newquay , England TR7 1HD"
clutch,smartKYC,https://clutch.co/profile/smartkyc,https://smartkyc.com,lead-generation,London,England,UK,50 - 249,,,,,Business Consulting and Sales Outsourcing company smartKYC was founded in 2014. The midsize team provides Business Consulting and Sales Outsourcing. Read more,2026-09-10T03:54:06,,,,,2014.0,"Cornhill London , England EC3V"
clutch,myBrightside,https://clutch.co/profile/mybrightside,https://www.mybrightside.co.uk,lead-generation,Portishead,England,UK,10 - 49,"$1,000+",< $25 / hr,,,"MyBrightside is a Sales Outsourcing company. Based in Portishead, England, the team offers Sales Outsourcing and Social Media Marketing. Read more",2026-09-10T03:54:06,,,,,2021.0,"Kestrel Court Portishead , England BS20 7AN"
clutch,QAZI SHAHROZ,https://clutch.co/profile/qazi-shahroz,https://qazishahroz.com/,lead-generation,London,England,UK,10 - 49,,,,,"QAZI SHAHROZ is a SEO services firm and Sales Outsourcing company. Their team is headquartered in London, England and offers Search Engine Optimization and Sales Outsourcing. Read more",2026-09-10T03:54:06,,,,,2022.0,"52 George Street London , England W1U 7EA"
clutch,3C Online,https://clutch.co/profile/3c-online,https://www.3c-online.co.uk,lead-generation,London,England,UK,10 - 49,"$1,000+",$25 - $49 / hr,,,Customer Service Outsourcing company 3C Online was launched in 2015. The team specializes in Customer Service Outsourcing and Sales Outsourcing. Read more,2026-09-10T03:54:06,,,,,2015.0,"37 Tanner Street London , England SE1 3LF"
clutch,Enticeable,https://clutch.co/profile/enticeable,https://enticeable.net/,lead-generation,London,England,UK,10 - 49,"$1,000+",,,,"Enticeable is a Digital Strategy company. The team is located in London, England, and their services include Digital Strategy and Marketing Strategy. Read more",2026-09-10T03:54:06,,,,,2018.0,"231 Strand London , England WC2R 1DA"
clutch,Inspired B2B Marketing,https://clutch.co/profile/inspired-b2b-marketing,https://www.inspiredb2bmarketing.com,lead-generation,Fareham,England,UK,10 - 49,"$1,000+",< $25 / hr,,,"Small Sales Outsourcing company Inspired B2B Marketing, is located in Fareham, England. The team focuses on Sales Outsourcing and Back Office Outsourcing. Read more",2026-09-10T03:54:06,,,,,2015.0,"7 Funtley Court, 19 Funtley Hill Fareham , England PO16 7UY"
clutch,Xcellerate Labs,https://clutch.co/profile/xcellerate-labs-0,https://www.xcelleratelabs.com/,lead-generation,Carlton,England,UK,50 - 249,"$1,000+",,,,"Launched in 2020, Xcellerate Labs is a midsize Sales Outsourcing company located in Carlton, England. Their team offers Sales Outsourcing and Demand Generation Marketing. Read more",2026-09-10T03:54:06,,,,,2020.0,"Carlton Business Centre, Station Road Carlton , England NG4 3AA"
clutch,ProspectAware,https://clutch.co/profile/prospectaware,https://www.prospectaware.com/,lead-generation,London,England,UK,10 - 49,"$5,000+",,,,"ProspectAware, a Sales Outsourcing company, is headquartered in London, England. They focus on Sales Outsourcing and were founded in 2009. Read more",2026-09-10T03:54:06,,,,,2009.0,"30 Orange Street London , England WC2H 7HH"
clutch,GCL B2B Ltd,https://clutch.co/profile/gcl-b2b,https://www.gclb2b.com/,lead-generation,Birmingham,England,UK,50 - 249,"$10,000+",$50 - $99 / hr,,,"Based in Birmingham, England, GCL B2B Ltd is a midsize Sales Outsourcing company. The team focuses on Sales Outsourcing and Marketing Strategy. Read more",2026-09-10T03:54:06,,,,,1990.0,"52 Charlotte Street Birmingham , England B3 1AR"
clutch,Coda,https://clutch.co/profile/coda,https://www.codacomms.com,lead-generation,Poole,England,UK,10 - 49,,,,,"Branding agency Coda focuses on Branding and Marketing Strategy. They are based in Poole, England. Read more",2026-09-10T03:54:06,,,,,2008.0,"Jonsen House, Commercial Road, Poole Poole , England BH14 0HU"
clutch,CAPRI,https://clutch.co/profile/capri,https://www.wearecapri.com,lead-generation,London,England,UK,10 - 49,"$10,000+",,,,"Founded in 2015, CAPRI is a branding agency. Their services include Branding and UX/UI Design. Read more",2026-09-10T03:54:06,,,,,2015.0,"London Street London , England EC3M"
clutch,Facets Commercial Consulting,https://clutch.co/profile/facets-commercial-consulting,https://facetscc.com/,lead-generation,Denton,England,UK,10 - 49,"$1,000+",$100 - $149 / hr,,,"Sales Outsourcing company Facets Commercial Consulting provides Sales Outsourcing and Marketing Strategy. They are located in Denton, England. Read more",2026-09-10T03:54:06,,,,,2019.0,"76 Manchester Road Denton , England M34 3PS"
clutch,"FE International, Inc.",https://clutch.co/profile/fe-international,https://feinternational.com/,lead-generation,City of London,England,UK,50 - 249,,,,,"FE International, Inc. Is a Business Consulting company headquartered in New York, New York and City of London, England. They offer Business Consulting and Content Marketing. Read more",2026-09-10T03:54:06,,,,,2010.0,"75 Rockefeller Plaza, 19th Fl New York , NY , United States 10104"
clutch,Nexus Healthcare,https://clutch.co/profile/nexus-healthcare,https://nexushealthcare.co.uk,lead-generation,Glasgow,Scotland,UK,10 - 49,,,,,"Nexus Healthcare is a social media marketing firm. The Glasgow, Scotland-based firm provides Social Media Marketing and Email Marketing. Read more",2026-09-10T03:54:06,,,,,2024.0,"241 St Vincent St Glasgow , Scotland G2 5QY"
clutch,Publisher Friend,https://clutch.co/profile/publisher-friend,http://publisherfriend.com,lead-generation,Brighton and Hove,England,UK,10 - 49,,,,,"Founded in 2019, Publisher Friend is a Marketing Strategy company. The team offers Marketing Strategy and Business Consulting. Read more",2026-09-10T03:54:06,,,,,2019.0,"12 Albion Street Brighton and Hove , England BN2 9NE"
clutch,Origin Client Acquisition LTD,https://clutch.co/profile/origin-client-acquisition,http://www.originca.co.uk,lead-generation,North Walsham,England,UK,10 - 49,"$1,000+",< $25 / hr,,,"Origin Client Acquisition LTD is a call center company based in North Walsham, England. The team specializes in Call Center Services and Sales Outsourcing. Read more",2026-09-10T03:54:06,,,,,2016.0,"Tudor House, Grammar School Road North Walsham , England NR28 9JH"
clutch,SalesGrape,https://clutch.co/profile/salesgrape,https://www.salesgrape.com,lead-generation,Lytchett Matravers,England,UK,10 - 49,"$1,000+",$25 - $49 / hr,,,"SalesGrape is a Sales Outsourcing company headquartered in Lytchett Matravers, England. Launched in 2016, the team focuses on Sales Outsourcing and Fractional CMO Services. Read more",2026-09-10T03:54:06,,,,,2016.0,"Lytchett House, 13 Freeland Park, Wareham Road Lytchett Matravers , England BH16 6FH"
clutch,Branch Growth,https://clutch.co/profile/branch-growth,https://www.branchgrowth.com/,lead-generation,Bath,England,UK,10 - 49,"$10,000+",,,,"Branch Growth, a Sales Outsourcing company, was launched in 2005. The company specializes in Sales Outsourcing and Marketing Strategy, and is small. Read more",2026-09-10T03:54:06,,,,,2005.0,"Oldfield Road Bath , England BA2"
clutch,Friday Solved,https://clutch.co/profile/friday-solved,https://www.fridaysolved.co.uk/?utm_source=clutch.co&utm_medium=referral&utm_campaign=uk-call-centers-lead-generation,lead-generation,London,England,UK,2 - 9,"$1,000+",$300+ / hr,,20.0,,2026-09-10T03:54:06,,,,,2018.0,"Soho Works, 180 The Strand London , England WC2R 1EA"
clutch,memoryBlue,https://clutch.co/profile/memoryblue-0,https://memoryblue.com/?utm_source=clutch.co&utm_medium=referral&utm_campaign=call-centers-lead-generation-uk,lead-generation,Fleet,England,UK,250 - 999,"$5,000+",,,20.0,,2026-09-10T03:54:06,https://www.linkedin.com/company/operatix,https://www.facebook.com/operatix/,https://twitter.com/operatix1,https://www.instagram.com/operatix_sales_acceleration/,2002.0,"5001 Lyndon B Johnson FWY, Suite 400 Dallas , TX , United States 75244"
clutch,Quantanite,https://clutch.co/profile/quantanite,http://www.quantanite.com,lead-generation,London,England,UK,"1,000 - 9,999","$1,000+",< $25 / hr,,20.0,,2026-09-10T03:54:06,,,,,2014.0,"10 York Road, London London , England HA9 0BU"
clutch,AnswerConnect,https://clutch.co/profile/answerconnect,https://www.answerconnect.com/?utm_source=clutch.co&utm_medium=referral&utm_campaign=directory,lead-generation,Edinburgh,Scotland,UK,"1,000 - 9,999",,,,20.0,,2026-09-10T03:54:06,,,,,2002.0,"1033 SE Main St Portland , OR , United States 97214"
clutch,Scaled,https://clutch.co/profile/scaled,https://scaled.co.uk/,lead-generation,London,England,UK,2 - 9,"$1,000+",$300+ / hr,,20.0,,2026-09-10T03:54:06,,,,,2022.0,"Gridiron Building 1 Pancras Sq, London. London , England N1C 4AG"
clutch,The AI Edit,https://clutch.co/profile/ai-edit,https://www.theaiedit.ai/?utm_source=Clutch&utm_medium=referral&utm_campaign=ai-edit&utm_content=company-page,lead-generation,London,England,UK,2 - 9,,,,20.0,,2026-09-10T03:54:06,,,,,2025.0,"128 City Road London , England EC1V 2NX"
clutch,Spring Drive,https://clutch.co/profile/spring-drive,https://www.springdrive.co,lead-generation,London,England,UK,2 - 9,"$5,000+",,,20.0,,2026-09-10T03:54:06,,,,,2023.0,
clutch,Callpalooza,https://clutch.co/profile/callpalooza,https://callpalooza.com/,lead-generation,London,England,UK,2 - 9,"$1,000+",< $25 / hr,,20.0,,2026-09-10T03:54:06,,,,,2020.0,"Sewardstone Road London , England E2 9JL"
clutch,Eggleads,https://clutch.co/profile/eggleads,http://www.eggleads.com,lead-generation,Portsmouth,England,UK,2 - 9,"$1,000+",$100 - $149 / hr,,20.0,,2026-09-10T03:54:06,,,,,2022.0,"Northarbour Road Portsmouth , England PO6"
clutch,Lead Pronto,https://clutch.co/profile/lead-pronto,https://leadpronto.co.uk,lead-generation,WIRRAL,England,UK,2 - 9,"$1,000+",$50 - $99 / hr,,20.0,,2026-09-10T03:54:06,,,,,2018.0,"2 Tower Road WIRRAL , England CH41 1FN"
clutch,Simpout,https://clutch.co/profile/simpout,https://www.simpout.com/,lead-generation,London,England,UK,2 - 9,"$1,000+",,,20.0,,2026-09-10T03:54:06,,,,,2022.0,"Sutherland Road London , England E17"
clutch,VUBO Ltd,https://clutch.co/profile/vubo,https://www.vubo.co.uk/,lead-generation,Reading,England,UK,2 - 9,,,,20.0,,2026-09-10T03:54:06,,,,,2014.0,
clutch,Win Labs,https://clutch.co/profile/win-labs,http://www.winlabs.co.uk,lead-generation,London,England,UK,10 - 49,"$5,000+",$150 - $199 / hr,,,"Win Labs is a London, England-based Sales Outsourcing company. The team specializes in Sales Outsourcing and Business Consulting. Read more",2026-09-10T03:55:09,,,,,2025.0,"180 Strand London , England WC2R 1EA"
clutch,Live IT Support,https://clutch.co/profile/live-it-support,http://www.liveitsupport.co.uk/,lead-generation,Balsall Common,England,UK,10 - 49,"$1,000+",< $25 / hr,,,"Live IT Support is a Balsall Common, England-based IT managed services company. They offer IT managed services and Customer Service Outsourcing and were established in 2016. Read more",2026-09-10T03:55:09,,,,,2016.0,
clutch,Fan The Flames Marketing & Design Ltd.,https://clutch.co/profile/fan-flames-marketing-design,http://fantheflames.co.uk/,lead-generation,Bristol,England,UK,10 - 49,,$25 - $49 / hr,,,"Social media marketing firm Fan The Flames Marketing & Design Ltd. Was launched in 2019. The agency focuses on Social Media Marketing and Search Engine Optimization, and is small. Read more",2026-09-10T03:55:09,,,,,2019.0,"11A Campbell Street Bristol , England BS2 8XE"
clutch,Quality Solicitors,https://clutch.co/profile/quality-solicitors,https://growwithqs.com/,lead-generation,Shrewsbury,England,UK,10 - 49,"$1,000+",$100 - $149 / hr,,,"Quality Solicitors, a Marketing Strategy company, focus on Marketing Strategy and Business Consulting. They were founded in 2009. Read more",2026-09-10T03:55:09,,,,,2009.0,"Sitka Drive Shrewsbury , England SY2 6LG"
clutch,LEADSCALE ENGINE,https://clutch.co/profile/leadscale-engine,https://leadscale.com/,lead-generation,City of London,England,UK,10 - 49,,,,,"LEADSCALE ENGINE is a Sales Outsourcing company established in 2004. Based in City of London, England, the team specializes in Sales Outsourcing and Fulfillment. Read more",2026-09-10T03:55:09,,,,,2004.0,"Unit 1, 6 Owen Street City of London , England EC1V 7JX"
clutch,strategicabm,https://clutch.co/profile/strategicabm,https://content.strategicabm.com/,lead-generation,Horsham,England,UK,10 - 49,,,,,"Strategicabm is a Sales Outsourcing company. In Horsham, England, the agency was founded in 1995. Their services include Sales Outsourcing and CRM consulting and SI. Read more",2026-09-10T03:55:09,,,,,1995.0,"2nd Floor Suite, Sanford House, Medwin Walk Horsham , England RH12 1AG"
clutch,Red Volcano,https://clutch.co/profile/red-volcano,https://www.redvolcano.io/,lead-generation,London,England,UK,10 - 49,,,,,Red Volcano is a Sales Outsourcing company established in 2016. Their services include Sales Outsourcing and BI & big data consulting & SI. Read more,2026-09-10T03:55:09,,,,,2016.0,
clutch,The Marketing Practice,https://clutch.co/profile/marketing-practice,https://www.themarketingpractice.com/,lead-generation,London,England,UK,50 - 249,,,,,"The Marketing Practice, a midsize Sales Outsourcing company, is in London, England. Their services include Sales Outsourcing and Pay Per Click. Read more",2026-09-10T03:55:09,,,,,,"6th Floor, Charlotte Building, 17 Gresse Street London , England W1T 1QL"
clutch,We Are Team Rocket,https://clutch.co/profile/we-are-team-rocket,https://weareteamrocket.com/,lead-generation,Shepshed,England,UK,10 - 49,"$1,000+",,,,"Established in 2013, We Are Team Rocket is a Demand Generation Marketing company. The team focuses on Demand Generation Marketing and Sales Outsourcing. Read more",2026-09-10T03:55:09,,,,,2013.0,"Unit 12C Kings Rd, Shepshed Shepshed , England LE12 9HT"
clutch,RMACC Group,https://clutch.co/profile/rmacc-group,https://rmaccgroup.com/,lead-generation,Port glasgow,Scotland,UK,50 - 249,"$5,000+",< $25 / hr,,,"RMACC Group, an answering service, is headquartered in Port glasgow, Scotland. Established in 2019, the team offers Call Center Services and Sales Outsourcing. Read more",2026-09-10T03:55:09,,,,,2019.0,"11f glen avenue Port glasgow , Scotland PA14 5AA"
clutch,Ktech,https://clutch.co/profile/ktech,https://ktechlimited.com/,lead-generation,Stockport,England,UK,50 - 249,,,,,Ktech is a call center. They specialize in Call Center Services and Sales Outsourcing and were founded in 2023. Read more,2026-09-10T03:55:09,,,,,2023.0,"230 5th Avenue New York , NY , United States 10001"
clutch,Digital Associates,https://clutch.co/profile/digital-associates,https://www.digitalassociate.co.uk/why-digital-associate/,lead-generation,Birkenhead,England,UK,10 - 49,,,,,"Digital Strategy and Sales Outsourcing company Digital Associates was founded in 2018. Headquartered in Birkenhead, England, the team specializes in Digital Strategy and Sales Outsourcing. Read more",2026-09-10T03:55:09,,,,,2018.0,"Egerton House Tower Road Birkenhead , England CH41 1FN"
clutch,Demand Exchange,https://clutch.co/profile/demand-exchange,https://demandexchange.com/,lead-generation,London,England,UK,10 - 49,,,,,"Demand Exchange, a Customer Service Outsourcing and Sales Outsourcing company, was established in 2017. They provides Customer Service Outsourcing and Sales Outsourcing. Read more",2026-09-10T03:55:09,,,,,2017.0,"Mirror Works, 12 Marshgate Lane, Uniti 113 London , England E15 2NH"
clutch,Kindico Digital Marketing Agency Ltd,https://clutch.co/profile/kindico-digital-marketing-agency,https://kindico.com/,lead-generation,London,England,UK,10 - 49,,,,,Kindico Digital Marketing Agency Ltd is an Affiliate Marketing and Sales Outsourcing company founded in 2016. The team specializes in Affiliate Marketing and Sales Outsourcing. Read more,2026-09-10T03:55:09,,,,,2016.0,"61A1 - Av. Paulista, 2202 - 6º andar - Bela Vista Sao Paulo , Brazil"
clutch,Call Vidia,https://clutch.co/profile/call-vidia,https://www.callvidia.com,lead-generation,London,England,UK,10 - 49,"$5,000+",$25 - $49 / hr,,,"Founded in 2018, Call Vidia is a Customer Service Outsourcing company. The company offers Customer Service Outsourcing and Back Office Outsourcing, and is small. Read more",2026-09-10T03:55:09,,,,,2018.0,"4900 California Avenue, Tower B, 2nd Floor, Bakersfield Bakersfield , CA , United States 93309"
clutch,Air Marketing,https://clutch.co/profile/air-marketing,https://www.air-marketing.co.uk/,lead-generation,Exeter,England,UK,50 - 249,,,,,"Air Marketing is an Advertising company. The team offers Advertising and Digital Strategy and is located in Exeter, England. Read more",2026-09-10T03:55:09,,,,,2016.0,"Ground Floor, The Forum, Barnfield Road Exeter , England EX1 1QR"
clutch,Novus Business Connections Limited,https://clutch.co/profile/novus-business-connections,https://www.novus-bc.com/,lead-generation,Dorking,England,UK,10 - 49,"$1,000+",,,,"Novus Business Connections Limited, a small Direct Marketing company, is based in Dorking, England. Their services include Direct Marketing and Customer Service Outsourcing. Read more",2026-09-10T03:55:09,,,,,2017.0,"83 South Street Dorking , England RH4 2JU"
clutch,The Lead Generation Company,https://clutch.co/profile/lead-generation-company,http://www.theleadgenerationcompany.co.uk/,lead-generation,Glasgow,Scotland,UK,10 - 49,"$1,000+",< $25 / hr,0.5,1.0,"The Lead Generation Company is a lead generation and telemarketing firm. Feedback indicates a predominantly negative experience, with 100% of reviewers expressing dissatisfaction due to unprofessionalism, lack of effective results, and poor communication. Reviewers highlight their failure to deliver",2026-09-10T03:55:09,,,,,2012.0,"15 – 17 Nasmyth Road South, Hillington Park Glasgow , Scotland G52 4RE"
clutch,Revvknew Media,https://clutch.co/profile/revvknew-media,https://www.revvknewtech.com/,lead-generation,London,England,UK,50 - 249,,,,,"Revvknew Media is a Digital Strategy company. Their midsize team is headquartered in دبي, United Arab Emirates and London, England. Their team specializes in Digital Strategy and Sales Read more",2026-09-10T03:55:09,,,,,,"The One Tower, Floor 24, Sheikh Zayed Rd دبي , United Arab Emirates"
clutch,4Marketing,https://clutch.co/profile/4marketing,https://4marketing.co.uk/,lead-generation,Portsmouth,England,UK,10 - 49,"$5,000+",$50 - $99 / hr,,,4Marketing is a Direct Marketing company launched in 2011. The team offers Direct Marketing and Marketing Strategy. Read more,2026-09-10T03:55:09,,,,,2011.0,"Alec Rose Lane Portsmouth , England PO1"
clutch,BEYOND JUST SERVICE,https://clutch.co/profile/beyond-just-service,https://bjs-beyond.com/,lead-generation,Wednesbury,England,UK,50 - 249,"$1,000+",< $25 / hr,,,"BEYOND JUST SERVICE is an answering service company. The team is located in Panchkula, India and Wednesbury, England, and their services include Call Center Services and Sales Outsourcing. Read more",2026-09-10T03:55:09,,,,,2024.0,"Plot No. 14, First Floor Rajiv Gandhi Chandigarh Technology Park Panchkula , India 160101"
clutch,Gray Matters,https://clutch.co/profile/gray-matters,https://www.gray-matters.co,lead-generation,London,England,UK,10 - 49,"$5,000+",$200 - $300 / hr,,,"Gray Matters, a public relations firm, specialize in Public Relations and Event Marketing. They were founded in 2018. Read more",2026-09-10T03:55:09,,,,,2018.0,"82 Great Eastern Street London , England EC2A 3JF"
clutch,Recruit Overseas,https://clutch.co/profile/recruit-overseas,https://recruit-overseas.com,lead-generation,London,England,UK,50 - 249,"$1,000+",< $25 / hr,,,"Recruit Overseas is a Recruiting company. Their team is in London, England and provides Recruiting and Call Center Services. Read more",2026-09-10T03:55:09,,,,,2016.0,"71-75 Shelton Street, Covent Garden London , England WC2H 9JQ"
clutch,We Can Lead,https://clutch.co/profile/we-can-lead,https://www.wecanlead.online/,lead-generation,London,England,UK,10 - 49,"$1,000+",,,,"Sales Outsourcing company We Can Lead was founded in 2022. The team provides Sales Outsourcing and HR Outsourcing and is in London , England and Prilep, North Macedonia. Read more",2026-09-10T03:55:09,,,,,2022.0,
clutch,Team Telemarketing Ltd,https://clutch.co/profile/team-telemarketing,https://www.teamtelemarketing.co.uk/,lead-generation,Shirley,England,UK,10 - 49,,,,,"Team Telemarketing Ltd, a Sales Outsourcing company, specialize in Sales Outsourcing and Social Media Marketing. They were founded in 2000. Read more",2026-09-10T03:55:09,,,,,2000.0,"1b Stratford Court, Cranmore Boulevard Shirley , England B90 4QT"
clutch,The Linked People,https://clutch.co/profile/linked-people,https://thelinkedpeople.com/,lead-generation,Orpington,England,UK,10 - 49,,,,,"The Linked People, a small Sales Outsourcing company, is headquartered in Orpington, England. The team focuses on Sales Outsourcing. Read more",2026-09-10T03:55:09,,,,,,"40 Mortimer House, Chatsworth Parade, Petts Wood Orpington , England BR5 1DE"
clutch,Fusion Consulting Ltd,https://clutch.co/profile/fusion-consulting-0,https://www.fusionconsult.co.uk/,lead-generation,London,England,UK,10 - 49,,,,,"Fusion Consulting Ltd is an Accounting company. They specialize in Accounting and Financial Advising & Planning and are based in London, England. Read more",2026-09-10T03:55:09,,,,,2015.0,"Marlborough House 298 Regents Park Road London London , England N3 2SZ"
clutch,RNL Group,https://clutch.co/profile/rnl-group,https://www.rnl-group.com/,lead-generation,London,England,UK,10 - 49,"$1,000+",$50 - $99 / hr,,,"Based in London, England and Dubai, United Arab Emirates, RNL Group is a social media marketing firm. Established in 2022, the team provides Social Media Marketing and Content Marketing. Read more",2026-09-10T03:55:09,,,,,2022.0,"Chalton Street London , England NW1"
clutch,vCommission,https://clutch.co/profile/vcommission,https://www.vcommission.com/,lead-generation,London,England,UK,50 - 249,,,,,"VCommission, a media planning & buying agency, focus on Media Planning & Buying and Affiliate Marketing. They were established in 2008. Read more",2026-09-10T03:55:09,,,,,2008.0,
clutch,Web3 Community Management,https://clutch.co/profile/web3-community-management,https://web3community.management,lead-generation,London,England,UK,10 - 49,"$50,000+",$200 - $300 / hr,,,"Customer Service Outsourcing company Web3 Community Management is in San Francisco, California and London, England. They provide Customer Service Outsourcing and Sales Outsourcing. Read more",2026-09-10T03:55:09,,,,,2021.0,"18 Finsbury Square London , England EC2A 1DX"
clutch,Paragon Marketing Projects,https://clutch.co/profile/paragon-marketing-projects,https://www.paragonmarketing.co.uk,lead-generation,Portsmouth,England,UK,50 - 249,,,,,"Paragon Marketing Projects is a Direct Marketing company launched in 2017. The firm provides Direct Marketing and Other Marketing, and is midsize. Read more",2026-09-10T03:55:09,,,,,2017.0,"5 Northarbour Rd Portsmouth , England PO6 3TD"
clutch,BBSA Marketing,https://clutch.co/profile/bbsa-marketing,https://bbsa-marketing.com/,lead-generation,London,England,UK,10 - 49,,,,,Advertising company BBSA Marketing focuses on Advertising and Market Research. They were established in 2012. Read more,2026-09-10T03:55:09,,,,,2012.0,"207 Regent Street, 3rd Floor, England London , England W1B 3HH"
clutch,TKO Marketing Consultants,https://clutch.co/profile/tko-marketing-consultants,https://tko.co.uk/,lead-generation,Haywards Heath,England,UK,10 - 49,,,,,"Based in Haywards Heath, England, TKO Marketing Consultants is a small branding agency. Their services include Branding and Marketing Strategy. Read more",2026-09-10T03:55:09,,,,,1995.0,"4 Lucastes Mews Haywards Heath , England RH16 1JL"
clutch,Procreate London,https://clutch.co/profile/procreate-london,https://www.procreate.london/,lead-generation,London,England,UK,10 - 49,,,,,"Procreate London, a Fractional CMO Services company, is located in London, England. They offer Fractional CMO Services and Sales Outsourcing. Read more",2026-09-10T03:55:09,,,,,2016.0,"Studio 6, Westbourne Studios 242 Acklam Road London , England W10 5JJ"
clutch,Lancelot LDN,https://clutch.co/profile/lancelot-ldn,https://www.lancelotmedialondon.com/,lead-generation,London,England,UK,10 - 49,,,,,"Lancelot LDN, a Marketing Strategy company, was launched in 2014. The team offers Marketing Strategy and Business Consulting. Read more",2026-09-10T03:55:09,,,,,2014.0,"25 Wilton Rd, Victoria London , England SW1V 1LW"
clutch,Brandix Pro,https://clutch.co/profile/brandix-pro,https://brandixpro.com/,lead-generation,London,England,UK,50 - 249,"$1,000+",$25 - $49 / hr,,,"Brandix Pro is a London, England-based Back Office Outsourcing company. Established in 2022, the team focuses on Back Office Outsourcing and Customer Service Outsourcing. Read more",2026-09-10T03:55:09,,,,,2022.0,"Second Floor, 150 Fleet Street, London, United Kingdom, EC4A 2DQ London , England EC4A 2DQ"
clutch,Castle International,https://clutch.co/profile/castle-international,https://castle.co.uk/,lead-generation,Liverpool,England,UK,10 - 49,,,,,"Founded in 2012, Castle International is a branding firm. The firm offers Branding and Social Media Marketing. Read more",2026-09-10T03:55:09,,,,,2012.0,"Castle Chambers, 5th Floor, 43 Castle Street Liverpool , England L2 9SH"
clutch,H-Line Soft,https://clutch.co/profile/h-line-soft,http://www.hlinesoft.com,lead-generation,Aberdeen,Scotland,UK,50 - 249,"$1,000+",< $25 / hr,,,"H-Line Soft is a midsize Back Office Outsourcing company based in Secunderabad, India and Fremont, California. The team provides Back Office Outsourcing and HR Consulting. Read more",2026-09-10T03:55:09,,,,,,"#A-Block, 404, 4th floor, Chandralok Complex S D Road, Paradise Circle Secunderabad , India 500003"
clutch,Tomorrow Advertising,https://clutch.co/profile/tomorrow-advertising,https://www.tomorrowadvertising.com/,lead-generation,City of London,England,UK,50 - 249,,,,,"Tomorrow Advertising is an Advertising company. Headquartered in City of London, England, the agency focuses on Advertising and Social Media Marketing. Read more",2026-09-10T03:55:09,,,,,2015.0,"314 - 316 Upper Richmond Rd. City of London , England SW15 6TL"
clutch,Creative Nerds,https://clutch.co/profile/creative-nerds,https://creativenerds.com/,lead-generation,London,England,UK,50 - 249,,,,,Social media marketing firm Creative Nerds was founded in 2008. The company offers Social Media Marketing and Branding. Read more,2026-09-10T03:55:09,,,,,2008.0,"4th Floor Dudley House 169 Piccadilly London , England W1J 9EH"
clutch,Pick & Pack Express,https://clutch.co/profile/pick-pack-express,https://www.pickandpackexpress.co.uk/,lead-generation,Coalville,England,UK,10 - 49,,,,,"Pick & Pack Express is a small Coalville, England-based Fulfillment company. The team offers Fulfillment and Warehousing & Distribution. Read more",2026-09-10T03:55:09,,,,,2008.0,"Coalville Business Park, Leicestershire Coalville , England LE67 3FT"
clutch,bluedot agency,https://clutch.co/profile/bluedot-agency-0,https://bluedotdigitalagency.com/,lead-generation,London,England,UK,10 - 49,,,,,"Bluedot agency is a branding agency. Their small team is headquartered in London, England and Athina, Greece and offers Branding and Public Relations. The firm was launched in 2020. Read more",2026-09-10T03:55:09,,,,,2020.0,"Tequila Wharf, 681 Commercial Rd, London , England E14 7LG"
clutch,BIG little London,https://clutch.co/profile/big-little-london,https://www.biglittlelondon.com/,lead-generation,London,England,UK,10 - 49,,,,,"BIG little London is a London, England-based branding firm. The team offers Branding and Public Relations. Read more",2026-09-10T03:55:09,,,,,2017.0,"WeWork Monument 51, Eastcheap London , England EC3M 1DT"
clutch,Toucan Telemarketing,https://clutch.co/profile/toucan-telemarketing,https://toucantelemarketing.co.uk/,lead-generation,Congleton,England,UK,10 - 49,"$1,000+",< $25 / hr,,,"Toucan Telemarketing, a call center company, is located in Congleton, England. Their services include Call Center Services and Sales Outsourcing. Read more",2026-09-10T03:55:09,,,,,2001.0,"Unit 18, John Bradshaw Court, Alexandria way, Congleton , England CW12 1LB"
clutch,DataGuard,https://clutch.co/profile/dataguard,https://www.dataguard.de/en-de/,lead-generation,London,England,UK,50 - 249,,,,,"DataGuard is an IT strategy consulting company. They were launched in 2018, and their services include IT strategy consulting and Internet & Technology Law. Read more",2026-09-10T03:55:09,,,,,2018.0,"Nymphenburger Straße 86 München , Germany 80636"
clutch,BCC,https://clutch.co/profile/bcc,http://bcc.media,lead-generation,Northamptonshire,England,UK,50 - 249,"$1,000+",< $25 / hr,,,"BCC is a midsize call center company. Founded in 1989, the team focuses on Call Center Services and Sales Outsourcing. Read more",2026-09-10T03:55:09,,,,,1989.0,
clutch,Office Link,https://clutch.co/profile/office-link,http://www.office-link.com,lead-generation,Crewe,England,UK,10 - 49,"$1,000+",< $25 / hr,,,"Launched in 1994, Office Link is a small telephone answering service in Crewe , England. Their team focuses on Call Center Services and Sales Outsourcing. Read more",2026-09-10T03:55:09,,,,,1994.0,"10 Macon Ct, Crewe , England CW1 6FW"
clutch,RSVP,https://clutch.co/profile/rsvp,https://www.rsvp.co.uk/,lead-generation,London,England,UK,10 - 49,"$1,000+",< $25 / hr,,,"RSVP is a Customer Service Outsourcing company. Their small team is located in London, England. Their services include Customer Service Outsourcing and Back Office Outsourcing. Read more",2026-09-10T03:55:09,,,,,,"Northern & Shell Tower 4 Selsdon Way London , England E14 9GL"
clutch,PressPlayCalls,https://clutch.co/profile/pressplaycalls,https://www.pressplaycalls.co.uk,lead-generation,Barnstaple,England,UK,10 - 49,"$1,000+",< $25 / hr,,,"Located in Barnstaple, England, PressPlayCalls is a small Customer Service Outsourcing company. The team provides Customer Service Outsourcing and Call Center Services. Read more",2026-09-10T03:55:09,,,,,,"Benning Court, Pottington Business Park Barnstaple , England EX31 1AB"
clutch,Connect.Studio,https://clutch.co/profile/connectstudio,https://www.connect.studio,lead-generation,Bolton,England,UK,10 - 49,,,,,"Connect.Studio, a small answering service company, is in Bolton, England. Their services include Call Center Services and Customer Service Outsourcing. Read more",2026-09-10T03:55:09,,,,,,"Nortex Mill, 105 Chorley Old Road Bolton, Greater Manchester Bolton , England BL1 3AS"
clutch,Oneresource (Oneresource Virtual Assistants Ltd),https://clutch.co/profile/oneresource-oneresource-virtual-assistants,https://www.one-resource.com/,sales-consulting,Banbury,England,UK,10 - 49,"$1,000+",$25 - $49 / hr,4.8,5.0,"Oneresource Virtual Assistants Ltd provides Sales Outsourcing Solutions with a focus on administrative support and efficiency. Reviewers highlight their professionalism, friendly approach, and reliable service, with 100% positive feedback regarding enhanced productivity and effective project managem",2026-09-10T03:56:27,,,,,2009.0,"Edgcote Lane Banbury , England OX16"
clutch,Amazon Consultant,https://clutch.co/profile/amazon-consultant,https://amazon-consultant.co.uk/,sales-consulting,London,England,UK,50 - 249,"$1,000+",< $25 / hr,5.0,8.0,"Amazon Consultant is a marketing agency specializing in Amazon platform services, including product listings, keyword research, and FBA setup. Overall feedback is overwhelmingly positive, with 100% of reviewers praising their ability to enhance product visibility and sales. Reviewers also highlight ",2026-09-10T03:56:27,,,,,2018.0,"Office 217 Oakland House Talbot Road Stretford London , England M16 0PQ"
clutch,Nurturance,https://clutch.co/profile/nurturance,http://www.nurturance.uk,sales-consulting,London,England,UK,10 - 49,"$1,000+",$150 - $199 / hr,5.0,1.0,"Nurturance is a consulting firm specializing in optimizing business operations and increasing conversion rates. Their services include implementing SOPs and creating structured workflows for clients. In reviews, 100% of clients highlight their effective project management and personalized approach, ",2026-09-10T03:56:27,,,,,2024.0,"39 Gladiator Way London , England RM12 6EU"
clutch,Ordorite Software Solutions,https://clutch.co/profile/ordorite-software-solutions,https://ordorite.com/,sales-consulting,Burnley,England,UK,10 - 49,"$1,000+",< $25 / hr,,,Ordorite Software Solutions is an Interior Design company. They were established in 2006 and focus on Interior Design and Customer Service Outsourcing. Read more,2026-09-10T03:56:27,,,,,2006.0,"Cross Street Lower Galway , Ireland"
clutch,Wagada Digital,https://clutch.co/profile/wagada-digital,https://www.wagada.co.uk/,sales-consulting,St Albans,England,UK,10 - 49,"$1,000+",$100 - $149 / hr,,,"Marketing Strategy company Wagada Digital is located in St Albans, England and Cheltenham, England. They specialize in Marketing Strategy and Social Media Marketing and were launched in 2011. Read more",2026-09-10T03:56:28,,,,,2011.0,"Second Floor, Old Building, New Barnes Mill, Cottonmill Lane, St Albans , England AL1 2HA"
clutch,Impact Call Centre,https://clutch.co/profile/impact-call-centre,https://impactcallcentre.co.uk,sales-consulting,Romsey,England,UK,50 - 249,,,,,"Impact Call Centre is a Customer Service Outsourcing and Sales Outsourcing company. They are located in Romsey , England. Their team offers Customer Service Outsourcing and Sales Outsourcing. Read more",2026-09-10T03:56:28,,,,,2013.0,"Impact House, Unit 7 Romsey Industrial Estate, Greatbridge Road Romsey , England SO51 0HR"
clutch,The Contact Company,https://clutch.co/profile/contact-company,http://thecontactcompany.co.uk/,sales-consulting,Birkenhead,England,UK,"1,000 - 9,999",,,,20.0,,2026-09-10T03:56:28,,,,,2006.0,"Queensgate, Grange Road East, Birkenhead , England CH41 5FD"
clutch,F9 Marketing,https://clutch.co/profile/f9-marketing,https://f9marketing.com/,sales-consulting,Henley-on-Thames,England,UK,2 - 9,"$1,000+",,,20.0,,2026-09-10T03:56:28,,,,,2016.0,"Newtown Road Henley-on-Thames , England RG9"
clutch,Emerald Chauffeurs,https://clutch.co/profile/emerald-chauffeurs,https://emeraldchauffeurs.com/,sales-consulting,London,England,UK,10 - 49,"$1,000+",$50 - $99 / hr,,,"Emerald Chauffeurs is a Sales Outsourcing company. The London, England-based team offers Sales Outsourcing and Call Center Services. Read more",2026-09-10T03:56:49,,,,,2026.0,"29 A Spencer Road London , England SW18 2SP"
clutch,Inside Global,https://clutch.co/profile/inside-global,https://inside-global.com/,sales-consulting,Liverpool,England,UK,50 - 249,,,,,"Launched in 2010, Inside Global is a Sales Outsourcing company. Their services include Sales Outsourcing and Demand Generation Marketing. Read more",2026-09-10T03:56:49,,,,,2010.0,"82 Wood Street Liverpool , England L1 4DQ"
clutch,Salesforce,https://clutch.co/profile/salesforce-1,https://influcollabs.com/influencers,sales-consulting,London,England,UK,50 - 249,"$5,000+",$300+ / hr,5.0,1.0,"Salesforce offers services including Sales Team Augmentation, Sales Performance Enhancement, and Sales Consulting. Reviews consistently highlight their effective lead generation strategies and timely delivery, with clients particularly impressed by the quality and consistency of the leads generated.",2026-09-10T03:56:49,,,,,2015.0,"70 South Street London , England W1K 1JA"
clutch,Elite Gas Technologies,https://clutch.co/profile/elite-gas-technologies,https://elitegastechnologies.com/,sales-consulting,Stoke-on-Trent,England,UK,50 - 249,,,,,"Elite Gas Technologies is a Manufacturing Consulting company. They focus on Manufacturing Consulting and Sales Outsourcing and are based in Stoke-on-Trent, England. Read more",2026-09-10T03:56:49,,,,,2017.0,"Unit 1, Winghay Close, Longbridge Hayes Industrial Estate Stoke-on-Trent , England ST6 4DU"
clutch,Client PrompX,https://clutch.co/profile/client-prompx,https://client.prompx.com/,sales-consulting,London,England,UK,10 - 49,"$1,000+",,5.0,1.0,"PrompX partners with innovators in 30+ industries from SaaS and Fintech to Professional Services and IT/MSP, to engineer high-value conversations for founders and revenue leaders. Powered by human Read more See all 1 projects",2026-09-10T03:56:49,,,,,2024.0,"20 first way London , England HA9 0PE"
clutch,Kaptain Cabs,https://clutch.co/profile/kaptain-cabs,https://kaptaincabs.com/,sales-consulting,Liverpool,England,UK,50 - 249,"$1,000+",< $25 / hr,,,Customer Service Outsourcing company Kaptain Cabs provides Customer Service Outsourcing and Other Digital Marketing. They were founded in 2024. Read more,2026-09-10T03:56:49,,,,,2024.0,"Great Homer Street L5 3LD Liverpool , England L5 3LD"
clutch,Thaver,https://clutch.co/profile/thaver,https://thaver.co.uk/,sales-consulting,London,England,UK,10 - 49,"$5,000+",$100 - $149 / hr,,,"Thaver, a Business Consulting company, was launched in 2025. The company offers Business Consulting and Corporate Training & Coaching, and is small. Read more",2026-09-10T03:56:49,,,,,2025.0,"192 High road romford London , England RM6 6LU"
clutch,Opal Outsourcing,https://clutch.co/profile/opal-outsourcing,http://opaloutsourcing.co.uk/,sales-consulting,Dudley,England,UK,50 - 249,,,,,"Opal Outsourcing is a Customer Service Outsourcing company. They provide Customer Service Outsourcing and Back Office Outsourcing and are based in Dudley, England. Read more",2026-09-10T03:56:49,,,,,2015.0,"Unit 1 Castlegate Way Dudley , England DY1 4RH"
clutch,Tasker Base,https://clutch.co/profile/tasker-base,https://taskerbase.com,sales-consulting,Glasgow,Scotland,UK,10 - 49,,,,,"Tasker Base is a SMS Marketing company. Their small team of employees is located in Glasgow, Scotland. Their team specializes in SMS Marketing and Search Engine Optimization. Read more",2026-09-10T03:56:49,,,,,2026.0,"26 Walkinshaw Street Glasgow , Scotland G40 3PG"
clutch,Coenzio,https://clutch.co/profile/coenzio,https://www.coenzio.com,sales-consulting,Edgware,England,UK,10 - 49,"$1,000+",,,,"Coenzio is a Sales Outsourcing company. The team is in Edgware, England, and their services include Sales Outsourcing and Email Marketing. Read more",2026-09-10T03:56:49,,,,,2020.0,"14A Freetrade House, 2 Lowther Road, Stanmore, London Edgware , England HA7 1EP"
clutch,CION BPO,https://clutch.co/profile/cion-bpo,https://cion-bpo.com/,sales-consulting,Bedford,England,UK,10 - 49,"$1,000+",< $25 / hr,,,"CION BPO is a Recruitment Process Outsourcing company. The Cape Town, South Africa-based team offers Recruitment Process Outsourcing and Sales Outsourcing. Read more",2026-09-10T03:56:49,,,,,2025.0,"Westminster House, 122a Long Street, Cape Town Cape Town , South Africa 8000"
clutch,CoAgents UK,https://clutch.co/profile/coagents-uk,https://coagents.co.uk/,sales-consulting,London,England,UK,10 - 49,"$1,000+",,,,"CoAgents UK, a small AI Agents company, is based in London, England. Their services include AI Agents and Artificial Intelligence. Read more",2026-09-10T03:56:49,,,,,2025.0,"71 Shelton Street London , England WC2H 9JQ"
clutch,Buzz CX Global,https://clutch.co/profile/buzz-cx-global,https://www.buzzcx.global,sales-consulting,London,England,UK,50 - 249,"$25,000+",$25 - $49 / hr,,,"Buzz CX Global is a Sales Outsourcing company founded in 2023. The team focuses on Sales Outsourcing and Customer Service Outsourcing and is headquartered in London, England. Read more",2026-09-10T03:56:49,,,,,2023.0,"47-51 Great Suffolk Street London , England SE1 0BS"
clutch,Aktyvus Group Limited,https://clutch.co/profile/aktyvus-group,https://www.orbisleads.co.uk,sales-consulting,London,England,UK,10 - 49,,< $25 / hr,,,"Aktyvus Group Limited is a Sales Outsourcing company. Founded in 2024, the agency provides Sales Outsourcing and Marketing Strategy. Read more",2026-09-10T03:56:49,,,,,2024.0,
clutch,Crownline Global,https://clutch.co/profile/crownline-global,https://www.crownlineglobal.co.uk/,sales-consulting,London,England,UK,50 - 249,"$1,000+",< $25 / hr,,,"Crownline Global is a Back Office Outsourcing company based in London, England. Established in 2026, the team focuses on Back Office Outsourcing and Call Center Services. Read more",2026-09-10T03:56:49,,,,,2026.0,"Suite 10816 5 Brayford Square London , England E1 0SG"
clutch,Talent Embassy Limited,https://clutch.co/profile/talent-embassy,http://www.talent-embassy.co.uk,sales-consulting,Peterborough,England,UK,10 - 49,,< $25 / hr,,,"Talent Embassy Limited is a Content Writing Services company. Founded in 2025, the team offers Content Writing Services and IT strategy consulting. The firm is headquartered in Peterborough, Read more",2026-09-10T03:56:49,,,,,2025.0,"4 Blenheim Court, Peppercorn Close Peterborough , England PE1 2DU"
clutch,ClosuraGrowth,https://clutch.co/profile/closuragrowth,https://closura.online/,sales-consulting,London,England,UK,10 - 49,"$5,000+",,,,"ClosuraGrowth is a Sales Outsourcing company launched in 2025. The team offers Sales Outsourcing and CRM consulting and SI and is headquartered in London, England. Read more",2026-09-10T03:56:49,,,,,2025.0,"10 Downing Street London , England SW1A 2AA"
clutch,Confero,https://clutch.co/profile/confero,http://www.confero.co.uk,sales-consulting,Wembley,England,UK,10 - 49,"$1,000+",< $25 / hr,,,"Confero, a call center, is located in Wembley, England and London, England. Their services include Call Center Services and Customer Service Outsourcing. Read more",2026-09-10T03:56:49,,,,,2001.0,"No. 1 Olympic Way Wembley , England HA9 0NP London , England 333 Edgware Road Colindale NW9 6TD"
clutch,CAYK Marketing Inc.,https://clutch.co/profile/cayk-marketing,https://www.cayk.ca/?utm_source=clutch.co&utm_medium=referral&utm_campaign=ca-agencies-digital-marketing,digital-marketing,Calgary,Canada,CA,10 - 49,"$1,000+",$100 - $149 / hr,4.9,38.0,"CAYK Marketing Inc. is a comprehensive digital marketing agency specializing in SEO, content creation, brand development, and advertising strategies. The company receives overwhelmingly positive feedback, with an emphasis on their exceptional project management and responsiveness. Clients appreciate",2026-09-10T11:28:00,https://www.linkedin.com/company/caykmarketing,https://www.facebook.com/caykmarketing/,https://twitter.com/caykinc/,https://www.instagram.com/cayk.marketing/,2000.0,"438 11 Avenue Southeast Calgary , Canada T2G 0Y4"
clutch,1 At Bat Media,https://clutch.co/profile/1-bat-media,https://www.1atbatmedia.com?utm_source=clutch.co&utm_medium=referral&utm_campaign=ca-agencies-digital-marketing,digital-marketing,Toronto,Canada,CA,10 - 49,"$5,000+",$100 - $149 / hr,5.0,16.0,"1 At Bat Media is a digital marketing agency specializing in comprehensive e-commerce solutions, including social media marketing, email marketing, and web development. Reviews highlight their exceptional project management, responsiveness, and the ability to integrate seamlessly with client teams. ",2026-09-10T11:28:00,https://www.linkedin.com/company/1atbatmedia/,https://www.facebook.com/1atbatmedia/,,https://www.instagram.com/1atbatmedia/,2018.0,"40 King St W, 41st Floor Toronto , Canada M5H 3Y2"
clutch,BrandLume Inc.,https://clutch.co/profile/brandlume,https://brandlume.com/?utmsource=clutch.co&utm_medium=referral&utm_campaign=ca-agencies-digital-marketing,digital-marketing,Toronto,Canada,CA,50 - 249,"$1,000+",$50 - $99 / hr,5.0,83.0,"BrandLume Inc. is a multifaceted digital marketing agency specializing in website development, SEO, and branding services. Across their reviews, 100% of clients praised their professionalism, communication, and ability to deliver on time, often exceeding expectations. Clients consistently emphasized",2026-09-10T11:28:00,https://www.linkedin.com/company/brandlume-inc/about/,https://www.facebook.com/BrandLume.Inc,https://twitter.com/brandlume,https://www.instagram.com/brandlume.inc/,2011.0,"91 Oxford Street, Toronto , Canada M5T 1P2"
clutch,Konstruct Digital,https://clutch.co/profile/konstruct-digital,https://www.konstructdigital.com/?utm_source=clutch.co&utm_medium=referral&utm_campaign=ca-agencies-digital-marketing,digital-marketing,Calgary,Canada,CA,10 - 49,"$5,000+",$150 - $199 / hr,4.9,70.0,"Konstruct Digital is a digital marketing agency specializing in SEO, website development, and digital advertising strategies. They consistently receive positive feedback, with clients praising their strategic insight, responsiveness, and effective project management. Approximately 90% of reviewers h",2026-09-10T11:28:00,https://www.linkedin.com/company/konstruct-digital,https://www.facebook.com/konstructdigital/,https://twitter.com/KonstructDigi,https://www.instagram.com/konstructdigital/,2012.0,"#302 1235 26 Ave SE Calgary , Canada T2G 1R7"
clutch,Search Engine People,https://clutch.co/profile/search-engine-people,https://www.searchenginepeople.com/?utm_source=clutch.co&utm_medium=referral&utm_campaign=ca-agencies-digital-marketing,digital-marketing,Toronto,Canada,CA,50 - 249,"$1,000+",$150 - $199 / hr,4.9,56.0,"Search Engine People is a digital marketing agency specializing in SEO, Google Ads, and website optimization services. The company consistently receives positive feedback, impressing clients with its expertise, professionalism, and effective communication, which results in measurable success such as",2026-09-10T11:28:00,https://www.linkedin.com/company/search-engine-people/,https://www.facebook.com/searchenginepeople/,https://twitter.com/senginepeople,https://www.instagram.com/searchenginepeople/,2001.0,"2 Bloor Street East, Suite 3500 Toronto , Canada M4W 1A8"
clutch,Social Media 55,https://clutch.co/profile/social-media-55,https://www.socialmedia55.com/?utm_source=clutch.co&utm_medium=referral&utm_campaign=directory,digital-marketing,Montreal,Canada,CA,10 - 49,"$1,000+",$100 - $149 / hr,5.0,80.0,"Social Media 55 is a digital marketing agency specializing in social media management, SEO, and digital marketing strategies. Across numerous reviews, 100% of clients praised their exceptional service, timely project delivery, and strategic, results-oriented approach. Many highlighted their professi",2026-09-10T11:28:00,https://www.linkedin.com/company/socialmedia55,https://www.facebook.com/socialmedia55mtl,https://twitter.com/sm55inc,https://instagram.com/socialmedia55,2014.0,"1200 Avenue McGill College #1100 Montreal , Canada H3B 4G7"
clutch,Let's Get Optimized,https://clutch.co/profile/lets-get-optimized,https://letsgetoptimized.com/?utm_source=clutch.co&utm_medium=referral&utm_campaign=ca-agencies-digital-marketing,digital-marketing,Toronto,Canada,CA,10 - 49,"$1,000+",$100 - $149 / hr,5.0,32.0,"Let's Get Optimized is an SEO agency renowned for its data-driven, personalized approach to search engine optimization, digital marketing, and social media marketing. With a 100% positive feedback rate, clients consistently praise the company's exceptional project management, effective communication",2026-09-10T11:28:00,https://www.linkedin.com/company/canadaseo/,https://www.facebook.com/SMBSEOCanada,https://twitter.com/SMBSEOCanada,https://www.instagram.com/letsgetoptimized/,2007.0,"80 Bloor St W #411 Toronto , Canada M5S 2V1"
clutch,dNOVO - Digital Marketing & SEO Agency,https://clutch.co/profile/dnovo-digital-marketing-seo-agency,https://dnovogroup.com/,digital-marketing,Toronto,Canada,CA,10 - 49,"$5,000+",$150 - $199 / hr,5.0,66.0,"dNOVO - Digital Marketing & SEO Agency is a comprehensive digital marketing firm offering services such as SEO, Google Ads, and web optimization. Feedback from reviews is overwhelmingly positive, with approximately 90% of reviewers highlighting the agency's adaptability and customer-oriented approac",2026-09-10T11:28:00,https://www.linkedin.com/company/dnovo-group-digital-marketing-seo-agency/,https://www.facebook.com/dNOVOGroup,https://x.com/dnovogroupseo,https://www.instagram.com/dnovogroup/,2011.0,"82 Scollard Street Suite B Toronto , Canada M5R 1G2"
clutch,Webtmize,https://clutch.co/profile/webtmize,https://www.webtmize.com/?utm_source=clutch&utm_medium=referral&utm_campaign=directory,digital-marketing,Montréal,Canada,CA,10 - 49,"$1,000+",$100 - $149 / hr,4.7,12.0,"Webtmize is a digital marketing agency specializing in performance marketing, social media, SEO, and PPC services. The company consistently receives positive feedback, with approximately 90% of reviewers highlighting their professionalism, responsiveness, and strategic approach. Clients commend Webt",2026-09-10T11:28:00,https://www.linkedin.com/company/webtmize/,https://www.facebook.com/webtmize,https://twitter.com/Webtmize,,2015.0,"280 Rue Saint Zotique O Montréal , Canada H2V 1A3"
clutch,Out Origin,https://clutch.co/profile/out-origin-0,https://outorigin.com/?utm_source=clutch.co&utm_medium=referral&utm_campaign=directory,digital-marketing,Edmonton,Canada,CA,10 - 49,"$1,000+",$50 - $99 / hr,4.8,51.0,"Out Origin is a comprehensive digital marketing and web development company specializing in local SEO, PPC campaign management, and custom web solutions. The company has received predominantly positive feedback, with approximately 89% of reviews highlighting their expertise and commitment to achievi",2026-09-10T11:28:00,https://www.linkedin.com/company/outorigin,https://www.facebook.com/Outorigin/,https://twitter.com/outorigin,https://www.instagram.com/out_origin/,2014.0,"9655 49 Avenue Northwest Edmonton , Canada T6E 5Z5"
clutch,Longhouse Branding & Marketing,https://clutch.co/profile/longhouse-branding-marketing,https://www.longhouse.co,digital-marketing,Langley,Canada,CA,10 - 49,"$1,000+",$100 - $149 / hr,4.9,37.0,"Longhouse Branding & Marketing is a full-service digital marketing and branding agency that specializes in website development, SEO optimization, and digital marketing strategies. The company consistently receives high praise for its professionalism, effective communication, and timely project deliv",2026-09-10T11:28:00,https://www.linkedin.com/company/longhouseteam/,https://www.facebook.com/longhouseconsulting/,https://twitter.com/longhousecanada,https://www.instagram.com/longhouseteam/,2018.0,"20226 Fraser Highway Langley , Canada V3A 4E6"
clutch,Search + Gather,https://clutch.co/profile/search-gather,https://searchandgather.co/?utm_source=clutch_organic&utm_medium=clutch&utm_campaign=clutch&utm_term=clutch&utm_content=profile,digital-marketing,Toronto,Canada,CA,10 - 49,"$5,000+",$150 - $199 / hr,4.9,30.0,"Search + Gather is a digital marketing agency specializing in performance marketing, SEO, media planning, and creative development. With a formidable reputation, they consistently receive positive feedback, with over 90% of reviewers praising their strategic insights, project management efficiency, ",2026-09-10T11:28:00,,https://www.facebook.com/searchandgather/,https://twitter.com/searchandgather,https://www.instagram.com/searchgather/,2016.0,"20 Maud Street Toronto , Canada M5V 2M5"
clutch,ATRIUM,https://clutch.co/profile/atrium-1,https://atriumdigital.com/top-agency-on-clutch-lp?utm_source=clutch.co&utm_medium=referral&utm_campaign=ca-agencies-digital-marketing,digital-marketing,Edmonton,Canada,CA,10 - 49,"$1,000+",$100 - $149 / hr,4.8,30.0,"ATRIUM is a digital marketing agency specializing in services such as SEO, PPC, website development, and social media marketing. The agency has received predominantly positive feedback, with approximately 90% of clients praising its structured project management and responsive communication. Notably",2026-09-10T11:28:00,https://www.linkedin.com/company/atrium-digital-inc/,https://www.facebook.com/atriumdigitalinc,https://twitter.com/AtriumDigital/,https://www.instagram.com/atriumdigitalinc/,2000.0,"10250–82 Street Edmonton , Canada T6A 3M3"
clutch,YEG Digital,https://clutch.co/profile/yeg-digital,https://yegdigital.com/seo/,digital-marketing,Edmonton,Canada,CA,10 - 49,"$1,000+",$100 - $149 / hr,5.0,24.0,"YEG Digital is a web design and SEO company that provides tailored solutions for businesses seeking to enhance their online presence. The company is praised for its effective project management, with 100% of reviews highlighting timely delivery and strong communication. Additionally, 80% of clients ",2026-09-10T11:28:00,https://linkedin.com/company/yegdigital,https://www.facebook.com/yegdigital,https://twitter.com/yegdigital,https://www.instagram.com/yegdigital/,2017.0,"10665 Jasper Ave Suite 1400 Edmonton , Canada T5J 3S3"
clutch,Volterra,https://clutch.co/profile/volterra,https://volterradigital.com/clutch/,digital-marketing,Toronto,Canada,CA,10 - 49,"$1,000+",$150 - $199 / hr,5.0,24.0,"Volterra is a social media and digital marketing agency that excels in delivering tailored social media strategies, content development, and brand amplification. Multiple reviews emphasize their expertise, with 100% of clients noting their professionalism and responsiveness. Their project management",2026-09-10T11:28:00,https://www.linkedin.com/company/volterradigital/,https://www.facebook.com/VolterraSocialMedia/,http://twitter.com/volterradigital,https://www.instagram.com/volterradigital/,2007.0,"Toronto , Canada"
clutch,Page Zero Media,https://clutch.co/profile/page-zero-media,http://www.pagezero.com?utm_source=clutch.co&utm_medium=referral&utm_campaign=ca-agencies-digital-marketing,digital-marketing,Toronto,Canada,CA,10 - 49,"$25,000+",,5.0,15.0,"Page Zero Media is a digital marketing agency specializing in PPC, SEO, and programmatic advertising, serving a diverse clientele. Their reviews are overwhelmingly positive, with 100% praising their professionalism, responsiveness, and deep expertise. Clients consistently highlight their effective m",2026-09-10T11:28:00,https://www.linkedin.com/company/page-zero-media/,,,,2001.0,"130 Queens Quay East, Suite 1002 Toronto , Canada M5A 0P6"
clutch,SEO Team Toronto,https://clutch.co/profile/seo-team-toronto,https://www.seoteamtoronto.ca/?utm_source=clutch.co&utm_medium=referral&utm_campaign=directory,digital-marketing,Toronto,Canada,CA,10 - 49,"$1,000+",$100 - $149 / hr,5.0,4.0,"SEO Team Toronto is an SEO agency specializing in enhancing online visibility and search engine performance. Across reviews, clients commend their effective project management, with 100% noting their timeliness and responsive communication. Approximately 67% of reviewers highlight significant growth",2026-09-10T11:28:00,https://www.linkedin.com/company/112880618/admin/dashboard/,,,,2018.0,"60 Bloor Street West Toronto , Canada M4W 3G8"
clutch,AdTribe,https://clutch.co/profile/adtribe,https://adtribe.com/?utm_source=clutch.co&utm_medium=referral&utm_campaign=ca-agencies-digital-marketing,digital-marketing,Toronto,Canada,CA,10 - 49,"$1,000+",$25 - $49 / hr,5.0,32.0,"AdTribe is a digital marketing agency specializing in media buying, social media marketing, and PPC services, focusing on platforms like Meta and Google Ads. They receive overwhelmingly positive feedback, with approximately 90% of reviewers praising their project management, responsiveness, and stra",2026-09-10T11:28:00,https://www.linkedin.com/company/adtribe/,https://www.facebook.com/adtribe.media/,,https://www.instagram.com/adtribe_agency/,2018.0,"20 Camden Street, Suite 200 Toronto , Canada M5V 1V1"
clutch,Hotspex Media,https://clutch.co/profile/hotspex-media,https://www.hotspexmedia.com/contact-us?utm_source=clutch.co&utm_medium=referral&utm_campaign=directory,digital-marketing,Toronto,Canada,CA,10 - 49,"$50,000+",$150 - $199 / hr,4.9,16.0,"Hotspex Media is a comprehensive digital marketing agency offering omnichannel digital and traditional media services, including SEO, social media, and paid advertising. Reviews indicate a high level of client satisfaction, with approximately 90% of reviewers praising their strategic insights, proje",2026-09-10T11:28:00,https://www.linkedin.com/company/hotspex-media-ads,,https://www.twitter.com/hotspexmedia,https://www.instagram.com/hotspex.media/,2013.0,"40 Eglinton Ave E, Unit 802 Toronto , Canada M4P 3A2"
clutch,Choice OMG,https://clutch.co/profile/choice-omg,https://www.choice.marketing/?utm_source=clutch.co&utm_medium=referral&utm_campaign=directory,digital-marketing,Edmonton,Canada,CA,10 - 49,"$1,000+",$100 - $149 / hr,4.9,12.0,"Choice OMG is a digital marketing agency specializing in website design, development, SEO, and PPC management. Reviewers consistently highlight their outstanding customer service, effective communication, and timely project delivery. Approximately 90% of reviews praise their efficiency and client-fo",2026-09-10T11:28:00,https://www.linkedin.com/company/choiceomg,https://www.facebook.com/choiceomg/,https://x.com/ChoiceOMG,https://www.instagram.com/choiceomg/,2010.0,"8739 53 Ave NW Edmonton , Canada T6E 5E9"
clutch,Brand Vision,https://clutch.co/profile/brand-vision-1,https://www.brandvm.com/,digital-marketing,Montréal,Canada,CA,10 - 49,"$10,000+",$100 - $149 / hr,5.0,65.0,"Brand Vision is a branding and web design agency renowned for its expertise in creating cohesive brand identities and websites. They consistently deliver high-quality, customized solutions for diverse industries, evident from 100% positive reviews. Clients commend their flexibility, attention to det",2026-09-10T11:28:00,https://www.linkedin.com/company/brandvm,https://www.facebook.com/brandvisionm,https://x.com/brandvmofficial,https://www.instagram.com/brandvisionofficial/,2018.0,"30 North Michigan Avenue Chicago , IL , United States 60602"
clutch,Adster Creative,https://clutch.co/profile/adster-creative,https://www.adster.ca/,digital-marketing,Edmonton,Canada,CA,10 - 49,"$1,000+",$150 - $199 / hr,5.0,18.0,"Adster Creative is a distinguished digital marketing agency specializing in SEO, Google Ads, and website optimization. With consistently positive feedback, 100% of reviewers commend their knowledgeable staff, effective project management, and impressive customer service. The agency is praised for it",2026-09-10T11:28:00,https://www.linkedin.com/company/adster-creative,https://www.facebook.com/adstercreative/,https://twitter.com/adstercreative,https://www.instagram.com/adstercreativeinc/,2009.0,"9816A 44 Ave NW Edmonton , Canada T6E 5E5"
clutch,Takt,https://clutch.co/profile/takt-0,http://takt.inc?utm_source=clutch.co&utm_medium=referral&utm_campaign=ca-agencies-digital-marketing,digital-marketing,Vancouver,Canada,CA,10 - 49,"$25,000+",$200 - $300 / hr,5.0,32.0,"Takt is a versatile digital agency specializing in web design, development, and branding. With a focus on delivering comprehensive digital solutions, Takt's clients commend the company's project management, organization, and commitment to aligning with client values and needs. Impressively, 100% of ",2026-09-10T11:28:00,https://www.linkedin.com/company/takt-inc,https://www.facebook.com/taktventures,,https://www.instagram.com/takt.agency,2012.0,"503 - 134 Abbott Street Vancouver , Canada V6B 2K4"
clutch,Consultus Digital,https://clutch.co/profile/consultus-digital,https://www.consultusdigital.com?utm_source=clutch.co&utm_medium=referral,digital-marketing,Toronto,Canada,CA,10 - 49,"$1,000+",$150 - $199 / hr,4.4,9.0,"Consultus Digital is a multi-faceted digital marketing agency offering services such as lead generation, website development, SEO, and advertising campaign management. The company is praised for its responsiveness, creative problem-solving, and dedication to client success, with 87.5% of reviews hig",2026-09-10T11:28:00,https://www.linkedin.com/company/consultus-digital,https://www.facebook.com/ConsultusDigi/,https://twitter.com/Consultusdigi,https://www.instagram.com/consultusdigi/,2017.0,"136 Geary Avenue, Unit 109 Toronto , Canada M6H 4H1"
clutch,Set2Close,https://clutch.co/profile/set2close,https://action.set2close.io/complimentary-revops-strategy-session-hubspot-audit/?utm_source=clutch.co&utm_medium=referral&utm_campaign=directory,digital-marketing,kamloops,Canada,CA,10 - 49,"$5,000+",$200 - $300 / hr,5.0,102.0,"Set2Close is a consultancy firm specializing in CRM solutions and HubSpot implementations. Their reviews reflect a strong emphasis on personalized support and expertise, with 100% positive feedback highlighting their knowledge, organization, and ability to tailor services to clients' needs. Clients ",2026-09-10T11:28:00,https://linkedin.com/company/set-2-close,https://www.facebook.com/Set2Close/,https://x.com/set2close,https://www.instagram.com/set2close/,2021.0,"Rue Cheval Noir kamloops , Canada V0K"
clutch,Purple Sales,https://clutch.co/profile/purple-sales,http://www.mypurplesales.com/?utm_source=clutch.co&utm_medium=referral&utm_campaign=directory,digital-marketing,Toronto,Canada,CA,10 - 49,"$10,000+",$50 - $99 / hr,4.7,25.0,"Purple Sales is a B2B lead generation and sales support company with expertise in managing sales pipelines, optimizing CRM systems, and developing sales strategies. Across their reviews, 100% of clients appreciated their timely delivery and effective communication. Notably, 70% highlighted their fle",2026-09-10T11:28:00,https://www.linkedin.com/company/mypurplesales,,,,2017.0,"1655 Dupont Street, Suite #101 Toronto , Canada M6P 3T1"
clutch,Page Pros - Local SEO Agency,https://clutch.co/profile/page-pros-local-seo-agency,https://www.pagepros.io/?utm_source=clutch.co&utm_medium=referral&utm_campaign=directory,digital-marketing,Toronto,Canada,CA,10 - 49,"$1,000+",$50 - $99 / hr,4.8,38.0,"Page Pros - Local SEO Agency is an SEO agency specializing in enhancing Google search rankings and optimizing local search visibility. Their services consistently receive positive feedback, as 87.5% of reviews highlight improved search rankings and increased client inquiries. Clients commend their r",2026-09-10T11:28:00,https://www.linkedin.com/company/page-pros-inc/,https://www.facebook.com/pagepros/,https://twitter.com/pageprosio,https://www.instagram.com/pagepros.io/,2021.0,"80 Atlantic Avenue - 4th Floor Toronto , Canada M6K 1X9"
clutch,Growth Hacker,https://clutch.co/profile/growth-hacker-0,https://www.growth-hacker.ca?utm_source=clutch.co&utm_medium=referral&utm_campaign=ca-agencies-digital-marketing,digital-marketing,Montréal,Canada,CA,10 - 49,"$5,000+",$100 - $149 / hr,4.9,26.0,"Growth Hacker is an SEO agency specializing in improving organic traffic, search rankings, and overall online visibility for businesses across various industries. They consistently receive positive feedback, with reviewers praising their initiative, motivation, and transparency. Approximately 100% o",2026-09-10T11:28:00,https://www.linkedin.com/company/92462427/admin/dashboard/,,,https://www.instagram.com/growthhacker_marketing/,2017.0,"3460 Rue Redpath Montréal , Canada H3G 2G3"
clutch,Kinex Media,https://clutch.co/profile/kinex-media,https://www.kinexmedia.com/?utm_source=clutch.co&utm_medium=referral&utm_campaign=directory,digital-marketing,Mississauga,Canada,CA,50 - 249,"$5,000+",$100 - $149 / hr,5.0,12.0,"Kinex Media is a web development and digital marketing company known for its comprehensive services, including website design, development, SEO, PPC, and social media marketing. Across their reviews, 100% of clients praised their project management skills and commitment to client satisfaction. Notab",2026-09-10T11:28:00,https://ca.linkedin.com/company/kinex-media,https://www.facebook.com/kinexmedia/,https://twitter.com/KinexMedia,https://www.instagram.com/kinexmedia/,2008.0,"25 Watline Avenue, Suite 302 Mississauga , Canada L4Z 2Z1"
clutch,Interconnections,https://clutch.co/profile/interconnections,https://www.theinterconnections.com?utm_source=clutch.co&utm_medium=referral&utm_campaign=ca-agencies-digital-marketing,digital-marketing,Oakville,Canada,CA,10 - 49,"$1,000+",$100 - $149 / hr,4.9,9.0,"Interconnections is a comprehensive digital marketing agency specializing in PPC advertising, email marketing, social media campaigns, and website development. Across the reviews, 100% of clients praise their expertise, professionalism, and ability to deliver measurable results. However, some sugges",2026-09-10T11:28:00,https://www.linkedin.com/company/theinterconnections/,,,https://www.instagram.com/theinterconnections/,2016.0,"320 North Service Road West Oakville , Canada L6M 0H4"
clutch,OMNI AGENCY,https://clutch.co/profile/omni-agency,https://www.omniagency.ca/schedule-call-page/?utm_source=clutch.co&utm_medium=referral&utm_campaign=ca-agencies-digital-marketing,digital-marketing,Toronto,Canada,CA,10 - 49,"$10,000+",$100 - $149 / hr,4.9,29.0,"OMNI AGENCY is a digital marketing company specializing in social media strategy, influencer marketing, and paid media campaigns. The company is highly praised for its professionalism, responsiveness, and innovative approaches, with 100% of reviewers expressing satisfaction. Notably, 86% of reviewer",2026-09-10T11:28:00,https://www.linkedin.com/company/omni-digital-experience-agency,https://www.facebook.com/omnidigitalagency,https://x.com/omni_agency,,2018.0,"570 Bay Street Toronto , Canada M5G 0B2"
clutch,MeDM,https://clutch.co/profile/medm,https://www.medm.ca/b2b-and-industrial-marketing/?utm_source=clutch.co&utm_medium=referral&utm_campaign=ca-agencies-digital-marketing,digital-marketing,Calgary,Canada,CA,10 - 49,"$10,000+",$150 - $199 / hr,5.0,25.0,"MeDM is an integrated marketing and web development company, specializing in branding, web design, social media strategy, and graphic design. Reviews indicate a highly professional and creative team that efficiently manages projects, consistently meeting or exceeding deadlines. Approximately 90% of ",2026-09-10T11:28:00,https://www.linkedin.com/company/medm-agency/,https://www.facebook.com/medmagency/,,https://www.instagram.com/medm.ca/,2011.0,"104 – 1240 Kensington Rd. NW, Suite 323 Calgary , Canada T2N 3P7"
clutch,Pound & Grain,https://clutch.co/profile/pound-grain,https://poundandgrain.com/?utm_source=clutch.co&utm_medium=referral&utm_campaign=ca-agencies-digital-marketing,digital-marketing,Vancouver,Canada,CA,10 - 49,"$10,000+",$150 - $199 / hr,5.0,11.0,"Pound & Grain is a digital marketing agency known for its comprehensive range of services, including branding, advertising, and digital media management. The company consistently receives positive feedback, with 100% of reviewers praising its project management, creativity, and ability to deliver re",2026-09-10T11:28:00,https://www.linkedin.com/company/pound-&-grain/,,https://twitter.com/poundandgrain,https://www.instagram.com/poundandgrain/,2010.0,"34 West 7th Avenue Vancouver , Canada V5Y 1L6"
clutch,Doodle Web,https://clutch.co/profile/doodle-web,https://doodleweb.io/?utm_source=clutch.co&utm_medium=referral&utm_campaign=directory,digital-marketing,Surrey,Canada,CA,10 - 49,"$5,000+",$50 - $99 / hr,5.0,7.0,"Doodle Web is a web development company renowned for its expertise in website design, development, and optimization using platforms like HubSpot and WordPress. The reviews indicate a high level of satisfaction, with over 90% of the feedback being positive, highlighting their efficiency, strong commu",2026-09-10T11:28:00,https://www.linkedin.com/company/doodle-web/,https://www.facebook.com/doodlewebinc,,https://www.instagram.com/doodlewebinc,2019.0,"701 5th Avenue Seattle , WA , United States 98104"
clutch,9thCO Inc.,https://clutch.co/profile/9thco,https://www.9thco.com/,digital-marketing,Toronto,Canada,CA,10 - 49,"$10,000+",$150 - $199 / hr,4.9,10.0,"9thCO Inc. is a versatile digital agency specializing in web design, web development, SEO, and custom software solutions. Reviews reflect a 100% positive sentiment, with clients consistently praising their strategic expertise, strong communication, and collaborative approach. Approximately 50% of re",2026-09-10T11:28:00,https://www.linkedin.com/company/9thco/,,,,2013.0,"96 Spadina Ave, Suite 501 Toronto , Canada M5V 2J6"
clutch,Webistry,https://clutch.co/profile/webistry,https://webistry.com?utm_source=clutch.co&utm_medium=referral&utm_campaign=directory,digital-marketing,Montréal,Canada,CA,10 - 49,"$10,000+",$150 - $199 / hr,4.9,30.0,"Webistry is an advertising and digital marketing agency specializing in paid media strategies, PPC campaigns, and bespoke marketing solutions. With a 100% positive feedback rate, clients consistently commend Webistry for their tailored strategies, personalized service, and effective project manageme",2026-09-10T11:28:00,https://linkedin.com/company/webistry,https://facebook.com/webistry/,https://twitter.com/webistryhq,,2012.0,"1350 Rue Mazurette, Suite 318 Montréal , Canada H4N 1H2"
clutch,Pixelcarve Inc.,https://clutch.co/profile/pixelcarve,https://pixelcarve.com/?utm_source=clutch.co&utm_medium=referral,digital-marketing,Toronto,Canada,CA,10 - 49,"$25,000+",$150 - $199 / hr,5.0,6.0,"Pixelcarve Inc. is a web development company specializing in creating world-class websites with a strong emphasis on aesthetics and functionality. Reviews reflect a 100% positive sentiment, highlighting their exceptional project management, responsiveness, and ability to exceed expectations. Approxi",2026-09-10T11:28:00,https://www.linkedin.com/company/pixelcarve-inc-/,https://www.facebook.com/pixelcarve,https://twitter.com/pixelcarve,,1998.0,"96 Spadina Avenue, Suite 304 Toronto , Canada M5V 2J6"
clutch,Twenty West Media,https://clutch.co/profile/twenty-west-media,https://twentywestmedia.com/?utm_source=clutch.co&utm_medium=referral&utm_campaign=directory,digital-marketing,Kirkland,Canada,CA,10 - 49,"$1,000+",$50 - $99 / hr,5.0,11.0,"Twenty West Media is a digital marketing and web development company excelling in SEO, social media marketing, and website design. With consistently high ratings and clients praising their professionalism, responsiveness, and strategic approach, 100% of reviews highlight their timely delivery and ad",2026-09-10T11:28:00,https://www.linkedin.com/company/twenty-west-west,https://www.facebook.com/twentywestmedia,https://x.com/twentywestmedia,https://www.instagram.com/twentywestagency,2013.0,"3551 St Charles Blvd Kirkland , Canada H9H 4S3"
clutch,Measure Marketing Results Inc.,https://clutch.co/profile/measure-marketing-results,https://measuremarketing.com/?utm_source=clutch.co&utm_medium=referral,digital-marketing,Toronto,Canada,CA,10 - 49,"$1,000+",$100 - $149 / hr,4.9,10.0,"Measure Marketing Results Inc. is a digital marketing agency specializing in SEO, paid media, and marketing strategy. Reviews indicate a 100% positive feedback rate, highlighting their strategic depth, proactive approach, and ability to deliver results. Approximately 70% of reviewers emphasize their",2026-09-10T11:28:00,https://www.linkedin.com/company/measure-marketing-results-inc-/,https://www.facebook.com/MeasureMarketing,,https://www.instagram.com/measuremarketing/,2008.0,"2 Bloor St E Suite 3500 Toronto , Canada M4W 1A8"
clutch,HOMESHOWOFF INC,https://clutch.co/profile/homeshowoff,http://homeshowoff.com/?utm_source=clutch.co&utm_medium=referral&utm_campaign=directory,digital-marketing,Vaughan,Canada,CA,10 - 49,"$5,000+",$100 - $149 / hr,5.0,3.0,"HOMESHOWOFF INC is a digital marketing company specializing in web design, SEO, and online branding, particularly for contractors. Reviews highlight their deep industry knowledge, strong project management, and commitment to client success. With a 100% satisfaction rate, clients commend their tailor",2026-09-10T11:28:00,https://ca.linkedin.com/company/homeshowoff,https://www.facebook.com/HomeShowoff/,https://twitter.com/homeshowoff,https://www.instagram.com/homeshowoff/,2017.0,"9000 Keele St #5 Vaughan , Canada L4K 0B3"
clutch,OptiWeb Marketing,https://clutch.co/profile/optiweb-marketing,https://www.optiwebmarketing.ca/,digital-marketing,Mont-Royal,Canada,CA,10 - 49,"$5,000+",$100 - $149 / hr,4.8,6.0,"OptiWeb Marketing is a digital marketing agency specializing in SEO, website development, and online presence enhancement. The company receives predominantly positive feedback, with clients praising their timely delivery, excellent communication, and expertise in SEO, driving significant improvement",2026-09-10T11:28:00,https://www.linkedin.com/company/optiweb-marketing/,https://www.facebook.com/optiwebmarketing/,https://twitter.com/optiwebmkting,https://www.instagram.com/optiwebmkting,2010.0,"8500 Boulevard Décarie Mont-Royal , Canada H4P 2N2"
clutch,DMT Business Development,https://clutch.co/profile/dmt-business-development,https://dmtcorp.io/from-clutch/?utm_source=clutch.co&utm_medium=referral&utm_campaign=ca-agencies-digital-marketing,digital-marketing,Ottawa,Canada,CA,50 - 249,"$1,000+",$25 - $49 / hr,5.0,79.0,"DMT Business Development is a lead generation and sales development company that focuses on building qualified sales pipelines and setting appointments. Across all reviews, 100% of clients praised their expertise, responsive communication, and effective project management. They consistently deliver ",2026-09-10T11:28:00,https://www.linkedin.com/company/dmtcorp,https://www.facebook.com/people/dmt-business-development/61552967882928/,https://x.com/dmt_corp,https://www.instagram.com/dmt_corp/,2018.0,"754 Devario Cres Ottawa , Canada K2J 6H3"
clutch,Top Virtual Assistant,https://clutch.co/profile/top-virtual-assistant,https://topvirtualassistant.pro,digital-marketing,Toronto,Canada,CA,50 - 249,"$1,000+",,5.0,72.0,"Top Virtual Assistant is a company specializing in virtual administrative support, offering services such as call handling, scheduling, and customer communication management. Their clients, including businesses in towing, renovation, and nonprofits, consistently praise their professionalism, reliabi",2026-09-10T11:28:00,https://www.linkedin.com/company/t-virtual-assistant/,,,,2020.0,"1700 Market Street Philadelphia , PA , United States 19103"
clutch,Equinox Dynamics LDA,https://clutch.co/profile/equinox-dynamics-lda,https://www.equinox.company/?utm_source=clutch.co&utm_medium=referral&utm_campaign=directory,digital-marketing,Montréal,Canada,CA,10 - 49,"$5,000+",$50 - $99 / hr,5.0,62.0,"Equinox Dynamics LDA is a specialized SEO agency that delivers comprehensive search engine optimization services, focusing on both traditional and AI-driven platforms. The company is highly regarded for its strategic SEO consulting and technical expertise, with over 90% of reviews praising its abili",2026-09-10T11:28:00,https://www.linkedin.com/company/equinox-company,https://www.facebook.com/equinox.ua,https://x.com/MykhailoSytnyk9,https://www.instagram.com/equinox.dynamics.lda/,2017.0,"Rua Senhora do Álamo 29 Esgueira , Portugal"
clutch,Matrix Bricks,https://clutch.co/profile/matrix-bricks,https://www.matrixbricks.com/?utm_source=clutch.co&utm_medium=referral&utm_campaign=directory,digital-marketing,Vancouver,Canada,CA,10 - 49,"$1,000+",$25 - $49 / hr,4.8,38.0,"Matrix Bricks is a digital marketing and web development firm specializing in services such as SEO, website development, and social media marketing. Their reviews highlight an impressive 100% satisfaction rate, with clients frequently praising their adherence to timelines, project management skills,",2026-09-10T11:28:00,https://www.linkedin.com/company/matrix-bricks-infotech/,https://facebook.com/matrixbricks,https://twitter.com/matrixbricks,https://www.instagram.com/matrixbricksinfotech/,2011.0,"708, Rupa Solitaire, Millenium Business Park, Mahape Mumbai , India 400710"
clutch,INSIDEA,https://clutch.co/profile/insidea,https://insidea.com/?utm_source=clutch.co&utm_medium=referral&utm_campaign=directory,digital-marketing,Toronto,Canada,CA,50 - 249,"$1,000+",$50 - $99 / hr,5.0,65.0,"INSIDEA is a CRM implementation and digital marketing company known for its strong expertise in HubSpot integration, SEO, and website redesign. Across various reviews, they consistently receive positive feedback for their flexibility, responsiveness, and professionalism, with approximately 90% of re",2026-09-10T11:28:00,https://www.linkedin.com/company/insidea/,https://www.facebook.com/InsideaOfficial/,https://x.com/InsideaOfficial,https://www.instagram.com/insideaofficial/,2022.0,"8 The Green Dover , DE , United States 19901"
clutch,WiserBrand,https://clutch.co/profile/wiserbrand,https://wiserbrand.com/?utm_source=clutch.co&utm_medium=referral,digital-marketing,Ottawa,Canada,CA,50 - 249,"$10,000+",$100 - $149 / hr,4.9,16.0,"WiserBrand is a versatile digital services company specializing in eCommerce development, SEO, web design, and digital marketing. Their reviews indicate a strong emphasis on culture fit, technical prowess, and proactive project management, with 100% positive feedback on timeliness and communication.",2026-09-10T11:28:00,https://www.linkedin.com/company/wiser-brand/,https://www.facebook.com/WiserBrand/,https://twitter.com/WiserBrand,https://www.instagram.com/wiserbrand/,2015.0,"4th floor, 1120 6th Ave New York , NY , United States 10036"
clutch,Ignite Digital,https://clutch.co/profile/ignite-digital,https://ignitedigital.com/increasing-your-brand-in-seo-lp-clutch/?utm_source=clutch&utm_medium=banner&utm_campaign=clutch_profile,digital-marketing,Mississauga,Canada,CA,10 - 49,"$1,000+",$50 - $99 / hr,,20.0,,2026-09-10T11:28:00,https://www.linkedin.com/company/ignite-digital-canada/,https://www.facebook.com/ignitedigitalcanada,https://twitter.com/ignitedigitalca,https://www.instagram.com/ignitedigitalcanada/,2008.0,"6635 Kitimat Rd Suite 28 Mississauga , Canada L5N 6J2"
clutch,Mediaforce Digital Marketing Agency,https://clutch.co/profile/mediaforce-digital-marketing-agency,https://www.mediaforce.ca/?utm_source=clutch.co&utm_medium=referral&utm_campaign=directory,digital-marketing,Toronto,Canada,CA,10 - 49,"$1,000+",$50 - $99 / hr,,20.0,,2026-09-10T11:28:00,,,,,1996.0,"439 University Ave. Toronto , Canada M5G 2H6"
clutch,Pulsion Management Corporation,https://clutch.co/profile/pulsion-management-corporation,https://www.gopulsion.io/,digital-marketing,Toronto,Canada,CA,10 - 49,,,,20.0,,2026-09-10T11:28:00,,,,,2012.0,"60 Atlantic Ave., Suite 200A Toronto , Canada M6K 1X9"
clutch,seoplus+,https://clutch.co/profile/seoplus,https://seoplus.com/services/?utm_source=clutch.co&utm_medium=referral&utm_campaign=ca-agencies-digital-marketing,digital-marketing,Ottawa,Canada,CA,10 - 49,"$1,000+",$150 - $199 / hr,,20.0,,2026-09-10T11:28:00,,,,,2012.0,"825 Exhibition Way, Suite 209 Ottawa , Canada K1S 5J3"
clutch,Digital Commerce Partners,https://clutch.co/profile/digital-commerce-partners,https://digitalcommerce.com/?utm_source=clutch.co&utm_medium=referral&utm_campaign=directory,digital-marketing,Toronto,Canada,CA,10 - 49,"$5,000+",$100 - $149 / hr,,20.0,,2026-09-10T11:28:00,https://www.linkedin.com/company/digital-commerce-partners/,,https://twitter.com/jonnastor,,2021.0,"465 Concord Avenue Toronto , Canada M6H 2P9"
clutch,NAV43,https://clutch.co/profile/nav43,https://nav43.com?utm_source=clutch.co&utm_medium=referral&utm_campaign=ca-agencies-digital-marketing,digital-marketing,Toronto,Canada,CA,10 - 49,"$5,000+",$200 - $300 / hr,,20.0,,2026-09-10T11:28:00,,,,,2016.0,"100-215 Niagara Street, Lower Level Toronto , Canada M6J 2L2"
clutch,Rank Secure,https://clutch.co/profile/rank-secure,https://www.ranksecure.ca/?utm_source=clutch.co&utm_medium=referral&utm_campaign=ca-agencies-digital-marketing,digital-marketing,Vaughan,Canada,CA,10 - 49,"$5,000+",$200 - $300 / hr,,20.0,,2026-09-10T11:28:00,,,,,2005.0,"400 Applewood Crescent, Unit 100 Vaughan , Canada L4K 0C3"
clutch,1UP Digital Marketing,https://clutch.co/profile/1up-digital-marketing,https://start.1updigitalmarketing.com/get-better-marketing/?utm_source=clutch.co&utm_medium=referral&utm_campaign=ca-agencies-digital-marketing,digital-marketing,Vancouver,Canada,CA,2 - 9,"$5,000+",$150 - $199 / hr,,20.0,,2026-09-10T11:28:00,https://www.linkedin.com/company/1up-digital-marketing,https://www.facebook.com/1UPDigitalMarketing/,https://twitter.com/1updm,https://www.instagram.com/1up_digital_marketing/,2013.0,"318 Homer St #703 Vancouver , Canada V6B 1E8"
clutch,Maven Collective Marketing,https://clutch.co/profile/maven-collective-marketing,http://www.mavencollectivemarketing.com,digital-marketing,Squamish,Canada,CA,10 - 49,"$5,000+",,,20.0,,2026-09-10T11:28:00,,,,,2012.0,"38016 Cleveland Ave Squamish , Canada V8B 0A1"
clutch,My Little Big Web,https://clutch.co/profile/my-little-big-web,https://mylittlebigweb.com/en/?utm_source=clutch.co&utm_medium=referral&utm_campaign=directory,digital-marketing,Montréal,Canada,CA,10 - 49,"$5,000+",$100 - $149 / hr,,20.0,,2026-09-10T11:28:00,,,,,2013.0,"3740 Ontario St E Montréal , Canada H1W 1S2"
clutch,Skille,https://clutch.co/profile/skille,https://skille.co/?utm_source=clutch.co&utm_medium=referral&utm_campaign=ca-agencies-digital-marketing,digital-marketing,Montreal,Canada,CA,2 - 9,"$5,000+",$100 - $149 / hr,,20.0,,2026-09-10T11:28:00,,,,,2015.0,"33 Bloor St E Montreal , Canada M4W 3H1"
clutch,One Core Media,https://clutch.co/profile/one-core-media,https://onecoremedia.com/?utm_source=clutch.co&utm_medium=clutch_profile,digital-marketing,Toronto,Canada,CA,10 - 49,"$5,000+",$100 - $149 / hr,,20.0,,2026-09-10T11:28:00,,,,,1999.0,"1000 Finch Avenue West Toronto , Canada M3J 2V5"
clutch,Setsail Marketing,https://clutch.co/profile/setsail-marketing,https://www.setsail.ca/setsail-marketing-roi?utm_source=clutch.co&utm_medium=referral&utm_campaign=ca-agencies-digital-marketing,digital-marketing,Vancouver,Canada,CA,10 - 49,"$1,000+",$100 - $149 / hr,,20.0,,2026-09-10T11:28:00,https://www.linkedin.com/company/setsailmarketing/,https://www.facebook.com/yousetsail,https://x.com/setsailmkt,https://www.instagram.com/setsailmkt/,2015.0,"1737 Boundary Road Vancouver , Canada V5M 3Y7"
clutch,Conscious Commerce Corporation,https://clutch.co/profile/conscious-commerce-corporation,https://www.cc94.com/?utm_source=clutch&utm_medium=marketplace&utm_campaign=profile,digital-marketing,Calgary,Canada,CA,10 - 49,"$5,000+",$150 - $199 / hr,,20.0,,2026-09-10T11:28:00,,,,,2004.0,"1500 14 Street SW, Suite 424 Calgary , Canada T3C 1C9"
clutch,upGrowth Commerce,https://clutch.co/profile/upgrowth-commerce,https://upgrowthcommerce.com/contact/?utm_source=clutch.co&utm_medium=referral&utm_campaign=directory,digital-marketing,Abbotsford,Canada,CA,10 - 49,"$5,000+",$150 - $199 / hr,,20.0,,2026-09-10T11:28:00,,,,,2018.0,"34077 Gladys Ave Abbotsford , Canada V2S 2E8"
clutch,TechWyse,https://clutch.co/profile/techwyse,https://www.techwyse.com/?utm_source=clutch.co&utm_medium=referral,digital-marketing,Toronto,Canada,CA,50 - 249,"$1,000+",$50 - $99 / hr,5.0,1.0,"TechWyse is a digital marketing agency specializing in enhancing sales and brand awareness through strategic Google and social media advertising. Reviews highlight their effective communication and timely project delivery, with over 80% of feedback being positive. Clients appreciate their friendly s",2026-09-10T11:28:19,https://www.linkedin.com/company/techwyse/,https://www.facebook.com/TechWyse/,https://twitter.com/techwyse,https://www.instagram.com/techwyse/,2001.0,"1444 Dupont St #32 Toronto , Canada M6P 4H3"
clutch,Noetic Marketer,https://clutch.co/profile/noetic-marketer,https://www.noeticmarketer.com/?utm_source=clutch.co&utm_medium=referral&utm_campaign=ca-agencies-digital-marketing,digital-marketing,Toronto,Canada,CA,10 - 49,"$5,000+",$100 - $149 / hr,5.0,7.0,"Noetic Marketer is a digital marketing agency offering services such as social media management, Google Ads, website development, and digital advertising strategy. Across their reviews, approximately 100% of clients praise their timely delivery, knowledge, and personalized service, highlighting thei",2026-09-10T11:28:19,https://www.linkedin.com/company/noetic-marketer/,https://www.facebook.com/noeticmarketer,https://twitter.com/noeticmarketer,https://www.instagram.com/noeticmarketer/,2017.0,"18 King St E Suite 1400 Toronto , Canada M5C 1C4"
clutch,Blue Badger,https://clutch.co/profile/blue-badger,https://badger.blue/?utm_source=clutch.co&utm_medium=referral&utm_campaign=directory,digital-marketing,Montréal,Canada,CA,10 - 49,"$25,000+",$100 - $149 / hr,4.8,2.0,"Blue Badger is a web development company specializing in Shopify and e-commerce solutions, offering services such as custom applications, website refreshes, and maintenance. Feedback from reviews is overwhelmingly positive, highlighting their commitment to client success, scalability, and efficient ",2026-09-10T11:28:19,https://www.linkedin.com/company/blue-badger,https://www.facebook.com/bluebadgeragency,https://twitter.com/BlueBadgerMTL,,2015.0,"1001 rue Lenoir, suite B-338 Montréal , Canada H4C 1E2"
clutch,Directive,https://clutch.co/profile/directive,https://directiveconsulting.com?utm_source=clutch.co&utm_medium=referral&utm_campaign=ca-agencies-digital-marketing,digital-marketing,Toronto,Canada,CA,50 - 249,,,4.8,56.0,"Directive is a digital marketing agency specializing in SEO, SEM, PPC, and CRO services, particularly within the B2B SaaS sector. Across their reviews, 90% of clients highlighted Directive's expertise in optimizing digital advertising and increasing ROI, with many noting significant improvements in ",2026-09-10T11:28:19,https://www.linkedin.com/company/directive-consulting,https://www.facebook.com/directiveconsulting/,https://x.com/directiveagency/,https://www.instagram.com/directiveconsulting/,2013.0,"5281 California Ave #240 Irvine , CA , United States 92617"
clutch,App Guardians,https://clutch.co/profile/app-guardians,https://appguardians.com?utm_source=clutch&utm_medium=referral,digital-marketing,Vancouver,Canada,CA,10 - 49,"$10,000+",$150 - $199 / hr,4.8,28.0,"App Guardians is a mobile marketing agency specializing in app growth services such as App Store Optimization, paid media management, and lifecycle marketing. Across its reviews, the company is praised for its professionalism, seamless communication, and effective project management, with 100% of re",2026-09-10T11:28:19,https://www.linkedin.com/company/app-growth-network/,https://www.facebook.com/appgrowthnetwork/,https://twitter.com/app_growth,https://www.instagram.com/appguardians/,2018.0,"151 West Hastings St Vancouver , Canada V6B 1H4"
clutch,NU Media Edge,https://clutch.co/profile/nu-media-edge,https://numediaera.com?utm_source=clutch.co&utm_medium=referral&utm_campaign=ca-agencies-digital-marketing,digital-marketing,Calgary,Canada,CA,10 - 49,"$5,000+",$200 - $300 / hr,4.9,6.0,"NU Media Edge is a digital marketing agency specializing in Google Ads, Meta Ads, website development, and SEO. They receive overwhelmingly positive feedback, with clients praising their proactive guidance, timely project management, and commitment to understanding client needs. Approximately 100% o",2026-09-10T11:28:19,https://www.linkedin.com/company/103370297/admin/dashboard/,https://www.facebook.com/NUMediaEdge/,,https://www.instagram.com/numediaedge,2022.0,"1055 11 St SW #3908 Calgary , Canada T2R 1G8"
clutch,Gustin Quon,https://clutch.co/profile/gustin-quon,https://gustinquon.com/?utm_source=clutch&utm_medium=referral,digital-marketing,Winnipeg,Canada,CA,10 - 49,"$5,000+",$100 - $149 / hr,4.7,23.0,"Gustin Quon is a digital marketing agency specializing in SEO, PPC, and social media marketing. Their services are highly recommended, with approximately 87% of reviewers highlighting positive impacts on their business growth and online presence. While some clients expressed concerns about communica",2026-09-10T11:28:19,https://www.linkedin.com/company/gustin-quon/,https://www.facebook.com/gustinquon/,https://twitter.com/gustinquon,,2017.0,"208-1460 Chevrier Blvd Winnipeg , Canada R3T 1Y7"
clutch,Candybox Marketing,https://clutch.co/profile/candybox-marketing,https://www.candyboxmarketing.com/?utm_source=clutch.co&utm_medium=referral&utm_campaign=directory,digital-marketing,Oakville,Canada,CA,50 - 249,"$1,000+",$150 - $199 / hr,4.9,5.0,"Candybox Marketing is a digital marketing agency specializing in web development, brand strategy, and marketing management. The company is highly regarded for its professionalism, responsiveness, and ability to deliver quality services within tight timelines. Over 90% of reviews highlight their exce",2026-09-10T11:28:19,https://www.linkedin.com/company/candyboxmarketing/,,,https://www.instagram.com/candyboxmarketing,2008.0,"1670 North Service Road East, Suite 309 Oakville , Canada L6H 7G3"
clutch,Evolve Agency Group,https://clutch.co/profile/evolve-agency-group,https://evolve.ca/,digital-marketing,Burlington,Canada,CA,50 - 249,"$10,000+",$100 - $149 / hr,4.9,10.0,"Evolve Agency Group is a comprehensive marketing agency offering services such as brand strategy, social media marketing, digital marketing, SEO, and event management. Across multiple reviews, they have consistently received high praise for their exceptional project management, creativity, and abili",2026-09-10T11:28:19,https://www.linkedin.com/company/evolveagencygroup/,,,https://www.instagram.com/evolveagencygroup/,1981.0,"3375 North Service Rd, B15, Burlington , Canada L7N 3G2"
clutch,MacRAE'S,https://clutch.co/profile/macraes-0,https://macraes.com/?utm_source=clutch.co&utm_medium=referral&utm_campaign=directory,digital-marketing,Mississauga,Canada,CA,50 - 249,"$1,000+",$50 - $99 / hr,4.9,19.0,"MacRAE'S is a digital marketing services company specializing in website development, SEO, and content management. Based on reviews, 100% of clients expressed satisfaction with their professionalism, responsiveness, and ability to improve online presence, with many noting significant improvements in",2026-09-10T11:28:19,https://www.linkedin.com/company/macraes/,https://www.facebook.com/macraesmarketing/,https://www.twitter.com/MacRAEsMarkting,,1999.0,"507 Lakeshore Rd. E., Suite 206 Mississauga , Canada L5G 1H9"
clutch,Rablab,https://clutch.co/profile/rablab,https://rablab.ca,digital-marketing,Montreal,Canada,CA,10 - 49,"$25,000+",$100 - $149 / hr,5.0,1.0,"Rablab is a digital marketing agency specializing in SEO and SEM services. Reviews indicate a high level of satisfaction, with 100% of clients noting significant improvements in website ranking and lead generation. Clients praise Rablab's knowledgeable staff and effective project management, with no",2026-09-10T11:28:19,https://www.linkedin.com/company/9188828/admin/dashboard/,https://www.facebook.com/Rablabweb/,https://twitter.com/rablabsolutions,https://www.instagram.com/agencerablab/,2016.0,"6570 AV. Esplanade #100 Montreal , Canada H2V 4L5"
clutch,Brand Digital Inc,https://clutch.co/profile/brand-digital,https://branddigital.agency/,digital-marketing,Montréal,Canada,CA,10 - 49,"$1,000+",$150 - $199 / hr,5.0,17.0,"Brand Digital Inc is a versatile digital marketing agency specializing in video production, content creation, social media management, web development, and SEO services. With a 100% positive feedback rate, clients frequently praise their punctuality, creativity, and results-oriented approach. Approx",2026-09-10T11:28:19,https://www.linkedin.com/company/104562448/admin/dashboard/,https://www.facebook.com/profile.php,https://x.com/branddigit24,https://www.instagram.com/branddigital.official/,2016.0,"1400-75 Rue Queen Montréal , Canada H3C 2N7"
clutch,Produktiv,https://clutch.co/profile/produktiv,https://produktiv.agency/?utm_source=clutch&utm_medium=referral&utm_campaign=homepage_subscription,digital-marketing,Oakville,Canada,CA,10 - 49,"$10,000+",$100 - $149 / hr,4.9,26.0,"Produktiv is a branding and web design company known for its expertise in creative direction, brand concepts, and web development. The company has received positive feedback with 100% of reviewers highlighting their exceptional project management, responsiveness, and effective communication. Clients",2026-09-10T11:28:19,https://www.linkedin.com/company/weareproduktiv/,http://facebook.com/weareproduktiv,https://twitter.com/weareproduktiv,https://www.instagram.com/weareproduktiv,2017.0,"300-420 North Service Road East Oakville , Canada L6H 5R2"
clutch,Tiller Digital,https://clutch.co/profile/tiller-digital,https://tillerdigital.com/?utm_source=clutch.co&utm_medium=referral&utm_campaign=directory,digital-marketing,Calgary,Canada,CA,10 - 49,"$25,000+",$100 - $149 / hr,4.9,7.0,"Tiller Digital is a web design and development company, specializing in crafting high-quality websites and digital solutions for diverse industries. Overall, 100% of reviews reflect positive feedback, highlighting their expertise in storytelling, project management, and timely delivery. Approximatel",2026-09-10T11:28:19,https://www.linkedin.com/company/10309308/,,,https://www.instagram.com/tillerdigital/,2008.0,"2425 Richmond Rd SW Calgary , Canada T2T 0Y7"
clutch,ProMerit,https://clutch.co/profile/promerit,https://pro-merit.com/,digital-marketing,Québec,Canada,CA,10 - 49,"$1,000+",,5.0,8.0,"ProMerit is an e-commerce and Amazon sales optimization company, consistently praised for its exceptional project management and customer-focused approach. They are recognized for increasing client sales, with 100% of reviewers highlighting their effectiveness and professionalism. Clients appreciate",2026-09-10T11:28:19,https://www.linkedin.com/company/pro-merit/,https://www.facebook.com/promerit.agency,,,2015.0,"520, 1re Avenue Québec , Canada G1L 3J9"
clutch,Jeel Techsoft,https://clutch.co/profile/jeel-techsoft,https://www.jeeltechsoft.com/?utm_source=clutch.co&utm_medium=referral&utm_campaign=directory,digital-marketing,Kitchener,Canada,CA,10 - 49,"$5,000+",< $25 / hr,5.0,15.0,"Jeel Techsoft is a versatile technology company offering services in web and app development, digital marketing, and UI/UX design. Across the reviews, clients praised their effective project management, technical expertise, and communication. With 100% positive feedback, they are commended for deliv",2026-09-10T11:28:19,https://www.linkedin.com/company/jeeltechsoft/,https://www.facebook.com/JeelTechsoft,https://twitter.com/jeeltechsoft,https://www.instagram.com/jeeltechsoft/,2017.0,"554, Iscon Emporio, Nr. Star Bazaar, Jodhpur Cross Roads, Satellite, Ahmedabad , India 380015"
clutch,Hooman Studio,https://clutch.co/profile/hooman-studio,https://hooman.com?utm_source=clutch.co&utm_medium=referral&utm_campaign=ca-agencies-digital-marketing,digital-marketing,West Vancouver,Canada,CA,10 - 49,"$25,000+",$100 - $149 / hr,4.9,8.0,"Hooman Studio is a comprehensive design and development company specializing in web development, branding, and marketing strategies. With a consistent track record of delivering projects on time and within budget, they have garnered positive feedback from all clients, highlighting their creativity a",2026-09-10T11:28:19,https://www.linkedin.com/company/wearehoooman/,,https://twitter.com/wearehoooman,https://www.instagram.com/wearehoooman/,2018.0,"1578 Marine Drive West Vancouver , Canada V7V 1H8"
clutch,FEAST,https://clutch.co/profile/feast,https://feastinc.com,digital-marketing,Markham,Canada,CA,10 - 49,"$5,000+",$100 - $149 / hr,5.0,6.0,"FEAST is a comprehensive marketing agency specializing in advertising, creative content, and digital marketing solutions. The company is highly praised for its creativity, professionalism, and ability to deliver impactful marketing campaigns across various industries. Approximately 100% of reviewers",2026-09-10T11:28:19,https://www.linkedin.com/company/feastagency,https://www.facebook.com/feastagency/,https://twitter.com/feastagency,https://www.instagram.com/feastagency/,2010.0,"200 Cachet Wood Court, Suite 301 Markham , Canada L6C 0Z8"
clutch,Forge and Smith,https://clutch.co/profile/forge-smith,http://forgeandsmith.com/?utm_source=clutch.co&utm_medium=referral&utm_campaign=directory,digital-marketing,Vancouver,Canada,CA,10 - 49,"$10,000+",$150 - $199 / hr,5.0,2.0,"Forge and Smith is a web design and development company that also offers social media marketing and Google Analytics support. Across reviews, clients express high satisfaction, noting their forward-thinking design and excellent project management skills. Approximately 90% of feedback is positive, hi",2026-09-10T11:28:19,,https://www.facebook.com/ForgeAndSmith/,https://twitter.com/forgeandsmith,,2011.0,"1231 Pacific Boulevard, Suite 346 Vancouver , Canada V6Z 0E2"
clutch,HELPY Media,https://clutch.co/profile/helpy-media,https://www.helpymedia.com/en-ca/contact-us?utm_source=clutch.co&utm_medium=referral&utm_campaign=directory,digital-marketing,Montréal,Canada,CA,10 - 49,"$5,000+",$100 - $149 / hr,5.0,10.0,"HELPY Media is a versatile video production and digital marketing company known for creating high-quality visual content, such as promotional videos and social media campaigns. Their clients include financial services, multimedia production, and manufacturing companies. The reviews reveal a 100% sat",2026-09-10T11:28:19,https://www.linkedin.com/company/helpy-media/,https://www.facebook.com/helpymedia/,https://twitter.com/helpymedia,https://www.instagram.com/helpymedia/,2012.0,"6205 Bd des Grandes-Prairies Montréal , Canada H1P 1A5"
clutch,Code Marketing,https://clutch.co/profile/code-marketing-0,https://codemarketing.ca/,digital-marketing,Montréal,Canada,CA,10 - 49,"$1,000+",$100 - $149 / hr,4.9,8.0,"Code Marketing is a digital marketing agency specializing in SEO, digital advertising, and strategy development. Reviews indicate a strong focus on delivering measurable results, with 100% of clients highlighting their professionalism and adaptability. The company is frequently praised for its effec",2026-09-10T11:28:19,,,,,2017.0,"4012 Rue Wellington Montréal , Canada H4G 1V3"
clutch,Social Commerce Club,https://clutch.co/profile/social-commerce-club,https://www.socialcommerceclub.com?utm_source=clutch.co&utm_medium=referral&utm_campaign=directory,digital-marketing,Penticton,Canada,CA,50 - 249,"$10,000+",,4.5,2.0,"Social Commerce Club is a social commerce management company specializing in TikTok Shop growth through operations, content, and community management. The reviews highlight their expertise, with 100% of clients noting their effective communication and project management skills. Additionally, 50% of ",2026-09-10T11:28:19,,,,,2024.0,"395 Eckhardt Avenue West Penticton , Canada V2A 5R6"
clutch,MARSWorks Inc.,https://clutch.co/profile/marsworks,https://marsworks.com/,digital-marketing,Ottawa,Canada,CA,10 - 49,"$5,000+",$50 - $99 / hr,4.8,3.0,"MARSWorks Inc. is a versatile web development company specializing in website and application development for diverse industries. The company consistently receives positive feedback, with approximately 100% of clients praising their responsiveness, flexibility, and technical expertise. Clients highl",2026-09-10T11:28:19,,https://www.facebook.com/marsworks/,https://twitter.com/MARSWorksInc,,1997.0,"101-2310 St. Laurent Blvd Ottawa , Canada K1G 5H9"
clutch,Xeo Marketing and Strategic Consultancy Inc.,https://clutch.co/profile/xeo-marketing-strategic-consultancy,http://xeo.marketing/?utm_source=clutch.co&utm_medium=referral&utm_campaign=directory,digital-marketing,Mississauga,Canada,CA,10 - 49,"$5,000+",$50 - $99 / hr,4.7,3.0,"Xeo Marketing and Strategic Consultancy Inc. is a comprehensive marketing and web development company that specializes in creating dynamic web presences, brand identities, and business development strategies. The reviews reflect a 100% positive sentiment, highlighting their effective communication, ",2026-09-10T11:28:19,https://www.linkedin.com/company/xeo-marketing-and-strategic-consultancy/,https://www.facebook.com/Xeomarketing/,https://twitter.com/Xeomarketing,,2016.0,"3rd Floor, 7111 Syntax Dr. Mississauga. Mississauga , Canada L5N 8C3"
clutch,Sparks Marketing Communications,https://clutch.co/profile/sparks-marketing-communications-0,https://www.sparksmc.com,digital-marketing,London,Canada,CA,10 - 49,"$25,000+",$150 - $199 / hr,4.9,6.0,"Sparks Marketing Communications is a versatile digital marketing agency specializing in brand development, digital marketing, and strategic consulting. With consistently high ratings, every reviewer praised their ability to communicate effectively, maintain timelines, and deliver polished and engagi",2026-09-10T11:28:19,,,,,1995.0,"201 King St London , Canada N6A 1C9"
clutch,Espress Labs,https://clutch.co/profile/espress-labs,http://www.espresslabs.com,digital-marketing,Vaughan,Canada,CA,10 - 49,"$5,000+",$100 - $149 / hr,5.0,2.0,"Espress Labs is a comprehensive digital solutions company specializing in website development, SEO, and social media management. Reviewers consistently highlight their strategic partnership approach and ability to manage complex projects effectively, with a noticeable 100% positive feedback regardin",2026-09-10T11:28:19,https://ca.linkedin.com/company/espress-labs-inc,https://www.facebook.com/espresslabsinc,https://twitter.com/espresslabs/,https://www.instagram.com/espresslabs/,2003.0,"595 Cityview Blvd. Vaughan , Canada L4H 0C9"
clutch,Savvy Law Firm Marketing,https://clutch.co/profile/savvy-law-firm-marketing,https://savvylawfirmmarketing.com/,digital-marketing,Surrey,Canada,CA,10 - 49,"$5,000+",$150 - $199 / hr,,,"Savvy Law Firm Marketing is a Surrey, Canada-based SEO company. The team provides Search Engine Optimization and Pay Per Click. Read more",2026-09-10T11:28:19,,,,,2005.0,"800-15355 24 Avenue, Suite 635 Surrey , Canada V4A 2H9"
clutch,Bloom | Digital Marketing Agency,https://clutch.co/profile/bloom-digital-marketing-agency,https://www.makeitbloom.com/?utm_source=clutch.co&utm_medium=referral&utm_campaign=directory,digital-marketing,Montreal,Canada,CA,50 - 249,"$5,000+",$100 - $149 / hr,,,Pay per click company Bloom | Digital Marketing Agency specializes in Pay Per Click and Search Engine Optimization. They were founded in 2007. Read more,2026-09-10T11:28:19,https://www.linkedin.com/company/makeitbloom,https://www.facebook.com/business/partner-directory/search,https://twitter.com/makeitbloom,https://instagram.com/makeitbloom,2007.0,"4400-1751 Rue Richardson Montreal , Canada H3K 1G5"
clutch,Digital Marketing Collective,https://clutch.co/profile/digital-marketing-collective,https://dmcollective.com?utm_source=clutch.co&utm_medium=referral&utm_campaign=directory,digital-marketing,Calgary,Canada,CA,10 - 49,"$10,000+",$100 - $149 / hr,,,"Digital Marketing Collective is a Calgary, Canada-based SEO company. Their services include Search Engine Optimization and Pay Per Click. Read more",2026-09-10T11:28:19,https://www.linkedin.com/company/dmclocal/,https://www.facebook.com/dmclocal,,,2017.0,"31, 11410 27th Street SE Calgary , Canada T2Z 3R6"
clutch,Bevy Commerce,https://clutch.co/profile/bevy-commerce,https://www.bevycommerce.com/?utm_source=clutch.co&utm_medium=referral,digital-marketing,Toronto,Canada,CA,50 - 249,"$25,000+",,,,"Bevy Commerce is an API Development company. Located in Toronto, Canada, their team focuses on API Development and Custom Software Development. Read more",2026-09-10T11:28:19,https://www.linkedin.com/company/bevy-commerce/,,,https://www.instagram.com/bevycommerce/,2016.0,"3093 Bathurst Street Toronto , Canada M6B 4K2"
clutch,RankWorks,https://clutch.co/profile/rankworks,https://rankworks.com?utm_source=clutch.co&utm_medium=referral&utm_campaign=directory,digital-marketing,Pointe-Claire,Canada,CA,10 - 49,"$5,000+",$100 - $149 / hr,3.9,4.0,"RankWorks offers services in website development and digital solutions, aiming to enhance customer acquisition and revenue generation. The reviews present a mixed perspective: one client expressed dissatisfaction with unmet contractual obligations and communication challenges, while another praised ",2026-09-10T11:28:19,,,,,2017.0,"1 Avenue Holiday Pointe-Claire , Canada H9R 5N3"
clutch,Other.,https://clutch.co/profile/other,https://weareother.ca,digital-marketing,Toronto,Canada,CA,10 - 49,"$100,000+",,,,"Other. Is a media planning and buying agency. In Toronto, Canada and Toronto, Canada, the team provides Media Planning & Buying and Pay Per Click. Read more",2026-09-10T11:28:19,https://www.linkedin.com/company/other-/,,,,2015.0,"70 York Street Toronto , Canada M5J 1S9"
clutch,tbk,https://clutch.co/profile/tbk,http://www.tbkcreative.com/?utm_source=clutch.co&utm_medium=referral&utm_campaign=directory,digital-marketing,London,Canada,CA,10 - 49,"$10,000+",$150 - $199 / hr,5.0,1.0,"tbk is a full-funnel marketing, web, and software partner for mid-market organizations that want their brand, web, and demand engine to finally work as one. We work across the entire journey on Read more See all 1 projects",2026-09-10T11:28:19,,https://www.facebook.com/pg/tbkCreative,https://twitter.com/tbkcreative,,2009.0,"562 Wellington Street London , Canada N6A 3R5"
clutch,Broworks,https://clutch.co/profile/broworks,https://www.broworks.net/,digital-marketing,Montréal,Canada,CA,10 - 49,"$10,000+",$100 - $149 / hr,5.0,17.0,"Broworks is a proficient web development agency specializing in website revamps, responsive web design, and seamless platform migrations, often leveraging Webflow. They are recognized for their strong project management skills, timely deliveries, and adaptability. With 100% of the reviews praising t",2026-09-10T11:28:19,https://www.linkedin.com/company/broworks/,https://www.facebook.com/broworksdesign/,https://twitter.com/broworks1,https://www.instagram.com/broworksdesign/,2019.0,"Kralja Milana Obrenovica 18 Pančevo , Serbia 26000"
clutch,Whitespark,https://clutch.co/profile/whitespark,https://whitespark.ca/?utm_source=clutch.co&utm_medium=referral&utm_campaign=directory,digital-marketing,Edmonton,Canada,CA,10 - 49,"$1,000+",,,,"Whitespark is a SEO services firm. Founded in 2005, the team focuses on Search Engine Optimization and Pay Per Click. The company is located in Edmonton, Canada. Read more",2026-09-10T11:28:19,,https://www.facebook.com/darrenshawseo,,https://www.instagram.com/darrenshawseo/,2005.0,"10060 Jasper Avenue Edmonton , Canada T5J 3R8 1 (855)"
clutch,Autus Digital Agency,https://clutch.co/profile/autus-digital-agency-1,https://www.autusdigital.com/?utm_source=clutch.co&utm_medium=referral&utm_campaign=directory,digital-marketing,Toronto,Canada,CA,50 - 249,"$1,000+",$25 - $49 / hr,5.0,4.0,"Autus Digital Agency – SEO, AI SEO & Performance Marketing Experts At Autus Digital Agency, we understand that every business is unique—so your digital marketing strategy should be too. We Read more See all 4 projects",2026-09-10T11:28:19,https://www.linkedin.com/company/autus-digital-agency,https://www.facebook.com/autusdigital,,https://www.instagram.com/autus_digital_agency/,2002.0,"1900 Camden Avenue San Jose , CA , United States 95124"
clutch,Ellocent Labs IT Solutions Private Limited,https://clutch.co/profile/ellocent-labs-it-solutions-private,https://ellocentlabs.com/?utm_source=clutch.co&utm_medium=referral&utm_campaign=directory,digital-marketing,Brampton,Canada,CA,50 - 249,"$5,000+",$25 - $49 / hr,4.9,8.0,"Ellocent Labs IT Solutions Private Limited is a versatile IT solutions provider specializing in web and application development with a strong focus on AI, platform development, and custom software solutions. Reviewers consistently praise their excellent communication, timely delivery, and adaptabili",2026-09-10T11:28:19,https://www.linkedin.com/company/ellocent-labs-it-solutions-private-limited/,https://www.facebook.com/Ellocentlabsitsolutions,https://twitter.com/ellocent_labs,https://www.instagram.com/ellocentlabs/,2019.0,"C-184, STPI Building, 4th Floor, Sector 74 Mohali, Punjab Sahibzada Ajit Singh Nagar , India 140307"
clutch,FiveRings Marketing,https://clutch.co/profile/fiverings-marketing,https://fiveringsmarketing.com/contact/?utm_source=clutch.co&utm_medium=referral&utm_campaign=directory,lead-generation,Langley,Canada,CA,10 - 49,"$1,000+",,4.9,16.0,"FiveRings Marketing is a specialized sales outsourcing solutions agency excelling in lead generation, sales staffing solutions, and sales team augmentation. The company receives overwhelmingly positive feedback, with 100% of reviewers praising its effective project management, communication, and abi",2026-09-10T11:28:46,,,,,2017.0,"312-19750 64th Ave Langley , Canada V2Y 2T1"
clutch,The Sales Factory,https://clutch.co/profile/sales-factory,https://www.thesalesfactory.com/get-started/clutch?utm_source=clutch.co&utm_medium=referral&utm_campaign=directory,lead-generation,Toronto,Canada,CA,50 - 249,"$25,000+",,4.5,24.0,"The Sales Factory is a sales outsourcing solutions provider specializing in lead generation, sales team augmentation, and B2B sales support services. While approximately 75% of reviews highlight their professionalism, flexibility, and effective communication in meeting and exceeding sales targets, a",2026-09-10T11:28:46,,,,,2018.0,"20 Camden Street Toronto , Canada M5V 1V1"
clutch,Atlantic Growth Solutions,https://clutch.co/profile/atlantic-growth-solutions,https://atlanticgrowthsolutions.com/revhelix/,lead-generation,Fredericton,Canada,CA,10 - 49,"$1,000+",$25 - $49 / hr,4.9,14.0,"Atlantic Growth Solutions is a Sales Outsourcing Solutions company specializing in lead generation and sales process optimization. With positive feedback from 100% of clients, they are praised for their professionalism, timely delivery, and ability to generate quality leads. Notably, 60% of reviews ",2026-09-10T11:28:46,,,,,2013.0,"761 Union Street Fredericton , Canada E3A 3P3"
clutch,Clever Digital Marketing,https://clutch.co/profile/clever-digital-marketing,https://www.cleverdigitalmarketing.ca/,lead-generation,Vaughan,Canada,CA,10 - 49,"$10,000+",,5.0,3.0,"Clever Digital Marketing is a digital marketing agency specializing in paid ad marketing, social media, and online marketing strategies. The company has received predominantly positive reviews, with approximately 90% of clients highlighting their professionalism, effective communication, and strong ",2026-09-10T11:28:46,,,,,2019.0,"665 Millway Ave Vaughan , Canada L4K 3T8"
clutch,BitWide,https://clutch.co/profile/bitwide,https://bitwide.com/,lead-generation,Calgary,Canada,CA,10 - 49,"$1,000+",$25 - $49 / hr,5.0,12.0,"BitWide is a sales outsourcing solutions company specializing in lead generation, prospect outreach, and sales funnel management. Reviews highlight their strong communication, adaptability, and effective project management. Approximately 80% of reviewers commend BitWide's alignment with client value",2026-09-10T11:28:46,,,,,2018.0,"214 11 Ave SE, 207 Calgary , Canada T2G"
clutch,VoiceLogic.com,https://clutch.co/profile/voicelogiccom,https://voicelogic.com/,lead-generation,Toronto,Canada,CA,50 - 249,"$1,000+",< $25 / hr,4.0,3.0,"VoiceLogic.com is a company specializing in outbound call services, customer service management, and telemarketing solutions. Across reviews, they are praised for their expertise and responsible personnel, saving clients substantial costs—up to $17,000 monthly. Some areas for improvement include con",2026-09-10T11:28:46,,,,,1996.0,"334 Munster Ave. Toronto , Canada M8Z 3C5"
clutch,LeadLancer.io,https://clutch.co/profile/leadlancerio,https://www.leadlancer.io/?utm_source=clutch.co&utm_medium=referral&utm_campaign=directory,lead-generation,North Vancouver,Canada,CA,10 - 49,,< $25 / hr,5.0,4.0,"LeadLancer.io is a lead generation company specializing in creating targeted B2B lead lists and databases. Reviewers consistently praise their responsiveness, communication skills, and ability to exceed expectations, with 100% positive feedback. Clients highlight their effectiveness in building high",2026-09-10T11:28:46,,,,,2016.0,"170 east 3rd street North Vancouver , Canada V7L 1E6"
clutch,Koala Customer Care,https://clutch.co/profile/koala-customer-care,https://koalacustomercare.com/,lead-generation,Surrey,Canada,CA,50 - 249,,,5.0,1.0,"Koala Customer Care is a customer service outsourcing company that efficiently manages phone calls and scheduling for businesses. Their services have been praised for improving efficiency and organization, with 100% of reviewers expressing satisfaction. Clients highlight their responsiveness and pro",2026-09-10T11:28:46,,,,,2017.0,"10193 152A Street Surrey , Canada V3R 4H6"
clutch,Lead Generators International®,https://clutch.co/profile/lead-generators-international,https://www.clientfinders.com,lead-generation,Langley,Canada,CA,10 - 49,"$10,000+",$50 - $99 / hr,4.6,15.0,"Lead Generators International® is a Sales Outsourcing Solutions company specializing in lead generation services. They received overwhelmingly positive feedback, with clients noting their ability to adapt to specific needs and maintain effective communication. Approximately 100% of reviewers highlig",2026-09-10T11:28:46,,,,,1992.0,"47 - 20821 Fraser Hwy Suite 516 Langley , Canada V3A 4G7"
clutch,CallStar,https://clutch.co/profile/callstar,http://callstar.ca,lead-generation,Moncton,Canada,CA,50 - 249,"$1,000+",< $25 / hr,,,"CallStar is a Sales Outsourcing company. The team offers Sales Outsourcing and is based in Moncton, Canada. Read more",2026-09-10T11:28:46,,,,,2001.0,"720 Main Street, Suite 200, Moncton , Canada E1C 1E4"
clutch,3C Contact Services,https://clutch.co/profile/3c-contact-services,https://3ccontactservices.com/,lead-generation,Vaughan,Canada,CA,50 - 249,"$1,000+",< $25 / hr,,,"3C Contact Services , a midsize phone answering service, is based in Vaughan, Canada. Their services include Call Center Services and Customer Service Outsourcing. Read more",2026-09-10T11:28:46,,,,,2013.0,"3300 Hwy 7 Suite 808 Vaughan , Canada L4K 4M3"
clutch,Duco Media & Technology Solutions,https://clutch.co/profile/duco-media-technology-solutions,https://www.ducomedia.ca/,lead-generation,Ottawa,Canada,CA,10 - 49,"$1,000+",$100 - $149 / hr,,,"Duco Media & Technology Solutions, an Advertising company, is headquartered in Ottawa, Canada. The team focuses on Advertising and Media Planning & Buying. Read more",2026-09-10T11:28:46,,,,,2016.0,"499 Preston Street, Ottawa , Canada K1S 4N7"
clutch,AUX B2B,https://clutch.co/profile/aux-b2b,https://auxb2b.com/,lead-generation,Saint-Lambert,Canada,CA,10 - 49,,,,,"Established in 2000, AUX B2B is a Conversion Optimization company. The team specializes in Conversion Optimization and Sales Outsourcing. Read more",2026-09-10T11:28:46,,,,,2000.0,"593 Avenue Notre-Dame Saint-Lambert , Canada J4P 2K8"
clutch,One Contact,https://clutch.co/profile/one-contact,http://www.onecontactinc.com,lead-generation,Toronto,Canada,CA,10 - 49,"$1,000+",,,,"Established in 2005, One Contact is a phone answering service. Their team specializes in Call Center Services and Sales Outsourcing. Read more",2026-09-10T11:28:46,,,,,2005.0,"325 MILNER AVENUE SUITE 300 Toronto , Canada M1B 5N1"
clutch,Sprint Digital,https://clutch.co/profile/sprint-digital-1,https://sprint-digital.net/,lead-generation,Oakville,Canada,CA,50 - 249,"$1,000+",$25 - $49 / hr,,,"Branding company Sprint Digital was launched in 2021. Based in Oakville, Canada, the team focuses on Branding and Search Engine Optimization. Read more",2026-09-10T11:28:46,,,,,2021.0,"320 North Service Road West Oakville , Canada L6M 0H4"
clutch,Empower Media Group,https://clutch.co/profile/empower-media-group,https://empowermediagroup.ca/,lead-generation,Brampton,Canada,CA,10 - 49,"$1,000+",$50 - $99 / hr,,,Empower Media Group is a branding company launched in 2023. Their team specializes in Branding and Social Media Marketing. Read more,2026-09-10T11:28:46,,,,,2023.0,"8219 Heritage Road Brampton , Canada L6Y 0E3"
clutch,REALQualified Inc.,https://clutch.co/profile/realqualified,https://realqualified.com/,lead-generation,Toronto,Canada,CA,10 - 49,,,,,"REALQualified Inc., a Sales Outsourcing company, was launched in 2020. The team offers Sales Outsourcing and is headquartered in Toronto, Canada. Read more",2026-09-10T11:28:46,,,,,2020.0,"555 Richmond St W, 1006 Toronto , Canada M5V 3B1"
clutch,Sidkey & Co Inc,https://clutch.co/profile/sidkey-co,https://www.sidkey.co/,lead-generation,Toronto,Canada,CA,10 - 49,"$1,000+",$50 - $99 / hr,,,"Founded in 2019, Sidkey & Co Inc, a small Event Marketing company, is located in Toronto, Canada. Their team offers Event Marketing and Social Media Marketing. Read more",2026-09-10T11:28:46,,,,,2019.0,"251 Consumers Road Toronto , Canada M2J 4R3"
clutch,OnPath,https://clutch.co/profile/onpath,http://www.onpath.com,lead-generation,Ottawa,Canada,CA,50 - 249,"$1,000+",< $25 / hr,4.0,1.0,"OnPath is an award-winning lead generation company. Since our early beginnings in 1993, we now have over 140 employees. We’re a one stop shop full-service lead generation specialist that Read more See all 1 projects",2026-09-10T11:28:46,,,,,1993.0,"1165 Kenaston Street, Ottawa , Canada K1B 3M1"
clutch,WorkStaff360,https://clutch.co/profile/workstaff360,https://workstaff360.com/,lead-generation,Toronto,Canada,CA,50 - 249,"$1,000+",< $25 / hr,5.0,21.0,"WorkStaff360 provides virtual assistant services, including customer service and inventory management. Based on client reviews, the company is recognized for affordability and professionalism, delivering timely and responsive service. Clients appreciate the value WorkStaff360 offers, though there is",2026-09-10T11:28:46,,,,,2020.0,"King Street West Toronto , Canada M5X 1E3"
clutch,Professional Prospecting,https://clutch.co/profile/professional-prospecting,http://www.professionalprospecting.com/,lead-generation,Caledonia,Canada,CA,50 - 249,"$1,000+",< $25 / hr,,,"Professional Prospecting is a Sales Outsourcing company. They are located in Caledonia, Canada and have midsize team. They provide Sales Outsourcing. Read more",2026-09-10T11:28:46,,,,,1997.0,"71 Argyle St N, Caledonia , Canada N3W 1B8"
clutch,BringToMarket - US & Canada Expansion Services,https://clutch.co/profile/bringtomarket-us-canada-expansion-services,http://bringtomarket.eu,lead-generation,Toronto,Canada,CA,10 - 49,"$5,000+",$50 - $99 / hr,5.0,5.0,"BringToMarket - US & Canada Expansion Services is a Sales Development Agency specializing in Sales Outsourcing Solutions, Sales Team Augmentation, and Sales Performance Enhancement. Reviews highlight their expertise in building brand awareness, generating qualified leads, and strategic market entry,",2026-09-10T11:28:46,,,,,2024.0,"9 Rue des Colonnes Paris , France 75002"
clutch,Call Centre Systems Inc.,https://clutch.co/profile/call-centre-systems,http://www.callcentresystems.ca,lead-generation,Toronto,Canada,CA,10 - 49,"$1,000+",$300+ / hr,,,"Call Centre Systems Inc. Is a Commercial Brokerage Services company. Founded in 1989, the company is in Toronto, Canada. Their services include Commercial Brokerage Services and Call Center Read more",2026-09-10T11:28:46,,,,,1989.0,"5230 Dundas Street West, Unit 8. Toronto , Canada M9B 1A8"
clutch,The ALEA Group,https://clutch.co/profile/alea-group,http://www.thealeagroup.com,lead-generation,Richmond Hill,Canada,CA,50 - 249,"$1,000+",< $25 / hr,,,"The ALEA Group is a midsize telephone answering service in Richmond Hill, Canada. The team specializes in Call Center Services and Sales Outsourcing. Read more",2026-09-10T11:28:46,,,,,,"60 Granton Drive Suite 102, Richmond Hill , Canada L4B 2N6"
clutch,Qallus JSR Inc.,https://clutch.co/profile/qallus-jsr,https://qallusinc.com/,lead-generation,Toronto,Canada,CA,10 - 49,"$1,000+",< $25 / hr,,,"In Toronto, Canada, Qallus JSR Inc. Is a phone answering service. Their services include Call Center Services and Back Office Outsourcing. Read more",2026-09-10T11:28:46,,,,,2024.0,"1 Fountainhead Road Toronto , Canada M3J 1K6"
clutch,Leadosaurus,https://clutch.co/profile/leadosaurus,http://leadosaurus.com,lead-generation,Vancouver,Canada,CA,10 - 49,"$25,000+",,,,Leadosaurus is a Demand Generation Marketing company launched in 2021. The small team offers Demand Generation Marketing and Account-Based Marketing. Read more,2026-09-10T11:28:46,,,,,2021.0,"1055 West Georgia Street Suite 2050 Vancouver , Canada V6E 3P3"
clutch,Revenue Pulse,https://clutch.co/profile/revenue-pulse,https://www.revenuepulse.com/,lead-generation,Ottawa,Canada,CA,10 - 49,,,,,"Revenue Pulse is a Marketing Strategy company. They are in Ottawa, Canada and have small team of experts. Their services include Marketing Strategy and Business Consulting. Read more",2026-09-10T11:28:46,,,,,2013.0,"6 Antares Dr 206 Ottawa , Canada K2E 8A9"
clutch,Onspec Solutions Inc.,https://clutch.co/profile/onspec-solutions,https://onspecsolutions.com/,lead-generation,Regina,Canada,CA,10 - 49,,,,,"Onspec Solutions Inc. Is a Recruitment Process Outsourcing company. The agency is located in Regina, Canada. Their services include Recruitment Process Outsourcing and Sales Outsourcing. Read more",2026-09-10T11:28:46,,,,,2007.0,"2010 11th Avenue, 7th Floor Regina , Canada S4P 0J3"
clutch,Rely Digital,https://clutch.co/profile/rely-digital,https://www.relydigital.com/,lead-generation,Vancouver,Canada,CA,10 - 49,,,,,"Rely Digital is a social media marketing firm based in Vancouver, Canada. They specialize in Social Media Marketing and Conversion Optimization and were founded in 2018. Read more",2026-09-10T11:28:46,,,,,2018.0,"450 SW Marine Dr Vancouver , Canada V5X 4V2"
clutch,VirtualAssistants.ca,https://clutch.co/profile/virtualassistantsca,https://virtual-assistants.ca/,lead-generation,Toronto,Canada,CA,10 - 49,"$1,000+",< $25 / hr,5.0,1.0,"Get a full-time employee for only CAD $1,099 per month. If you are looking for a superstar marketing, sales, finance, or support hire we have you covered. Use your dedicated virtual assistant to Read more See all 1 projects",2026-09-10T11:28:46,,,,,2024.0,"Bonnieglen Farm Boulevard Toronto , Canada L0J"
clutch,York Consulting,https://clutch.co/profile/york-consulting,http://yorkc.com/,lead-generation,Toronto,Canada,CA,10 - 49,"$1,000+",< $25 / hr,,,"York Consulting is a phone answering service and Sales Outsourcing company based in Toronto, Canada. They provide Call Center Services and Sales Outsourcing. Read more",2026-09-10T11:28:46,,,,,2000.0,"19 Hendon Avenue, Toronto , Canada M2M 4G6"
clutch,Republix,https://clutch.co/profile/republix,https://republix.com/,lead-generation,Toronto,Canada,CA,50 - 249,,,,,"Republix is a midsize Toronto, Canada-based branding company. The team provides Branding and Media Planning & Buying. Read more",2026-09-10T11:28:46,,,,,2019.0,"515 Consumers Rd Toronto , Canada M2J 4Z2"
clutch,One Touch Solutions,https://clutch.co/profile/one-touch-solutions,http://www.1touchsolutions.ca,lead-generation,Oakville,Canada,CA,10 - 49,"$1,000+",< $25 / hr,,,"Small answering service One Touch Solutions, is based in Oakville, Canada and Plainview, New York. The team provides Call Center Services and Back Office Outsourcing. Read more",2026-09-10T11:28:46,,,,,,"1155, North Service Road West, Unit-11 Oakville , Canada L6M 3E3"
clutch,FTalent,https://clutch.co/profile/ftalent,https://ftalent.co,lead-generation,Montréal,Canada,CA,50 - 249,"$1,000+",< $25 / hr,5.0,2.0,"FTalent specializes in providing cost-effective and high-performance customer service outsourcing solutions to businesses. We build dedicated teams in Mexico, selecting the top 1% of customer Read more See all 2 projects",2026-09-10T11:28:46,,,,,2021.0,"1111 SW 1st Ave Miami , FL , United States 33130"
clutch,Vitonia,https://clutch.co/profile/vitonia,https://www.vitonia.ca/index.php,lead-generation,Toronto,Canada,CA,10 - 49,,,,,"Back Office Outsourcing and Sales Outsourcing company Vitonia was established in 2016. Located in Toronto, Canada, the team focuses on Back Office Outsourcing and Sales Outsourcing. Read more",2026-09-10T11:28:46,,,,,2016.0,"305 Milner Ave #904 Toronto , Canada M1B 3V4"
clutch,AppointmentSetter,https://clutch.co/profile/appointmentsetter,http://www.appointmentsetter.ca/,lead-generation,Toronto,Canada,CA,10 - 49,"$1,000+",< $25 / hr,5.0,1.0,"AppointmentSetter is a lead generation company specializing in prospecting and client engagement to enhance business growth. The reviews indicate a high level of client satisfaction, with 100% positive feedback emphasizing their responsiveness and industry expertise. Notably, 100% of reviewers appre",2026-09-10T11:28:46,,,,,2006.0,
clutch,BEVA Global Management Inc.,https://clutch.co/profile/beva-global-management,https://bevaglobal.com/,lead-generation,Ottawa,Canada,CA,10 - 49,,,,,BEVA Global Management Inc. Is a Business Consulting company founded in 2010. The firm offers Business Consulting and Corporate Training & Coaching. Read more,2026-09-10T11:28:46,,,,,2010.0,"116 Albert Street Suite 300 Ottawa , Canada K1P 5G3"
clutch,Baseline Payments,https://clutch.co/profile/baseline-payments,https://baselinepayments.com/,lead-generation,Vancouver,Canada,CA,10 - 49,,,,,"Baseline Payments is a Back Office Outsourcing company. The Vancouver, Canada-based firm was established in 2012. Their team focuses on Back Office Outsourcing and E-Commerce Development. Read more",2026-09-10T11:28:46,,,,,2012.0,"Suite 200, 2288 Manitoba St. Vancouver , Canada V5Y 4B5"
clutch,Profcallcenter,https://clutch.co/profile/profcallcenter-0,https://profcallcenter.com,lead-generation,Toronto,Canada,CA,10 - 49,"$1,000+",< $25 / hr,,,"Profcallcenter is an answering service. Launched in 2000, their team focuses on Call Center Services and Back Office Outsourcing. Read more",2026-09-10T11:28:46,,,,,2000.0,"Shovkovychna St, 42/44 Kyiv , Ukraine 02000"
clutch,Telestar Communications,https://clutch.co/profile/telestar-communications,https://www.telestarcom.com,lead-generation,Toronto,Canada,CA,50 - 249,"$1,000+",< $25 / hr,,,"Telestar Communications, a midsize answering service, is in Toronto, Canada and Las Vegas, Nevada. The team provides Call Center Services and Sales Outsourcing. Read more",2026-09-10T11:28:46,,,,,,
clutch,SoftwareXprts,https://clutch.co/profile/softwarexprts,https://softwarexprts.com/,lead-generation,Brampton,Canada,CA,10 - 49,"$1,000+",< $25 / hr,,,"Launched in 2013, SoftwareXprts is a web design company. The team focuses on Web Design and Custom Software Development. Read more",2026-09-10T11:28:46,,,,,2013.0,"96 Olivia Marie Road Brampton , Canada L6Y 0N1"
clutch,LSM BPO Canada,https://clutch.co/profile/lsm-bpo-canada,https://www.lsmbpo.ca,lead-generation,Toronto,Canada,CA,50 - 249,"$1,000+",< $25 / hr,,,"LSM BPO Canada is a midsize Back Office Outsourcing company located in Toronto, Canada. Their services include Back Office Outsourcing and Call Center Services. Read more",2026-09-10T11:28:46,,,,,,
clutch,ADSC,https://clutch.co/profile/adsc,http://www.applieddirectservicescorp.com/,lead-generation,Toronto,Canada,CA,50 - 249,"$1,000+",< $25 / hr,,,"ADSC is a Back Office Outsourcing company. Their midsize team is in Toronto, Canada. Their team specializes in Back Office Outsourcing and Sales Outsourcing. Read more",2026-09-10T11:28:46,,,,,,
clutch,RPO SERVICES,https://clutch.co/profile/rpo-services,https://rposervices.com/,lead-generation,Kitchener,Canada,CA,10 - 49,,,,,"RPO SERVICES is an Accounting company based in Kitchener, Canada. They provide Accounting and Sales Outsourcing. Read more",2026-09-10T11:28:46,,,,,2011.0,
clutch,Lifeblood Marketing,https://clutch.co/profile/lifeblood-marketing,https://lifebloodmarketing.ca/,lead-generation,Kelowna,Canada,CA,10 - 49,,,,,"Lifeblood Marketing is a branding firm. They are based in Kelowna, Canada and have small team. They provide Branding and Marketing Strategy. Read more",2026-09-10T11:28:46,,,,,2015.0,"1405 St Paul St #201 Kelowna , Canada V1Y 2E4 1 +1"
clutch,Stafford Communications Group,https://clutch.co/profile/stafford-communications-group,http://www.staffcom.com,lead-generation,Rothesay,Canada,CA,50 - 249,"$1,000+",,,,"Stafford Communications Group, a Customer Service Outsourcing company, was founded in 1995. They specializes in Customer Service Outsourcing and Back Office Outsourcing. Read more",2026-09-10T11:28:46,,,,,1995.0,"309 South Street New Providence , NJ , United States 07974"
clutch,CanadaDirect,https://clutch.co/profile/canadadirect,http://canadadirect.ca/,lead-generation,Dorval,Canada,CA,250 - 999,"$10,000+",< $25 / hr,,20.0,,2026-09-10T11:28:46,,,,,1987.0,"743 Renaud Avenue, Dorval , Canada H9P 2N1"
clutch,Portage Sales,https://clutch.co/profile/portage-sales,https://portagesales.com/salesoutsourcing?utm_source=clutch.co&utm_medium=referral&utm_campaign=ca-call-centers-lead-generation,lead-generation,Toronto,Canada,CA,2 - 9,"$10,000+",$300+ / hr,,20.0,,2026-09-10T11:28:46,,,,,2017.0,"3177 Golf Club Road Toronto , Canada L1X0J9"
clutch,Direct Objective Consulting,https://clutch.co/profile/direct-objective-consulting,http://www.directobjective.ca/?utm_source=clutch.co&utm_medium=referral&utm_campaign=directory,lead-generation,Montréal,Canada,CA,2 - 9,"$1,000+",$150 - $199 / hr,,20.0,,2026-09-10T11:28:46,https://www.linkedin.com/company/direct-objective-consulting/,https://www.facebook.com/DirectObjective,,,2003.0,"3200 Rue Jean-Béraud Montréal , Canada H4E 4K9"
clutch,Grow and Scale,https://clutch.co/profile/grow-scale,https://growandscale.com/,lead-generation,Calgary,Canada,CA,2 - 9,"$5,000+",,,20.0,,2026-09-10T11:28:46,,,,,2015.0,"1200 4 Street Southwest Calgary , Canada T2R 0W5"
clutch,Agents Republic Inc.,https://clutch.co/profile/agents-republic,http://www.agentsrepublic.com,lead-generation,Vancouver,Canada,CA,250 - 999,"$1,000+",< $25 / hr,,20.0,,2026-09-10T11:28:46,,,,,2018.0,"666 Burrard St Suite 500, Park Place Vancouver , Canada V6C 3P6"
clutch,Ignite Marketing,https://clutch.co/profile/ignite-marketing-0,https://ignitemarketing.com/,lead-generation,Burnaby,Canada,CA,2 - 9,"$100,000+",$300+ / hr,,20.0,,2026-09-10T11:28:46,,,,,2022.0,"1382 Wynbrook Place Burnaby , Canada V5A 3Y6"
clutch,Royal Genix,https://clutch.co/profile/royal-genix,https://royalgm.com/?utm_source=clutch.co&utm_medium=referral&utm_campaign=directory,lead-generation,Calgary,Canada,CA,2 - 9,"$1,000+",,,20.0,,2026-09-10T11:28:46,,,,,2023.0,"40 Carrington Plaza Calgary , Canada T3P 1X7"
clutch,Martal Group,https://clutch.co/profile/martal-group,https://martal.ca/?utm_source=clutch.co&utm_medium=referral&utm_campaign=ca-call-centers-lead-generation,lead-generation,Oakville,Canada,CA,250 - 999,"$1,000+",$25 - $49 / hr,,20.0,,2026-09-10T11:28:46,https://www.linkedin.com/company/martal-services-&-consulting-ltd-/,https://www.facebook.com/martal.biz/,https://twitter.com/martal_group,https://www.instagram.com/martal_group/,2009.0,"2275 Upper Middle Rd E Oakville , Canada L6H 0C3"
clutch,Callnovo,https://clutch.co/profile/callnovo,https://callnovo.com,lead-generation,Markham,Canada,CA,"1,000 - 9,999",,,,20.0,,2026-09-10T11:28:46,,,,,2004.0,"3601 Highway 7 East, Suite 1108 Markham , Canada L3R 0M3"
clutch,MyMo Leads,https://clutch.co/profile/mymo-leads,http://mymoleads.com,lead-generation,Toronto,Canada,CA,2 - 9,"$1,000+",,,20.0,,2026-09-10T11:28:46,,,,,2019.0,"142 Westmount Ave Toronto , Canada M6E 1B2"
clutch,Gatestone & Co.,https://clutch.co/profile/gatestone-co,http://gatestonebpo.com,lead-generation,Toronto,Canada,CA,250 - 999,"$1,000+",< $25 / hr,,20.0,,2026-09-10T11:28:46,,,,,1978.0,"300-180 Duncan Mill Road, Toronto , Canada M3B 1Z6"
clutch,Bill Gosling Outsourcing,https://clutch.co/profile/bill-gosling-outsourcing,https://www.billgosling.com/,lead-generation,Newmarket,Canada,CA,"1,000 - 9,999","$10,000+",< $25 / hr,,20.0,,2026-09-10T11:28:46,,,,,1955.0,"16635 Yonge Street, Suite 26, Newmarket , Canada L3X 1V6"
clutch,ReplyLead,https://clutch.co/profile/replylead-0,https://replylead.com,lead-generation,Richmond Hill,Canada,CA,2 - 9,"$1,000+",,,20.0,,2026-09-10T11:28:46,,,,,2024.0,"15 Wertheim Court Richmond Hill , Canada L4B 3H7"
clutch,Global Empire Corporation,https://clutch.co/profile/global-empire-corporation,https://www.globalempire.com,lead-generation,Edmonton,Canada,CA,250 - 999,"$50,000+",< $25 / hr,,20.0,,2026-09-10T11:28:46,,,,,2010.0,"12946 – 97 Street, NW, Suite 203 – Empire Plaza Edmonton , Canada T5E 4C3"
clutch,TechHighway Systems Inc.,https://clutch.co/profile/techhighway-systems,https://www.techhighway.ca/,lead-generation,Oakville,Canada,CA,10 - 49,,,,,"Launched in 2008, TechHighway Systems Inc. Is a small Oakville, Canada-based web development firm. Their services include Web Development and Search Engine Optimization. Read more",2026-09-10T11:30:30,,,,,2008.0,"1384 Wren Ave Oakville Oakville , Canada L6L 2V6"
clutch,Swivelt,https://clutch.co/profile/swivelt,https://swivelt.com/growth-services/,lead-generation,Oakville,Canada,CA,10 - 49,"$100,000+",,5.0,2.0,"Swivelt is a versatile company specializing in B2B marketing and CRM tool development. Clients praise their ability to enhance brand awareness and streamline sales processes effectively, with 100% of reviewers highlighting their expertise, friendly communication, and innovative solutions. Their expe",2026-09-10T11:30:30,,,,,2018.0,"138 Cecil St, #13-03 Singapore , Singapore 069538"
clutch,Faeb Crunch Private Limited,https://clutch.co/profile/faeb-crunch-private,https://www.faebcrunch.com/,lead-generation,Vancouver,Canada,CA,10 - 49,,,,,Faeb Crunch Private Limited is a Market Research company founded in 2018. The team provides Market Research and Social Media Marketing. Read more,2026-09-10T11:30:30,,,,,2018.0,"329 Howe Street #1496 Vancouver , Canada V6C 1Z7 1 +1.512.538.1971 Pune , India New Airport Road 411015"
clutch,PROSOLUTIONS BPO,https://clutch.co/profile/prosolutions-bpo,https://www.prosolutionsbpo.com/,sales-consulting,Ajax,Canada,CA,10 - 49,,,,,PROSOLUTIONS BPO is a Customer Service Outsourcing company founded in 2014. Their services include Customer Service Outsourcing and Sales Outsourcing. Read more,2026-09-10T11:30:57,,,,,2014.0,"71 Old Kingston Road Ajax , Canada L1T 3A6"
clutch,@liveconx,https://clutch.co/profile/liveconx,http://www.liveconx.com,sales-consulting,Cornwall,Canada,CA,50 - 249,"$1,000+",< $25 / hr,4.0,3.0,"@liveconx is an appointment setting and customer service company that offers tailored inbound and outbound call handling services. Reviews indicate a high level of customer satisfaction, with 100% of reviewers expressing confidence in their services and acknowledging significant cost and time saving",2026-09-10T11:30:57,,,,,1978.0,
clutch,Prospecto — Agence de Télémarketing B2B,https://clutch.co/profile/prospecto-agence-de-t-l-marketing-b2b,https://prospecto.ca/,sales-consulting,Victoriaville,Canada,CA,50 - 249,"$1,000+",< $25 / hr,,,"Telephone answering service Prospecto — Agence de Télémarketing B2B is in Victoriaville, Canada. The team provides Call Center Services and Back Office Outsourcing. Read more",2026-09-10T11:30:57,,,,,2015.0,"303 Boulevard Pierre-Roux Est Victoriaville , Canada G6T 1S9"
clutch,Concord Media,https://clutch.co/profile/concord-media,https://concordd.com/,sales-consulting,North Vancouver,Canada,CA,10 - 49,"$10,000+",$300+ / hr,,,"Concord Media is a branding firm. They are headquartered in North Vancouver, Canada, and their services include Branding and Marketing Strategy. Read more",2026-09-10T11:30:57,,,,,2022.0,"125 19th Street West North Vancouver , Canada V7M 1X4"
clutch,DLA Penna Design,https://clutch.co/profile/dla-penna-design,https://apexbloggers.com/designs/dlapennadesign.com/,sales-consulting,Toronto,Canada,CA,50 - 249,"$5,000+",$25 - $49 / hr,,,"DLA Penna Design, an Other Marketing company, was established in 2022. The team specializes in Other Marketing and Sales Outsourcing. Read more",2026-09-10T11:30:57,,,,,2022.0,"1140 Sheppard Ave. West, Unit 16b Toronto, ON M3K 2A2 Toronto , Canada M3K 2A2"
clutch,PlatXP Creative,https://clutch.co/profile/platxp-creative,https://www.platxpcreative.com/,sales-consulting,Vaughan,Canada,CA,10 - 49,"$5,000+",$50 - $99 / hr,,,PlatXP Creative is a Sales Outsourcing company launched in 2023. The team provides Sales Outsourcing and Direct Marketing. Read more,2026-09-10T11:30:57,,,,,2023.0,"2910 hwy 7 Vaughan , Canada L4K 0H8"
clutch,InfusedBrullen BPO Corporation,https://clutch.co/profile/infusedbrullen-bpo-corporation,https://infusedbrullen.com/,sales-consulting,Vancouver,Canada,CA,50 - 249,"$1,000+",< $25 / hr,,,"Call center company InfusedBrullen BPO Corporation is in Vancouver, Canada. They provide Call Center Services and Sales Outsourcing. Read more",2026-09-10T11:30:57,,,,,2019.0,"777 Dunsmuir Street Vancouver , Canada V7Y 1K3"
clutch,Starland IT Solution,https://clutch.co/profile/starland-it-solution,https://starland.co.in/seo-company-in-ahmedabad/,sales-consulting,Saskatoon,Canada,CA,10 - 49,"$1,000+",$25 - $49 / hr,,,"Based in Ahmedabad, India and Saskatoon, Canada, Starland IT Solution is a SEO company. They offer Search Engine Optimization and Web Design. Read more",2026-09-10T11:30:57,,,,,2013.0,"617, BLUEBERRY, Near, Gurukul Road, Nikol Gam, Nikol Ahmedabad , India 380038"
clutch,REACH,https://clutch.co/profile/reach-1-2,https://reach.framer.ai/,sales-consulting,Toronto,Canada,CA,2 - 9,"$1,000+",$50 - $99 / hr,,20.0,,2026-09-10T11:30:57,,,,,2022.0,"Queen St. Toronto , Canada M1R1S9"
clutch,Monochromatic Partners,https://clutch.co/profile/monochromatic-partners,https://monochromatic-partners.com,sales-consulting,Toronto,Canada,CA,2 - 9,"$5,000+",$200 - $300 / hr,,20.0,,2026-09-10T11:30:57,,,,,2023.0,"3 Bloor Street East Toronto , Canada M4W 0A8"
clutch,ContactPoint 360,https://clutch.co/profile/contactpoint-360,https://contactpoint360.com/?utm_source=clutch.co&utm_medium=referral&utm_campaign=directory,sales-consulting,Montréal,Canada,CA,"1,000 - 9,999","$1,000+",$25 - $49 / hr,,20.0,,2026-09-10T11:30:57,https://linkedin.com/company/contact-point-360,https://www.facebook.com/ContactPoint360Company/,https://twitter.com/cp360says,,2007.0,"35075 Rue de Sorel, 4th Floor Montréal Montréal , Canada H4P"
clutch,Sales Scalability,https://clutch.co/profile/sales-scalability,https://salesscalability.ca/,sales-consulting,Penticton,Canada,CA,2 - 9,"$10,000+",$200 - $300 / hr,,20.0,,2026-09-10T11:30:57,,,,,2021.0,"129 Nanaimo Avenue West Penticton , Canada V2A 1N2"
clutch,OPEN CALL CENTRE,https://clutch.co/profile/open-call-centre,,sales-consulting,Calgary,Canada,CA,50 - 249,,,,,"Back Office Outsourcing and Sales Outsourcing company OPEN CALL CENTRE was launched in 2018. The team focuses on Back Office Outsourcing and Sales Outsourcing and is in Calgary, Canada. Read more",2026-09-10T11:31:30,,,,,2018.0,
clutch,Hart & Associates Management Consultants Ltd.,https://clutch.co/profile/hart-associates-management-consultants,,sales-consulting,Toronto,Canada,CA,10 - 49,,,,,"Hart & Associates Management Consultants Ltd. Is a Business Consulting company. Established in 1988, the firm is in Toronto, Canada. Their team provides Business Consulting and Market Research. Read more",2026-09-10T11:31:30,,,,,1988.0,"36 Cheltenham Ave Toronto , Canada M4N 1P7"
clutch,Predictable Revenue™ Inc.,https://clutch.co/profile/predictable-revenue-0,,sales-consulting,Vancouver,Canada,CA,10 - 49,,,,,"Launched in 2011, Predictable Revenue™ Inc. Is a telephone answering service. The company specializes in Call Center Services and Sales Outsourcing, and is small. Read more",2026-09-10T11:31:30,,,,,2011.0,"210 Carrall St #201 Vancouver , Canada V6B 2J1"
clutch,RAINMAKERS BUSINESS SOLUTIONS,https://clutch.co/profile/rainmakers-business-solutions,,sales-consulting,Calgary,Canada,CA,10 - 49,"$5,000+",< $25 / hr,,,"RAINMAKERS BUSINESS SOLUTIONS is a Business Consulting company. Their team is based in Calgary, Canada. The firm offers Business Consulting and Sales Outsourcing. Read more",2026-09-10T11:31:30,,,,,2001.0,"RAINMAKERS BUSINESS SOLUTIONS, 315"
clutch,Clearwater Agency,https://clutch.co/profile/clearwater-agency,https://clearwateragency.com.au/?utm_source=clutch.co&utm_medium=referral&utm_campaign=au-agencies-digital-marketing,digital-marketing,Cremorne,Australia,AU,10 - 49,"$5,000+",$150 - $199 / hr,5.0,11.0,"Clearwater Agency is a digital marketing company specializing in SEO, PPC, web development, and social media advertising. The agency consistently receives positive feedback for their effective communication, technical expertise, and commitment to achieving client objectives. Notably, 90% of reviewer",2026-09-10T11:36:11,https://www.linkedin.com/company/clearwateragency/,https://www.facebook.com/ClearwaterAgency/,,https://www.instagram.com/clearwater.agency/,2012.0,"Level 6/19 William St Cremorne , Australia 3121"
clutch,Luminary,https://clutch.co/profile/luminary,https://www.luminary.com?utm_source=clutch.co&utm_medium=referral&utm_campaign=au-agencies-digital-marketing,digital-marketing,Melbourne,Australia,AU,50 - 249,"$50,000+",$100 - $149 / hr,4.8,10.0,"Luminary is a digital agency specializing in web development, UX design, and CMS integration. The company consistently receives positive feedback, with over 95% of reviews highlighting their expertise, reliability, and strong team culture. Clients commend Luminary for their impressive project manage",2026-09-10T11:36:11,https://www.linkedin.com/company/luminaryhq/,https://www.facebook.com/LuminaryHQ/,https://twitter.com/LuminaryHQ,https://www.instagram.com/luminary_digital/,1999.0,"Level 1, 195 Little Collins St Melbourne , Australia 3000"
clutch,farsiight,https://clutch.co/profile/farsiight,https://farsiight.com/?utm_source=clutch.co&utm_medium=referral&utm_campaign=au-agencies-digital-marketing,digital-marketing,South Brisbane,Australia,AU,10 - 49,"$5,000+",$150 - $199 / hr,5.0,79.0,"farsiight is a digital marketing agency specializing in Google Ads, social media advertising, SEO, and performance marketing. The company is highly praised for its professionalism, responsiveness, and data-driven strategies, with 100% of reviewers expressing satisfaction with their services. Many cl",2026-09-10T11:36:11,https://www.linkedin.com/company/farsiight/,https://www.facebook.com/farsiight/,https://twitter.com/farsiight,https://www.instagram.com/farsiight/,2017.0,"7/154 Melbourne St South Brisbane , Australia 4101"
clutch,Digital Nomads HQ,https://clutch.co/profile/digital-nomads-hq,https://digitalnomadshq.com.au/?utm_source=clutch.co&utm_medium=referral&utm_campaign=au-agencies-digital-marketing,digital-marketing,Mooloolaba,Australia,AU,10 - 49,"$1,000+",$100 - $149 / hr,4.9,80.0,"Digital Nomads HQ is a digital marketing agency specializing in SEO, website design, and digital advertising solutions. The company consistently receives positive feedback, with approximately 85% of reviews highlighting their professionalism, effective communication, and project management skills. C",2026-09-10T11:36:11,https://www.linkedin.com/company/digital-nomads-hq/,https://www.facebook.com/digitalnomadshq/,,https://www.instagram.com/digitalnomadshq/,2017.0,"208/45 Brisbane Road Mooloolaba , Australia 4557"
clutch,SIXGUN,https://clutch.co/profile/sixgun,https://sixgun.com.au?utm_source=clutch.co&utm_medium=referral&utm_campaign=au-agencies-digital-marketing,digital-marketing,Richmond,Australia,AU,10 - 49,"$1,000+",$100 - $149 / hr,5.0,22.0,"SIXGUN is a digital marketing agency specializing in SEO and Google Ads management. Reviews highlight their effective project management, excellent communication, and ability to deliver timely results. Clients consistently report increased leads and improved search rankings, with over 90% expressing",2026-09-10T11:36:11,https://www.linkedin.com/company/sixgun/,https://www.facebook.com/sixgunagency/,https://twitter.com/sixgunagency,https://www.instagram.com/sixgunagency/,2017.0,"Unit 7/1 Bromham Pl Richmond , Australia 3121"
clutch,Impressive Digital Agency,https://clutch.co/profile/impressive-digital-agency,https://www.impressive.com.au/?utm_source=clutch.co&utm_medium=referral&utm_campaign=directory,digital-marketing,Cremorne,Australia,AU,50 - 249,"$1,000+",$150 - $199 / hr,5.0,25.0,"Impressive Digital Agency is a comprehensive digital marketing firm specializing in SEO, SEM, paid advertising, and strategic marketing solutions. With over 90% positive feedback, clients commend their exceptional project management, timely delivery, and innovative approach to digital marketing, hig",2026-09-10T11:36:11,https://www.linkedin.com/company/impress-ve-/,https://www.facebook.com/impressivedigital/,https://twitter.com/impressiveau,https://www.instagram.com/impressivedigital/,2016.0,"65 Gwynne Street Cremorne , Australia 3121"
clutch,Intesols,https://clutch.co/profile/intesols,https://www.intesols.com.au?utm_source=clutch.co&utm_medium=referral&utm_campaign=au-agencies-digital-marketing,digital-marketing,Moorabbin,Australia,AU,50 - 249,"$1,000+",$100 - $149 / hr,4.9,26.0,"Intesols is a comprehensive digital marketing agency specializing in SEO, web development, and digital advertising services. Across numerous reviews, clients consistently commend their professional project management, responsive communication, and tailored strategies, with approximately 95% expressi",2026-09-10T11:36:11,https://www.linkedin.com/company/intesols,https://www.facebook.com/Intesols,https://twitter.com/intesolsau,https://www.instagram.com/intesols/,2010.0,"G02/999 Nepean Hwy Moorabbin , Australia 3189"
clutch,Human Digital,https://clutch.co/profile/human-digital,https://humandigital.com?utm_source=clutch.co&utm_medium=referral&utm_campaign=directory,digital-marketing,Sydney,Australia,AU,10 - 49,"$1,000+",$150 - $199 / hr,4.7,21.0,"Human Digital is a versatile digital marketing and design agency offering services in advertising, web design, and brand development. The company consistently receives positive feedback for its flexibility, responsiveness, and expert project management. Approximately 98% of reviewers highlight their",2026-09-10T11:36:11,https://www.linkedin.com/company/humandigital/,,,https://www.instagram.com/humandigitalcom,2018.0,"60 Martin Place Sydney , Australia 2000"
clutch,Emote Digital,https://clutch.co/profile/emote-digital,http://www.emotedigital.com.au/?utm_source=clutch.co&utm_medium=referral&utm_campaign=directory,digital-marketing,Hawthorn,Australia,AU,10 - 49,"$1,000+",$150 - $199 / hr,4.7,16.0,"Emote Digital is a versatile digital agency specializing in web development, SEO, digital marketing, and branding services. The company is praised for its proactive approach, transparency, and strategic thinking, with 100% of reviewers highlighting their responsiveness and effective project manageme",2026-09-10T11:36:11,https://www.linkedin.com/company/emote-digital,https://www.facebook.com/EmoteDigital/,https://twitter.com/emotedigital,https://www.instagram.com/emotedigital/,2001.0,
clutch,Salt & Fuessel,https://clutch.co/profile/salt-fuessel,https://www.saltandfuessel.com.au/?utm_source=clutch.co&utm_medium=referral&utm_campaign=directory,digital-marketing,South Yarra,Australia,AU,10 - 49,"$1,000+",$100 - $149 / hr,4.8,16.0,"Salt & Fuessel is a digital marketing agency specializing in web design, SEO, Google Ads, and social media marketing. Clients consistently praise their commitment, flexibility, and effective project management. With 100% positive feedback, notable results include a 70% increase in organic traffic an",2026-09-10T11:36:11,https://www.linkedin.com/company/3812370,https://www.facebook.com/saltandfuessel/,,https://www.instagram.com/salt.fuessel/,2013.0,"Level 2/627 Chapel St South Yarra , Australia 3141"
clutch,MyWork,https://clutch.co/profile/mywork-0,https://mywork.com.au?utm_source=clutch.co&utm_medium=referral&utm_campaign=directory,digital-marketing,Daisy Hill,Australia,AU,10 - 49,"$1,000+",$200 - $300 / hr,4.6,15.0,"MyWork is a web development company that specializes in creating and maintaining professional websites tailored to various industries. The feedback from reviewers is overwhelmingly positive, with 100% praising their professionalism, project management, and responsiveness. MyWork stands out for its a",2026-09-10T11:36:11,https://www.linkedin.com/company/mywork-australia-pty-ltd/,https://www.facebook.com/myworkaustralia/,,https://www.instagram.com/mywork.com.au,2009.0,"10 Old Chatswood Rd Daisy Hill , Australia 4127"
clutch,Inspaceweb,https://clutch.co/profile/inspaceweb,https://inspaceweb.com/,digital-marketing,North Sydney,Australia,AU,10 - 49,"$1,000+",$100 - $149 / hr,5.0,7.0,"Inspaceweb is a comprehensive digital services company specializing in web design, development, SEO, and digital marketing. Across various reviews, they are consistently praised for their professionalism, collaborative approach, and ability to meet client needs. Approximately 90% of feedback highlig",2026-09-10T11:36:11,https://www.linkedin.com/company/inspaceweb,https://facebook.com/inspacewebofficial,https://twitter.com/inspaceweb,https://www.instagram.com/inspaceweb/,2020.0,"50 Miller Street North Sydney , Australia 2060"
clutch,BFJ Digital,https://clutch.co/profile/bfj-digital,https://bfj.digital/?utm_source=clutch.co&utm_medium=referral&utm_campaign=directory,digital-marketing,Spring Hill,Australia,AU,10 - 49,"$1,000+",$150 - $199 / hr,5.0,58.0,"BFJ Digital is a digital marketing agency specializing in SEO, Google Ads, and CRM implementations, distinguished for their technical expertise and client-focused responsiveness. With overwhelmingly positive feedback, 100% of reviewers commend their project management and communication, highlighting",2026-09-10T11:36:11,,https://www.facebook.com/bfjdigital/,,,2009.0,"1/433 upper edward street Spring Hill , Australia 4000"
clutch,Supple Digital,https://clutch.co/profile/supple-digital,https://supple.com.au/,digital-marketing,Richmond,Australia,AU,50 - 249,"$1,000+",,5.0,6.0,"Supple Digital is an SEO agency known for its expertise in improving online presence through targeted SEO strategies, including keyword research, content creation, and website optimization. With a 100% positive feedback rate, clients praise their professionalism, customized solutions, and effective ",2026-09-10T11:36:11,,https://www.facebook.com/Suppledigital/,https://twitter.com/SuppleDigital/,https://www.instagram.com/suppledigital/,2012.0,"5/84 Church Street Richmond , Australia 3121"
clutch,Alley Group,https://clutch.co/profile/alley-group,https://alleygroup.com.au/,digital-marketing,Caulfield North,Australia,AU,50 - 249,"$5,000+",$150 - $199 / hr,4.9,9.0,"Alley Group is a digital marketing agency specializing in SEO, SEM, and online marketing campaigns. Reviews highlight the team's professionalism, responsiveness, and consistent delivery of measurable improvements in ROI, organic visibility, and conversion rates. With unanimous positive feedback, cli",2026-09-10T11:36:11,https://www.linkedin.com/company/alley-group/,https://www.facebook.com/alleyhq/,,https://www.instagram.com/alley.hq/,2013.0,"230 Balaclava Road Caulfield North , Australia 3161"
clutch,Click Click Media,https://clutch.co/profile/click-click-media,https://clickclickmedia.com.au,digital-marketing,Norwest,Australia,AU,10 - 49,"$1,000+",$150 - $199 / hr,5.0,4.0,"Click Click Media is a digital marketing agency that specializes in managing AdWords campaigns, targeted marketing, website development, and CRM building. Reviews highlight their remarkable customer service, transparency, and expertise, with 100% positive feedback on their efficiency and responsiven",2026-09-10T11:36:11,https://www.linkedin.com/company/click-click-media/about/,https://www.facebook.com/ClickClickMedia,https://twitter.com/ccmadwords,https://www.instagram.com/clickclickmedia/,2008.0,"29-31 Solent Circuit Norwest , Australia 2153"
clutch,Jimmyweb,https://clutch.co/profile/jimmyweb,https://jimmyweb.net/?utm_source=clutch.co&utm_medium=referral,digital-marketing,Sydney,Australia,AU,10 - 49,"$5,000+",$100 - $149 / hr,5.0,5.0,"Jimmyweb is a web development company specializing in creating custom websites with a focus on UX design, eCommerce platforms, and digital branding solutions. Across their reviews, 100% of clients praised their responsive communication, professional project management, and ability to deliver long-te",2026-09-10T11:36:11,https://www.linkedin.com/company/jimmyweb/,https://www.facebook.com/friendlywebguys,,https://www.instagram.com/jimmyweb_digital/,2003.0,"95-99 York Street Sydney , Australia 2000"
clutch,Crowd Box Pty Ltd,https://clutch.co/profile/crowd-box-pty,https://crowdbox.com.au/,digital-marketing,Sydney,Australia,AU,10 - 49,"$10,000+",$50 - $99 / hr,5.0,10.0,"Crowd Box Pty Ltd is a lead generation company specializing in appointment setting and sales development services. Across multiple reviews, they are praised for efficient project management and effective communication, with 100% of clients noting timely delivery and responsiveness. Approximately 90%",2026-09-10T11:36:11,,,,,2021.0,"Level 22, Sydney Place, 180 George Street, Sydney, NSW, 2000 Sydney , Australia 2000"
clutch,EvenDigit,https://clutch.co/profile/evendigit,https://www.evendigit.com/ed-lp-clutch/?utm_source=clutch.co&utm_medium=referral&utm_campaign=directory,digital-marketing,Oakleigh South,Australia,AU,50 - 249,"$1,000+",< $25 / hr,4.9,105.0,"EvenDigit is a digital marketing agency providing services such as Google Ads management, SEO, and performance marketing. The company is praised for effective project management, proactive communication, and delivering measurable improvements in lead generation and brand visibility. Approximately 90",2026-09-10T11:36:11,https://www.linkedin.com/company/evendigit/,https://www.facebook.com/evendigit/,https://twitter.com/evendigit,https://www.instagram.com/evendigit/,2011.0,"Plot No 67, PU-4 Commercial Behind C21 Mall, A B Road Indore (M. P.) INDIA Indore , India 452010"
clutch,Skynet Technologies,https://clutch.co/profile/skynet-technologies-0,https://www.skynettechnologies.com/?utm_source=clutch.co&utm_medium=referral&utm_campaign=directory,digital-marketing,Melbourne,Australia,AU,50 - 249,"$5,000+",$50 - $99 / hr,5.0,10.0,"Skynet Technologies is a versatile digital solutions provider, excelling in web development, e-commerce development, SEO, and website accessibility. With a focus on client satisfaction, 100% of reviewers praised their commitment, responsiveness, and professionalism. Clients consistently highlight th",2026-09-10T11:36:11,https://www.linkedin.com/company/skynet-technologies-usa-llc/,https://www.facebook.com/skynettechnologiesusa/,https://twitter.com/skynet_lv,https://www.instagram.com/wcag_accessible/,2002.0,"3265 Summitrun Drive Independence , KY , United States 41051"
clutch,Rocket Agency,https://clutch.co/profile/rocket-agency,https://rocketagency.com.au/?utm_source=clutch.co&utm_medium=referral&utm_campaign=au-agencies-digital-marketing,digital-marketing,Surry Hills,Australia,AU,50 - 249,"$5,000+",$150 - $199 / hr,4.9,4.0,"Rocket Agency is a digital marketing agency specializing in SEO, SEM, and social media management, known for its strategic and adaptable approach. Across the reviews, clients consistently praise their project management and responsiveness, with 100% positive feedback highlighting their industry expe",2026-09-10T11:36:11,https://www.linkedin.com/company/rocket-agency-pty-ltd/,https://www.facebook.com/therocketagency,https://twitter.com/agency_rocket,https://www.instagram.com/rocket.agency/,2017.0,"1/137 Devonshire Street Surry Hills , Australia 2010"
clutch,Business Assist,https://clutch.co/profile/business-assist,https://businessassist.net/,digital-marketing,Melbourne,Australia,AU,10 - 49,"$10,000+",$100 - $149 / hr,5.0,2.0,"Business Assist is a digital marketing agency specializing in SEO, PPC, and tailored digital strategies. They have received overwhelmingly positive feedback, with reviewers highlighting their proactive approach and deep understanding of client businesses. Approximately 90% of leads generated for one",2026-09-10T11:36:11,https://www.linkedin.com/company/business-assist-pty-ltd/,https://www.facebook.com/businessassist.net,,https://www.instagram.com/businessassist.digital,1995.0,"Level 1, 195 Little Collins Street Melbourne , Australia 3000"
clutch,AEK Media,https://clutch.co/profile/aek-media,https://aekmedia.com.au/?utm_source=clutch.co&utm_medium=referral&utm_campaign=directory,digital-marketing,Crows Nest,Australia,AU,10 - 49,"$1,000+",$100 - $149 / hr,5.0,4.0,"AEK Media is a digital marketing and web development company offering services in website design, SEO, and social media marketing. With a 100% positive feedback rate, clients consistently praise their on-time delivery, tailored approach, and alignment with company values, leading to tangible busines",2026-09-10T11:36:11,https://www.linkedin.com/company/aekmedia/,https://www.facebook.com/aekmedia/,https://twitter.com/aek_media,https://www.instagram.com/aek_media/,2018.0,"201/10-12 Clarke Street Crows Nest , Australia 2065"
clutch,80/20 Digital,https://clutch.co/profile/8020-digital,https://8020.digital/,digital-marketing,South Yarra,Australia,AU,10 - 49,"$5,000+",$150 - $199 / hr,5.0,3.0,"80/20 Digital is a digital marketing and SEO agency that excels in increasing brand awareness, generating quality leads, and strategic marketing. With a 100% positive feedback rate, clients commend their timely delivery, exceptional project management, and innovative approaches. The agency is praise",2026-09-10T11:36:11,https://www.linkedin.com/company/80-20-digital/,https://www.facebook.com/8020digital/,,https://www.instagram.com/8020.digital/,2010.0,"Suite B, Level 1/308 Toorak Rd South Yarra , Australia 3141"
clutch,Bench Media,https://clutch.co/profile/bench-media,https://benchmedia.com,digital-marketing,North Sydney,Australia,AU,10 - 49,"$10,000+",$100 - $149 / hr,5.0,3.0,"Bench Media is a digital marketing agency renowned for its expertise in media planning, campaign optimization, and strategic digital solutions. With an impressive track record, 100% of reviews highlight their responsiveness, project management excellence, and ability to deliver measurable success, s",2026-09-10T11:36:11,https://www.linkedin.com/company/benchmediagroup,,,,2012.0,"L32, 101 Miller Street North Sydney , Australia 2060"
clutch,Attention Experts,https://clutch.co/profile/attention-experts,http://www.attentionexperts.com?utm_source=clutch.co&utm_medium=referral&utm_campaign=directory,digital-marketing,Greenwich,Australia,AU,10 - 49,"$1,000+",,5.0,1.0,"Attention Experts is a social media agency known for their strategic approach to enhancing organic engagement. Reviews indicate a 100% satisfaction rate, noting their experienced team and effective client-supplier relationships. Clients appreciate their realistic social media strategies and the mark",2026-09-10T11:36:11,https://www.linkedin.com/company/17886547/,https://facebook.com/attentionexperts/,,,2016.0,"201/55 Chandos Street Greenwich , Australia 2065"
clutch,Prosperity Media,https://clutch.co/profile/prosperity-media,https://prosperitymedia.com.au/?utm_source=clutch.co&utm_medium=referral&utm_campaign=directory,digital-marketing,Surry Hills,Australia,AU,10 - 49,"$5,000+",$200 - $300 / hr,4.9,15.0,"Prosperity Media is an SEO agency renowned for its comprehensive services, including technical audits, content strategy, and link building. With an impressive 87.5% of reviews highlighting their professionalism and SEO expertise, the agency is praised for its responsiveness and timely delivery. Clie",2026-09-10T11:36:11,https://au.linkedin.com/company/prosperity-media,https://www.facebook.com/prosperitymediaAU,https://twitter.com/mediaprosperity,https://www.instagram.com/prosperitymedia,2013.0,"Level 3/58 Kippax Street Surry Hills , Australia 2010"
clutch,align.me,https://clutch.co/profile/alignme,https://align.me/?utm_source=clutch.co&utm_medium=referral&utm_campaign=directory,digital-marketing,Fitzroy,Australia,AU,10 - 49,"$5,000+",$150 - $199 / hr,5.0,1.0,"align.me is a comprehensive marketing support company known for its expertise in enhancing lead generation, managing campaigns, and providing structured marketing planning and training. The company has received overwhelmingly positive feedback, with clients praising its ability to transform inexperi",2026-09-10T11:36:11,https://www.linkedin.com/company/alignmeb2b/,https://www.facebook.com/alignmeb2b/,https://twitter.com/alignmeb2b,,1998.0,"281 Brunswick St Fitzroy , Australia 3065"
clutch,Greenhat,https://clutch.co/profile/greenhat,https://www.greenhat.net/,digital-marketing,Fortitude Valley,Australia,AU,10 - 49,"$10,000+",$100 - $149 / hr,5.0,2.0,"Greenhat is a web development and IT services company specializing in educational platforms and modernizing legacy systems. Their reviews highlight a consistent record of client satisfaction, with 100% of feedback being positive, praising their responsiveness, technical expertise, and ability to tra",2026-09-10T11:36:11,https://www.linkedin.com/company/greenhat-services/,https://www.facebook.com/greenhatdesign/,,https://www.instagram.com/greenhatdesign/,2000.0,"43 Baxter Street Fortitude Valley , Australia 4006"
clutch,DNM Digital,https://clutch.co/profile/dnm-digital,https://dnmdigital.com.au/,digital-marketing,North Strathfield,Australia,AU,10 - 49,"$1,000+",$50 - $99 / hr,5.0,9.0,"DNM Digital is a digital marketing agency specializing in SEO, web development, and social media marketing. The company consistently receives positive feedback, with over 90% of reviews highlighting their expertise, project management, and alignment with client values. They are praised for their pro",2026-09-10T11:36:11,https://www.linkedin.com/company/dnm-digital,,,,2022.0,"5 George Street North Strathfield , Australia 2137"
clutch,Social Soup,https://clutch.co/profile/social-soup,https://socialsoup.com/?utm_source=clutch.co&utm_medium=referral,digital-marketing,Redfern,Australia,AU,10 - 49,"$25,000+",,5.0,1.0,"Social Soup is a company specializing in consumer sampling and feedback analysis, particularly for the food and beverage industry. They excel in project management and communication, achieving impressive results such as exceeding trial targets by 216%. Reviews are overwhelmingly positive, with 100% ",2026-09-10T11:36:11,https://www.linkedin.com/company/socialsouphq,https://www.facebook.com/socialsouphq,,https://www.instagram.com/socialsouphq,2007.0,"61-63 Great Buckingham Street Redfern , Australia 2016"
clutch,Edge Marketing,https://clutch.co/profile/edge-marketing,https://www.edgeonline.com.au/,digital-marketing,Burleigh Heads,Australia,AU,10 - 49,"$1,000+",,,,"Edge Marketing is a SEO agency based in Burleigh Heads, Australia and Woolloongabba, Australia. They offer Search Engine Optimization and Pay Per Click. Read more",2026-09-10T11:36:11,https://www.linkedin.com/company/edgemarketingagency/mycompany/,https://www.facebook.com/edgemarketingaus/,,https://www.instagram.com/edge.marketing/,2002.0,"57 West Burleigh Road Burleigh Heads , Australia 4220"
clutch,ICON,https://clutch.co/profile/icon-3,https://iconagency.com.au/?utm_source=clutch.co&utm_medium=referral,digital-marketing,Cremorne,Australia,AU,50 - 249,"$5,000+",,,,"Midsize branding firm ICON, is located in Cremorne, Australia and Surry Hills, Australia. Their services include Branding and Public Relations. Read more",2026-09-10T11:36:11,https://www.linkedin.com/company/iconagency/,https://www.facebook.com/iconagencymelb/,,https://www.instagram.com/icon_agency/,2002.0,"suite 1 level 2/132 Gwynne Street, Cremorne VIC, Australia Cremorne , Australia 3121"
clutch,Aperitif,https://clutch.co/profile/aperitif,https://aperitifagency.com.au/,digital-marketing,South Yarra,Australia,AU,10 - 49,"$1,000+",$200 - $300 / hr,,,"Aperitif is a SEO services firm. Their small team is located in South Yarra, Australia and provides Search Engine Optimization and Pay Per Click. The company was launched in 2020. Read more",2026-09-10T11:36:11,https://www.linkedin.com/company/aperitif-agency/,https://www.facebook.com/aperitifagency/,,https://www.instagram.com/aperitifagency/,2020.0,"11 Wilson Street South Yarra , Australia 3141"
clutch,Rock Agency,https://clutch.co/profile/rock-agency,https://rockagency.com.au?utm_source=clutch.co&utm_medium=referral&utm_campaign=au-agencies-digital-marketing,digital-marketing,Cremorne,Australia,AU,10 - 49,"$10,000+",$150 - $199 / hr,,,"Rock Agency is a web design company. They provide Web Design and Web Development and were launched in 2015. The agency is headquartered in Cremorne, Australia. Read more",2026-09-10T11:36:11,https://www.linkedin.com/company/rock-digital-agency/,https://www.facebook.com/rockagencysocial,,https://www.instagram.com/rockagencysocial/,2015.0,
clutch,Multimediax,https://clutch.co/profile/multimediax,https://www.multimediax.com.au/?utm_source=clutch.co&utm_medium=referral&utm_campaign=directory,digital-marketing,Bella Vista,Australia,AU,10 - 49,"$5,000+",$200 - $300 / hr,,,"Multimediax, a Digital Strategy company, is based in Bella Vista, Australia. Their services include Digital Strategy and Content Marketing. Read more",2026-09-10T11:36:11,https://www.linkedin.com/company/multimediax/,https://www.facebook.com/mmxdigital/,https://twitter.com/mmxdigital,,2001.0,"B42, 24 Lexington Drive Bella Vista , Australia 2153"
clutch,Social Status,https://clutch.co/profile/social-status,https://socialstatus.com.au/?utm_source=clutch.co&utm_medium=referral&utm_campaign=directory,digital-marketing,South Melbourne,Australia,AU,10 - 49,"$1,000+",$100 - $149 / hr,5.0,1.0,"Social Status provides SEO and competitive research services, making UI and content suggestions to enhance client website performance. Reviews indicate that Social Status effectively increased user engagement and conversions while maintaining excellent communication and project management. Clients p",2026-09-10T11:36:11,https://www.linkedin.com/company/3960335/admin/,https://www.facebook.com/SocialStatusMedia,,,2015.0,"Level 1, 210 Albert Road South Melbourne , Australia 3205"
clutch,In Marketing We Trust,https://clutch.co/profile/marketing-we-trust,https://inmarketingwetrust.com.au,digital-marketing,Sydney,Australia,AU,10 - 49,"$10,000+",$150 - $199 / hr,,,"In Marketing We Trust is a small Sydney, Australia-based SEO agency. The team offers Search Engine Optimization and Advertising. Read more",2026-09-10T11:36:11,https://www.linkedin.com/company/in-marketing-we-trust/,,,,2010.0,"383 George Street Sydney , Australia 2000"
clutch,Worldwide Backlinks,https://clutch.co/profile/worldwide-backlinks,https://www.worldwidebacklinks.com,digital-marketing,South Yarra,Australia,AU,10 - 49,"$1,000+",$25 - $49 / hr,,,"Worldwide Backlinks is a SEO agency based in South Yarra, Australia. They specialize in Search Engine Optimization and Other Marketing. Read more",2026-09-10T11:36:11,,,,,2022.0,"Church Street Bridge South Yarra , Australia 3121"
clutch,Bright Labs,https://clutch.co/profile/bright-labs,https://www.brightlabs.com.au/?utm_source=clutch.co&utm_medium=referral,digital-marketing,Melbourne,Australia,AU,10 - 49,"$50,000+",$150 - $199 / hr,,,"Web design company Bright Labs is headquartered in Melbourne, Australia. Their services include Web Design and Web Development. Read more",2026-09-10T11:36:11,https://www.linkedin.com/company/brightlabs-pty-ltd/,https://www.facebook.com/Brightlabs/,https://twitter.com/bright_labs,,2004.0,"607 Bourke Street Melbourne , Australia 3000"
clutch,Webcoda,https://clutch.co/profile/webcoda,https://www.webcoda.com.au/?utm_source=clutch.co&utm_medium=referral,digital-marketing,Surry Hills,Australia,AU,10 - 49,"$10,000+",$200 - $300 / hr,,,"Webcoda, a website development firm, is based in Surry Hills, Australia. Their services include Web Development and Artificial Intelligence. Read more",2026-09-10T11:36:11,https://www.linkedin.com/company/webcoda,https://www.facebook.com/webcodasydney,https://twitter.com/webcoda,,2005.0,"80 Cooper Street Surry Hills , Australia 2010"
clutch,Megaphone Marketing,https://clutch.co/profile/megaphone-marketing,https://megaphone.com.au/clutch-awards/?utm_source=clutch.co&utm_medium=referral&utm_campaign=digital-marketing-agencies-australia,digital-marketing,Cremorne,Australia,AU,50 - 249,"$5,000+",$100 - $149 / hr,,20.0,,2026-09-10T11:36:11,,,,,2013.0,
clutch,Sydney Digital Marketing Agency,https://clutch.co/profile/sydney-digital-marketing-agency,https://sydneydigitalmarketing.com.au/?utm_source=clutch.co&utm_medium=referral&utm_campaign=au-agencies-digital-marketing,digital-marketing,Sydney,Australia,AU,10 - 49,"$10,000+",$150 - $199 / hr,,20.0,,2026-09-10T11:36:11,,,,,2012.0,"388 George Street Sydney , Australia 2000"
clutch,Paradox Marketing,https://clutch.co/profile/paradox-marketing,https://paradoxmarketing.io/?utm_source=clutch.co&utm_medium=referral&utm_campaign=au-agencies-digital-marketing,digital-marketing,Seacombe Heights,Australia,AU,50 - 249,"$1,000+",$25 - $49 / hr,,20.0,,2026-09-10T11:36:11,,,,,2015.0,"7603 Southern Brook Bend Tampa , FL , United States 33635 1 15614688670 Seacombe Heights , Australia 21 Tarnham rd 5047"
clutch,Neon Treehouse,https://clutch.co/profile/neon-treehouse,https://neontreehouse.com,digital-marketing,Adelaide,Australia,AU,10 - 49,"$5,000+",$150 - $199 / hr,,20.0,,2026-09-10T11:36:11,,,,,2012.0,"Level 1, 303 Pulteney Street Adelaide , Australia 5000"
clutch,Online Marketing Gurus,https://clutch.co/profile/online-marketing-gurus,https://onlinemarketinggurus.com.au/?utm_source=clutch&utm_medium=cpc&utm_campaign=au-agencies-digital-marketing,digital-marketing,Crows Nest,Australia,AU,50 - 249,"$1,000+",$100 - $149 / hr,,20.0,,2026-09-10T11:36:11,,,,,2012.0,"127 Alexander Street Crows Nest , Australia 2065"
clutch,Soup Agency,https://clutch.co/profile/soup-agency,https://soupagency.com.au/?utm_source=clutch.co&utm_medium=referral&utm_campaign=au-agencies-digital-marketing,digital-marketing,Sydney,Australia,AU,2 - 9,"$1,000+",$50 - $99 / hr,,20.0,,2026-09-10T11:36:11,https://www.linkedin.com/company/soupagency/,https://www.facebook.com/soup-agency-1237114203126907/,,https://www.instagram.com/soup_agency/,2018.0,"60-62 Clarence Street Sydney , Australia 2000"
clutch,Insil,https://clutch.co/profile/insil,http://www.insil.com.au/?utm_source=clutch.co&utm_medium=referral&utm_campaign=directory,digital-marketing,North Sydney,Australia,AU,10 - 49,"$5,000+",$200 - $300 / hr,,20.0,,2026-09-10T11:36:11,,,,,2016.0,"801/71 Walker St North Sydney , Australia 2060"
clutch,Searcht,https://clutch.co/profile/searcht,https://searcht.au/?utm_source=clutch.co&utm_medium=referral&utm_campaign=au-agencies-digital-marketing,digital-marketing,Spring Hill,Australia,AU,2 - 9,"$1,000+",$100 - $149 / hr,,20.0,,2026-09-10T11:36:11,,,,,2010.0,"Ground Floor, 477 Boundary Street Spring Hill , Australia 4000"
clutch,Local Digital,https://clutch.co/profile/local-digital,https://www.localdigital.com.au/?utm_source=clutch.co&utm_medium=referral&utm_campaign=au-agencies-digital-marketing,digital-marketing,Parramatta,Australia,AU,10 - 49,"$1,000+",$100 - $149 / hr,,20.0,,2026-09-10T11:36:11,,,,,2015.0,"Level 4, 9 George St Parramatta , Australia 2150"
clutch,SAVV DIGITAL,https://clutch.co/profile/savv-digital,https://www.savvdigital.com.au/?utm_source=clutch.co&utm_medium=referral&utm_campaign=digital-marketing-agencies-australia,digital-marketing,North Sydney,Australia,AU,2 - 9,"$5,000+",$100 - $149 / hr,,20.0,,2026-09-10T11:36:11,,,,,2016.0,"202, 110 Pacific Highway North Sydney , Australia 2060"
clutch,Webential,https://clutch.co/profile/webential,https://www.webential.com/?utm_source=clutch.co&utm_medium=referral&utm_campaign=directory,digital-marketing,Wentworthville,Australia,AU,10 - 49,"$5,000+",$25 - $49 / hr,,20.0,,2026-09-10T11:36:11,,,,,2008.0,"32 Mayfield Street Wentworthville , Australia 2145"
clutch,Smith Brothers Media,https://clutch.co/profile/smith-brothers-media-0,https://smithbrothersmedia.com.au/?utm_source=clutch.co&utm_medium=referral&utm_campaign=directory,digital-marketing,Cheltenham,Australia,AU,50 - 249,"$1,000+",$150 - $199 / hr,,20.0,,2026-09-10T11:36:11,,,,,2012.0,"16/347 Bay Rd Cheltenham , Australia 3192"
clutch,Sparro,https://clutch.co/profile/sparro,https://sparro.com.au,digital-marketing,Haymarket,Australia,AU,10 - 49,"$1,000+",$150 - $199 / hr,,20.0,,2026-09-10T11:36:11,,,,,2010.0,"Level 2, 727 George St Haymarket , Australia 2000"
clutch,Yo Media,https://clutch.co/profile/yo-media,https://yomedia.com.au/,digital-marketing,Richmond,Australia,AU,10 - 49,"$5,000+",$300+ / hr,,20.0,,2026-09-10T11:36:11,,,,,2013.0,"501 Church Street Richmond , Australia 3121"
clutch,Marketix Digital,https://clutch.co/profile/marketix-digital,https://marketixdigital.com.au,digital-marketing,Concord,Australia,AU,2 - 9,"$5,000+",$150 - $199 / hr,,20.0,,2026-09-10T11:36:11,,,,,2019.0,"113 Burwood Road Concord , Australia 2137"
clutch,Aston Social,https://clutch.co/profile/aston-social,https://astonsocial.com.au/?utm_source=clutch.co&utm_medium=referral&utm_campaign=directory,digital-marketing,Melbourne,Australia,AU,2 - 9,"$1,000+",$150 - $199 / hr,,20.0,,2026-09-10T11:36:11,,,,,2012.0,"Aston Social, Exchange Tower, Level 1, 530 Little Collins St Melbourne , Australia 3000"
clutch,Design Box Digital,https://clutch.co/profile/design-box-digital,https://www.designbox.com.au,digital-marketing,Beaconsfield,Australia,AU,10 - 49,"$1,000+",$150 - $199 / hr,5.0,4.0,"Design Box Digital is a digital marketing and SEO company specializing in website development, SEO optimization, and paid advertising. Client reviews collectively highlight their expertise, responsiveness, and effective project management, with 100% positive feedback regarding their communication an",2026-09-10T11:36:29,,,,,2005.0,"Oneil Rd Beaconsfield , Australia 3807"
clutch,eMarket Experts,https://clutch.co/profile/emarket-experts,https://www.emarketexperts.com.au/?utm_source=clutch.co&utm_medium=referral&utm_campaign=directory,digital-marketing,Melbourne,Australia,AU,10 - 49,"$5,000+",$100 - $149 / hr,5.0,24.0,"eMarket Experts is a digital marketing agency specializing in SEO and PPC campaigns. Across multiple reviews, clients commend their alignment with company values, responsiveness, and project management skills. Approximately 100% of the feedback highlights their effectiveness in improving web traffic",2026-09-10T11:36:29,,,,,2013.0,"Level 2, 608W Saint Kilda Road Melbourne , Australia 3004"
clutch,Business Warriors | Digital Marketing Agency,https://clutch.co/profile/business-warriors-digital-marketing-agency,https://businesswarriors.global/?utm_source=clutch.co&utm_medium=referral&utm_campaign=directory,digital-marketing,Perth,Australia,AU,10 - 49,"$1,000+",$100 - $149 / hr,5.0,3.0,"Business Warriors | Digital Marketing Agency is a digital marketing firm specializing in SEO strategies, paid advertising, and comprehensive digital marketing services. Reviewers commend the agency for their responsiveness, adaptability, and personal investment in client success. Clients report nota",2026-09-10T11:36:29,,,,,2018.0,"152 St Georges Terrace Perth , Australia 6000"
clutch,Think Creative Agency,https://clutch.co/profile/think-creative-agency,https://www.thinkcreativeagency.com.au/,digital-marketing,Chatswood,Australia,AU,10 - 49,"$1,000+",$150 - $199 / hr,5.0,1.0,"Think Creative Agency is a creative services company specializing in brand design, strategy development, and marketing collateral. Reviews highlight their exceptional knowledge, dedication, and ease of communication, with 100% of feedback describing positive experiences and high recommendations for ",2026-09-10T11:36:29,,,,,2012.0,"Suite 2, Level 10, Tower 1, 475 Victoria Avenue Chatswood , Australia 2067"
clutch,Intentional,https://clutch.co/profile/intentional,https://www.intention.al/case-studies,digital-marketing,Mont Albert North,Australia,AU,10 - 49,"$5,000+",$150 - $199 / hr,4.7,9.0,"Intentional is a specialized digital marketing agency focusing on PPC management and social ad campaigns across various platforms like Google, Facebook, and Instagram. Reviewers consistently highlight their professionalism and innovative approach, with 100% mentioning their expertise and 87% noting ",2026-09-10T11:36:29,,,,,2011.0,"16 Arcade Road Mont Albert North , Australia 3129"
clutch,Pixelstorm,https://clutch.co/profile/pixelstorm,https://pixelstorm.com.au/?utm_source=clutch.co&utm_medium=referral&utm_campaign=directory,digital-marketing,Cremorne,Australia,AU,10 - 49,"$5,000+",$100 - $149 / hr,4.9,4.0,"Pixelstorm is a specialized digital marketing agency offering services in SEO, website management, and social media advertising. The reviews indicate a 100% positive feedback, with clients appreciating their Australian-based team, consultative approach, and technical expertise, resulting in improved",2026-09-10T11:36:29,,,,,2000.0,"132 Cremorne St Cremorne , Australia 3121"
clutch,Vine Street Digital – Out of Business,https://clutch.co/profile/vine-street-digital-out-business,https://www.vinestreetdigital.com/?utm_source=clutch.co&utm_medium=referral&utm_campaign=directory,digital-marketing,Milton,Australia,AU,10 - 49,"$1,000+",,5.0,26.0,"Vine Street Digital – Out of Business was a specialized PPC and social media marketing agency based in Australia. The company received overwhelmingly positive feedback, with nearly 100% of reviewers highlighting their expertise in PPC campaigns, detailed attention to service, and effective communica",2026-09-10T11:36:29,,,,,2015.0,"Level 1, 16 McDougall Street Milton , Australia 4064"
clutch,Ape-X SEO and PPC Services,https://clutch.co/profile/ape-x-seo-ppc-services,https://www.ape-x.com.au/,digital-marketing,Brisbane City,Australia,AU,10 - 49,"$5,000+",$50 - $99 / hr,5.0,1.0,"Ape-X SEO and PPC Services is an SEO agency that specializes in scaling organic traffic and providing paid media management. The reviews highlight their exceptional communication and cultural fit, with 100% positive feedback on their timely delivery and comprehensive site audits. Clients praise thei",2026-09-10T11:36:29,,,,,2018.0,"Ape-X, Level 18, 324 Queen Street, Brisbane City , Australia 4000"
clutch,KDM Digital Marketing,https://clutch.co/profile/kdm-digital-marketing,https://kdm.com.au/?utm_source=clutch.co&utm_medium=referral&utm_campaign=directory,digital-marketing,Fortitude Valley,Australia,AU,10 - 49,"$1,000+",$150 - $199 / hr,5.0,3.0,"KDM Digital Marketing is a comprehensive digital marketing agency specializing in social media marketing, search engine optimization (SEO), and Google Ads management. Across multiple reviews, 100% of clients report increased traffic and conversions, with notable mentions of a 219% rise in Google Ads",2026-09-10T11:36:29,,,,,2013.0,"35 Berwick Street Fortitude Valley , Australia 4006"
clutch,TheHypeSociety,https://clutch.co/profile/thehypesociety,https://www.thehypesociety.com.au/?utm_source=clutch.co&utm_medium=referral&utm_campaign=directory,digital-marketing,Southbank,Australia,AU,10 - 49,"$5,000+",$150 - $199 / hr,5.0,4.0,"TheHypeSociety is a digital marketing agency specializing in SEO, Google Ads, and social media marketing. Their clients consistently praise their strong communication skills and effective project management. With 100% positive feedback, over 50% of reviewers highlight their impressive service level ",2026-09-10T11:36:29,,,,,2020.0,"2 Southbank Blvd Southbank , Australia 3006"
clutch,Hydra Digital Pty Ltd,https://clutch.co/profile/hydra-digital-pty,https://hydradigital.com.au/,digital-marketing,Brisbane City,Australia,AU,10 - 49,"$5,000+",$150 - $199 / hr,5.0,3.0,"Hydra Digital Pty Ltd is a digital marketing agency specializing in SEO, digital advertising, and web development. Their client feedback is overwhelmingly positive, with 100% of reviewers praising their professionalism, innovative solutions, and effective project management. Clients report significa",2026-09-10T11:36:29,,,,,2015.0,"123 Eagle Street Brisbane City , Australia 4000"
clutch,Reform Digital,https://clutch.co/profile/reform-digital,http://www.reformdigital.com.au/?utm_source=clutch.co&utm_medium=referral&utm_campaign=directory,digital-marketing,Chadstone,Australia,AU,10 - 49,"$1,000+",$100 - $149 / hr,4.9,11.0,"Reform Digital is a digital marketing agency specializing in SEO, Google Ads, and social media marketing. Across their reviews, clients consistently praise their ability to improve ad performance and increase conversions, with some reporting up to a 156% growth in social media engagement and a 98% i",2026-09-10T11:36:29,,,,,2020.0,"Level 2 UL40/1341 Dandenong Road Chadstone , Australia 3148"
clutch,Digiwhiz,https://clutch.co/profile/digiwhiz,https://www.digiwhiz.com.au,digital-marketing,Moorabbin,Australia,AU,10 - 49,"$1,000+",$25 - $49 / hr,4.5,10.0,"Digiwhiz is a digital marketing agency offering SEO, Google Ads, and web development services. While 75% of reviewers praised their efficiency, responsiveness, and ability to significantly increase business inquiries, one review highlighted dissatisfaction with their SEO results. Overall, Digiwhiz i",2026-09-10T11:36:29,,,,,2013.0,"Waterman Business Centre level 1/13 Cochranes Rd, Moorabbin, VIC 3189 Australia Moorabbin , Australia 3189"
clutch,AndMine,https://clutch.co/profile/andmine,https://www.andmine.com/,digital-marketing,Melbourne,Australia,AU,50 - 249,"$5,000+",$100 - $149 / hr,5.0,1.0,"AndMine is a web development and digital marketing company noted for creating superior websites and enhancing user experience. The company receives overwhelmingly positive feedback, with 100% of the reviewers praising their teamwork and project management. Clients appreciate the increased market pre",2026-09-10T11:36:29,,,,,2009.0,"Level 14, 333 Collins Street Melbourne , Australia 3000"
clutch,Seriously Good Design,https://clutch.co/profile/seriously-good-design,https://sgd.com.au,digital-marketing,Collingwood,Australia,AU,10 - 49,"$10,000+",$100 - $149 / hr,5.0,1.0,"SGD SGD is a web development company renowned for its professional approach and attention to detail, particularly in crafting luxury online boutiques. They have received overwhelmingly positive feedback, with 100% of reviewers highlighting their effective communication and prompt responsiveness. Cli",2026-09-10T11:36:29,,,,,2013.0,"88 Langridge Street Collingwood , Australia 3066"
clutch,GRG,https://clutch.co/profile/grg,https://grg.co,digital-marketing,Sydney,Australia,AU,10 - 49,"$1,000+",$150 - $199 / hr,5.0,13.0,"Global Rev Gen Pty Ltd is a digital marketing agency specializing in international lead generation, media strategy, and social media marketing. Reviews indicate a 100% positive feedback rate, highlighting their professionalism, effective project management, and collaborative approach. Approximately ",2026-09-10T11:36:29,,,,,2009.0,"Level 11, 6 O’Connell Street Sydney NSW, 2000 Sydney , Australia 2000"
clutch,Relevant Digital,https://clutch.co/profile/relevant-digital,https://www.relevantdigital.com.au,digital-marketing,Melbourne,Australia,AU,10 - 49,"$50,000+",$100 - $149 / hr,5.0,3.0,"Relevant Digital is a digital marketing and web development company specializing in building and integrating websites with platforms like Shopify. They receive overwhelmingly positive feedback, with 100% of reviewers praising their efficiency, responsiveness, and the proactive approach of their Head",2026-09-10T11:36:29,,,,,2019.0,"Suite 805, 220 Collins St Melbourne , Australia 3000"
clutch,Digital Eagles Marketing Agency,https://clutch.co/profile/digital-eagles-marketing-agency,https://www.digitaleagles.com.au/,digital-marketing,Narre Warren,Australia,AU,10 - 49,"$1,000+",$100 - $149 / hr,5.0,3.0,"Digital Eagles Marketing Agency is a versatile digital marketing firm specializing in services such as SEO, website development, and brand building. Based on client feedback, 100% of reviewers commend their effective communication, creativity, and rapid results. The agency is recognized for its seam",2026-09-10T11:36:29,,,,,2015.0,"66 Victor Cres Narre Warren , Australia 3805"
clutch,L&A Social Media,https://clutch.co/profile/la-social-media,http://landasocial.com,digital-marketing,Surry Hills,Australia,AU,10 - 49,"$1,000+",$100 - $149 / hr,4.8,2.0,"L&A Social Media is a social media strategy and management company renowned for its expertise in developing and executing digital strategies across various platforms. With 100% positive feedback from clients, they are praised for their ability to drive brand engagement, increase sales, and foster st",2026-09-10T11:36:29,,,,,2012.0,"28 Richards Avenue Surry Hills , Australia 2010"
clutch,Clickmatix,https://clutch.co/profile/clickmatix,https://www.clickmatix.com.au/?utm_source=clutch.co&utm_medium=referral&utm_campaign=clutch,digital-marketing,Docklands,Australia,AU,10 - 49,"$1,000+",$100 - $149 / hr,4.7,15.0,"Clickmatix is an SEO and digital marketing agency specializing in enhancing online visibility through services such as SEO, website redevelopment, and content marketing. Reviews reflect a mixed reception, with approximately 70% of clients experiencing positive outcomes like increased website traffic",2026-09-10T11:36:29,,,,,2014.0,"Suite 409, 838 Collins Street Docklands , Australia 3008"
clutch,Jigsaw Ensemble Pty Ltd,https://clutch.co/profile/jigsaw-ensemble-pty,https://www.jgsw.com.au,digital-marketing,Brunswick West,Australia,AU,10 - 49,"$1,000+",$25 - $49 / hr,4.8,2.0,"Jigsaw Ensemble Pty Ltd is a company specializing in website design and data analysis. Reviews highlight their exceptional ability to integrate creative design with data-driven insights, significantly enhancing user experience and conversions. Approximately 100% Show More See all 2 projects",2026-09-10T11:36:29,,,,,2019.0,"1 Olive York Way Brunswick West , Australia 3055"
clutch,Digital Crew,https://clutch.co/profile/digital-crew-0,https://www.digitalcrew.agency,digital-marketing,Surry Hills,Australia,AU,10 - 49,"$5,000+",$150 - $199 / hr,4.5,1.0,"Digital Crew is a full-service digital marketing agency specializing in bilingual marketing, offering services such as SEO, Google Ads, and reputation management in both English and Chinese. The overall feedback from clients highlights their expertise and effective communication, with notable succes",2026-09-10T11:36:29,,,,,2014.0,"13-15 Wentworth Ave, 301 Surry Hills , Australia 2010"
clutch,Melotti Content Media,https://clutch.co/profile/melotti-content-media,https://www.melottimedia.com.au/,digital-marketing,Sydney,Australia,AU,10 - 49,"$1,000+",,5.0,3.0,"Melotti Content Media is a premier content and copywriting agency renowned for its expertise in crafting engaging scripts, brand messaging, and digital content. They consistently receive positive feedback, with 100% of reviews praising their attention to detail, swift delivery, and ability to exceed",2026-09-10T11:36:29,,,,,2012.0,"70 King Street Sydney , Australia 2000"
clutch,Conversion Digital,https://clutch.co/profile/conversion-digital-0,https://www.conversiondigital.com.au/?utm_source=clutch.co&utm_medium=referral&utm_campaign=directory,digital-marketing,Notting Hill,Australia,AU,50 - 249,"$1,000+",$150 - $199 / hr,4.8,2.0,"Conversion Digital is a digital marketing agency specializing in web maintenance, SEO, and enhancing customer experiences. The company receives overwhelmingly positive feedback, with clients appreciating their timely delivery, effective communication, and expertise; 100% of reviewers highlight their",2026-09-10T11:36:29,,,,,2010.0,"93-97 Normanby Road Notting Hill , Australia 3168"
clutch,Patch Agency,https://clutch.co/profile/patch-agency-0,https://www.patchagency.com.au/,digital-marketing,Brisbane City,Australia,AU,10 - 49,"$1,000+",$100 - $149 / hr,5.0,1.0,"Patch Agency is a digital media company specializing in social media management. The overall feedback from clients is overwhelmingly positive, with 100% of the reviewers highlighting their professionalism, effective communication, and expertise in digital marketing. Clients appreciate their availabi",2026-09-10T11:36:29,,,,,2020.0,"510 Adelaide Street Brisbane City , Australia 4000"
clutch,Search Rescue,https://clutch.co/profile/search-rescue,https://searchrescue.com.au/,digital-marketing,Bondi Junction,Australia,AU,10 - 49,"$1,000+",$100 - $149 / hr,5.0,1.0,"Search Rescue is an SEO agency renowned for its exceptional ability to enhance online visibility and sales. According to reviews, the agency consistently delivers impressive outcomes, such as improving search rankings from 100+ to 1-3 for targeted keywords, resulting in substantial sales growth. The",2026-09-10T11:36:29,,,,,2016.0,"520 Oxford St Bondi Junction , Australia 2022"
clutch,77Digital PTY LTD,https://clutch.co/profile/77digital-pty,https://77digital.com.au,digital-marketing,Docklands,Australia,AU,10 - 49,"$1,000+",< $25 / hr,5.0,1.0,"77Digital PTY LTD is a digital marketing company specializing in SEO services. The reviews highlight their effectiveness in improving keyword rankings, with 100% of clients appreciating their competitive pricing and impressive Google expertise. While workflow challenges due to time differences were ",2026-09-10T11:36:29,,,,,2020.0,"Suite 127, Collins Square Tower 5, Level 23, 727 Collin St. Docklands , Australia 3008"
clutch,Cube Online,https://clutch.co/profile/cube-online-0,http://www.cubeonline.com.au,digital-marketing,Rosebery,Australia,AU,50 - 249,"$5,000+",,5.0,2.0,Cube Online is a digital marketing and website development company specializing in SEO services and web design. Their clients commend their outstanding customer service and adherence to deadlines. Cube Online's ability to deliver professional and modern website designs has impressed 100% of reviewer,2026-09-10T11:36:29,,,,,2015.0,"Level 3/61 Dunning Avenue Rosebery , Australia 2018"
clutch,Digital Attraction,https://clutch.co/profile/digital-attraction,https://digitalattraction.solutions/,digital-marketing,Cheltenham,Australia,AU,10 - 49,"$1,000+",$25 - $49 / hr,5.0,1.0,"Digital Attraction is a digital marketing agency specializing in website management and SEO services. Reviews highlight their effective communication, quick response times, and cost-effective solutions. With 100% positive feedback, clients appreciate their ability to improve website exposure on Goog",2026-09-10T11:36:29,,,,,2015.0,"1253 Nepean Highway Cheltenham , Australia 3192"
clutch,Opollo Marketing Agency,https://clutch.co/profile/opollo-marketing-agency,https://opollo.com,digital-marketing,Melbourne,Australia,AU,10 - 49,"$1,000+",$100 - $149 / hr,4.9,15.0,"Opollo Marketing Agency is a digital marketing firm specializing in SEO, campaign optimization, and strategic digital planning. The agency consistently receives praise across reviews for their tailored, data-driven marketing solutions, with 100% of reviewers highlighting their strategic approach and",2026-09-10T11:36:29,,,,,2017.0,"360 Collins St. Melbourne , Australia 3000"
clutch,PSM Digital Agency,https://clutch.co/profile/psm-digital-agency-0,https://psmdigital.com.au,digital-marketing,South Morang,Australia,AU,50 - 249,"$1,000+",< $25 / hr,4.9,6.0,"PSM Digital Agency, a digital marketing firm, receives overwhelmingly positive feedback for their SEO and digital marketing services, with 100% of reviewers noting significant improvements in online presence and lead generation. Clients commend their dedication, innovative strategies, and effective ",2026-09-10T11:36:29,,,,,2007.0,"797 Plenty Road South Morang , Australia 3752"
clutch,Gomeeki,https://clutch.co/profile/gomeeki,http://gomeeki.com,digital-marketing,Lavender Bay,Australia,AU,10 - 49,"$25,000+",$100 - $149 / hr,4.8,2.0,"Gomeeki is a mobile app development company known for creating tailored solutions, including fan-engagement apps and innovative mobile shopping experiences. Their clients praise their project management skills and collaborative approach. Approximately 100% of reviews highlight Gomeeki's professional",2026-09-10T11:36:29,,,,,2008.0,"9 Middlemiss Street Lavender Bay , Australia 2060"
clutch,Gorilla 360,https://clutch.co/profile/gorilla-360,https://www.gorilla360.com.au/,digital-marketing,Carrington,Australia,AU,10 - 49,"$5,000+",$200 - $300 / hr,5.0,1.0,"Gorilla 360 is an SEO agency that specializes in enhancing online visibility through a comprehensive range of SEO services, including technical markup, content development, and structured data. Reviews indicate a strong positive sentiment, with 100% of feedback praising their communication, timely d",2026-09-10T11:36:29,,,,,2011.0,"15 Darling Street Carrington , Australia 2294"
clutch,Digital Hitmen,https://clutch.co/profile/digital-hitmen,https://www.digitalhitmen.com.au/,digital-marketing,Attadale,Australia,AU,10 - 49,,,5.0,3.0,"Digital Hitmen is a digital marketing agency specializing in web development, SEO, and digital strategy enhancement. The majority of their reviews are positive, with clients praising their professional communication and effective project management, leading to significant increases in website traffi",2026-09-10T11:36:29,,,,,2017.0,"1/11 Hislop Rd Attadale , Australia 6156"
clutch,SEO Assistance,https://clutch.co/profile/seo-assistance,https://www.seoassistance.net/,digital-marketing,Sydney,Australia,AU,10 - 49,"$5,000+",$50 - $99 / hr,5.0,4.0,"SEO Assistance is an SEO agency noted for its effective strategies in improving website visibility and search engine ranking. Based on the reviews, 100% of the feedback is positive, emphasizing their proactive communication and timely delivery. Key achievements include increased organic traffic and ",2026-09-10T11:36:29,,,,,2019,"99 York Street Sydney , Australia 2000"
clutch,Mash Media,https://clutch.co/profile/mash-media,https://mash.media/,digital-marketing,Sydney,Australia,AU,10 - 49,"$1,000+",$100 - $149 / hr,5.0,2.0,"Mash Media is a comprehensive digital agency specializing in web development, SEO, and advertising services, known for delivering outstanding results. Reviewers consistently praise their professional project management and exceptional team, with 100% positive feedback highlighting increased client e",2026-09-10T11:36:30,,,,,2009,"Suite 703, Level 7 The Trust Building 155 King Street Sydney , Australia 2000"
clutch,BidPixel Pty Ltd,https://clutch.co/profile/bidpixel-pty,http://www.bidpixel.com,digital-marketing,Southport,Australia,AU,10 - 49,"$1,000+",$100 - $149 / hr,5.0,2.0,"BidPixel Pty Ltd is a digital marketing agency specializing in social media marketing and online advertising, particularly via Facebook and Google Ads. Clients commend BidPixel for their commitment to understanding business needs and delivering impressive results, with a strong return on ad spend an",2026-09-10T11:36:30,,,,,2017,"Suite 30404/9 Lawson St Southport , Australia 4215"
clutch,12Three,https://clutch.co/profile/12three,https://www.12three.com.au,digital-marketing,Melbourne,Australia,AU,10 - 49,"$1,000+",$50 - $99 / hr,5.0,1.0,"12Three is a web development company that specializes in designing and developing high-converting websites. Based on the reviews, 100% of the feedback highlights their ability to deliver projects ahead of schedule and meet client requirements precisely. Additionally, the company has demonstrated the",2026-09-10T11:36:30,,,,,2007,"1 Queens Road Melbourne , Australia 3004"
clutch,Illicium,https://clutch.co/profile/illicium,https://illicium.com.au/?utm_source=clutch.co&utm_medium=referral&utm_campaign=directory,lead-generation,Mascot,Australia,AU,10 - 49,"$10,000+",$50 - $99 / hr,4.8,23.0,"Illicium is a dynamic Sales Agency specializing in Sales Outsourcing Solutions, including Sales Team Augmentation and Sales Support Services. The company receives high praise for its project management and adaptability, with approximately 90% of reviewers expressing satisfaction with their responsiv",2026-09-10T11:38:09,,,,,2018,"134 O'Riordan Street Mascot , Australia 2020"
clutch,Pointer Strategy,https://clutch.co/profile/pointer-strategy,https://pointerstrategy.com,lead-generation,Melbourne,Australia,AU,10 - 49,"$5,000+",$50 - $99 / hr,5.0,6.0,"Pointer Strategy is a sales outsourcing solutions company specializing in outsourced SDR services, cold email campaigns, and appointment setting. Reviews consistently highlight their deep industry expertise, responsiveness, and ability to enhance sales pipelines and lead generation, with a strong cu",2026-09-10T11:38:09,,,,,2021,"152 Elizabeth St Melbourne , Australia 3000"
clutch,Salesdeck,https://clutch.co/profile/salesdeck,http://www.salesdeck.com.au,lead-generation,Pymble,Australia,AU,10 - 49,"$5,000+",$50 - $99 / hr,5.0,1.0,"Salesdeck is a sales outsourcing solutions provider specializing in lead generation and partner acquisition. They demonstrated strong project management skills, delivering tasks on time and within budget, and maintained efficient communication. With 100% positive feedback, clients commend their prof",2026-09-10T11:38:09,,,,,2021,"25 Ryde Road Pymble , Australia 2073"
clutch,Lead Express,https://clutch.co/profile/lead-express-0,https://www.leadexpress.com.au,lead-generation,Scoresby,Australia,AU,10 - 49,"$5,000+",,4.8,2.0,"Lead Express is a lead generation company that excels in building high-quality, executive-level prospects for various industries. The firm has received overwhelmingly positive feedback, with a notable 2400% ROI in one project and consistent praise for understanding client needs. Clients appreciate t",2026-09-10T11:38:09,,,,,2014,"44 Lakeview Dr Scoresby , Australia 3179"
clutch,Forrest Marketing Group,https://clutch.co/profile/forrest-marketing-group,https://www.fmgroup.com.au,lead-generation,Manly Vale,Australia,AU,50 - 249,"$25,000+",,,,"Forrest Marketing Group is a Customer Service Outsourcing company. The company is headquartered in Manly Vale, Australia. Their team provides Customer Service Outsourcing and Sales Outsourcing. Read more",2026-09-10T11:38:09,,,,,2006,"2/277 Condamine Street Manly Vale , Australia 2093"
clutch,Evolved Contact,https://clutch.co/profile/evolved-contact,https://www.evolvedcontact.com.au/,lead-generation,Melbourne,Australia,AU,10 - 49,"$5,000+",$50 - $99 / hr,,,"Telephone answering service and Sales Outsourcing company Evolved Contact is headquartered in Melbourne, Australia. Launched in 2014, the team offers Call Center Services and Sales Outsourcing. Read more",2026-09-10T11:38:09,,,,,2014,"Collins Street Melbourne , Australia 3000"
clutch,Gen Leads,https://clutch.co/profile/gen-leads,https://genleads.com.au/,lead-generation,Sydney,Australia,AU,10 - 49,"$5,000+",$50 - $99 / hr,,,"Sales Outsourcing company Gen Leads was established in 2011. The team offers Sales Outsourcing and Marketing Strategy and is located in Sydney, Australia. Read more",2026-09-10T11:38:09,,,,,2011,"Suite 703, Level 7 The Trust Building 155 King Street Sydney , Australia 2000"
clutch,SalesPond,https://clutch.co/profile/salespond,https://www.salespond.com/,lead-generation,Sydney,Australia,AU,50 - 249,"$5,000+",$25 - $49 / hr,4.5,1.0,"SalesPond offers services including Sales Team Augmentation, Sales Staffing, and Sales Performance Enhancement. The overall feedback across their reviews highlights their ability to generate qualified leads and their strong project management. Clients commend SalesPond for their responsiveness, flex",2026-09-10T11:38:09,,,,,2011,"50 Bridge Street Sydney , Australia 2000"
clutch,Cross Angle,https://clutch.co/profile/cross-angle,https://www.crossangle.com.au,lead-generation,Broadmeadows,Australia,AU,50 - 249,,< $25 / hr,,,Cross Angle is a midsize graphic design company founded in 2008. Their team offers Graphic Design and Back Office Outsourcing. Read more,2026-09-10T11:38:09,,,,,2008,"Pearcedale Pde Broadmeadows , Australia 3047"
clutch,Gravitate Digital,https://clutch.co/profile/gravitate-digital,https://www.gravitatedigital.com.au/,lead-generation,Bogangar,Australia,AU,10 - 49,"$10,000+",$150 - $199 / hr,,,"Founded in 2019, Gravitate Digital is a small Bogangar, Australia-based Advertising company. Their team offers Advertising and Social Media Marketing. Read more",2026-09-10T11:38:09,,,,,2019,"79-83 Tweed Coast Rd, Cabarita Beach Bogangar , Australia 2488"
clutch,CallForce,https://clutch.co/profile/callforce,https://www.callforce.com.au,lead-generation,Moorabbin,Australia,AU,10 - 49,"$5,000+",$50 - $99 / hr,,,"CallForce is a phone answering service. The team offers Call Center Services and Sales Outsourcing and is located in Moorabbin, Australia and Bentleigh East, Australia. Read more",2026-09-10T11:38:09,,,,,2012,
clutch,LeadCallers,https://clutch.co/profile/leadcallers,https://www.leadcallers.com.au,lead-generation,Melbourne,Australia,AU,10 - 49,"$5,000+",,,,"LeadCallers is an answering service. Their team is located in Melbourne, Australia and focuses on Call Center Services and Sales Outsourcing. Read more",2026-09-10T11:38:09,,,,,2015,"300 Collins Street Melbourne , Australia 3000"
clutch,Work4you,https://clutch.co/profile/work4you,https://work4you.com.au/,lead-generation,Epping,Australia,AU,50 - 249,,< $25 / hr,,,"Work4you, a phone answering service, is in Epping, Australia. They offer Call Center Services and Back Office Outsourcing. Read more",2026-09-10T11:38:09,,,,,2010,"Epping Rd Epping , Australia 3076"
clutch,G'Day Broadcast,https://clutch.co/profile/gday-broadcast,https://gdaybroadcast.com.au/,lead-generation,Altona North,Australia,AU,10 - 49,"$1,000+",$50 - $99 / hr,,,"Based in Altona North, Australia, G'Day Broadcast is a social media marketing company. Their services include Social Media Marketing and Content Marketing. Read more",2026-09-10T11:38:09,,,,,2020,"Kyle Road Altona North , Australia 3025"
clutch,Insight Fundraising,https://clutch.co/profile/insight-fundraising,https://www.insightfundraising.com.au/,lead-generation,Surry Hills,Australia,AU,50 - 249,"$5,000+",$50 - $99 / hr,,,"Insight Fundraising is an answering service. They are in Surry Hills, Australia, and their services include Call Center Services and Sales Outsourcing. Read more",2026-09-10T11:38:09,,,,,2002,"80 Cooper Street Surry Hills , Australia 2010"
clutch,Tradie Web Guys,https://clutch.co/profile/tradie-web-guys,https://www.tradiewebguys.com.au/,lead-generation,Kingscliff,Australia,AU,10 - 49,"$1,000+",$200 - $300 / hr,5.0,1.0,"At Tradie Web Guys, we help your trade business reach its goals by delivering high-quality leads and booked appointments through our unique sales and marketing system. Our customised digital Read more See all 1 projects",2026-09-10T11:38:09,,,,,2012,"Kingscliff Street Kingscliff , Australia 2487"
clutch,A1CRM,https://clutch.co/profile/a1crm,https://www.a1crm.net/,lead-generation,Coorparoo,Australia,AU,10 - 49,,,,,"A1CRM is a CRM consulting and SI company. Founded in 2015, their team specializes in CRM consulting and SI and Sales Outsourcing. Read more",2026-09-10T11:38:09,,,,,2015,"Unit 1, 28 Cavendish Road Coorparoo , Australia 4151"
clutch,Global TeleForce Ltd,https://clutch.co/profile/global-teleforce,https://globalteleforce.com/,lead-generation,Pascoe Vale South,Australia,AU,50 - 249,,,,,"Global TeleForce Ltd is a Pascoe Vale South, Australia-based Back Office Outsourcing company. They provide Back Office Outsourcing and Accounting and were founded in 2012. Read more",2026-09-10T11:38:09,,,,,2012,"425 Bell Street, Springhall Parade, Pascoe Vale Pascoe Vale South , Australia 3044"
clutch,DigiCrawl Australia,https://clutch.co/profile/digicrawl-australia,https://digicrawl.com.au/,lead-generation,Plympton,Australia,AU,50 - 249,"$1,000+",$25 - $49 / hr,,,"Launched in 2018, DigiCrawl Australia is a midsize -based branding agency. Their team provides Branding and Social Media Marketing. Read more",2026-09-10T11:38:09,,,,,2018,"2/535-537 Cross Road Plympton , Australia 5038"
clutch,oacdigital,https://clutch.co/profile/oacdigital,http://oacdigital.com.au,lead-generation,Mount Eliza,Australia,AU,10 - 49,"$1,000+",,,,"Located in Mount Eliza, Australia, oacdigital is a branding firm. Founded in 2015, the team specializes in Branding and Digital Strategy. Read more",2026-09-10T11:38:09,,,,,2015,"2/61 Mount Eliza Way, Mount Eliza , Australia 3930"
clutch,Employmate,https://clutch.co/profile/employmate,https://employmate.com.au/,lead-generation,Surry Hills,Australia,AU,10 - 49,,,,,"Founded in 2022, Employmate is a small Back Office Outsourcing company based in Surry Hills, Australia and Cape Town, South Africa. Their team offers Back Office Outsourcing and Sales Outsourcing. Read more",2026-09-10T11:38:09,,,,,2022,"81-83 Campbell Street Surry Hills , Australia 2010"
clutch,Digiexpert,https://clutch.co/profile/digiexpert,https://digiexpert.com.au/,lead-generation,Rouse Hill,Australia,AU,10 - 49,,,,,Digiexpert is a social media marketing firm founded in 2020. The small team provides Social Media Marketing and Search Engine Optimization. Read more,2026-09-10T11:38:09,,,,,2020,"Suite 3803/18-24 Adelphi St, Rouse Hill , Australia 2155"
clutch,SocialMindr,https://clutch.co/profile/socialmindr,https://socialmindr.com/,lead-generation,Alexandria,Australia,AU,10 - 49,,,,,"Launched in 2017, SocialMindr is a small Alexandria, Australia-based social media marketing company. Their services include Social Media Marketing and Search Engine Optimization. Read more",2026-09-10T11:38:09,,,,,2017,"17 Power Avenue, Alexandria, Alexandria , Australia 2015"
clutch,TMC,https://clutch.co/profile/tmc,https://tmc.net/,lead-generation,Heidelberg West,Australia,AU,10 - 49,"$1,000+",$25 - $49 / hr,,,Back Office Outsourcing company TMC was established in 1974. The team specializes in Back Office Outsourcing and Customer Service Outsourcing. Read more,2026-09-10T11:38:09,,,,,1974,"41-43 Northern Road Heidelberg West , Australia 3084"
clutch,Signifi Media,https://clutch.co/profile/signifi-media,https://www.signifimedia.com.au/,lead-generation,Leederville,Australia,AU,10 - 49,,,,,"Signifi Media is a Digital Strategy company. Launched in 2016, the team focuses on Digital Strategy and Social Media Marketing. The agency is based in Leederville, Australia. Read more",2026-09-10T11:38:09,,,,,2016,"Suite 7 & 8/298 Vincent St Leederville , Australia 6007"
clutch,24x7 Direct,https://clutch.co/profile/24x7-direct,https://www.24x7direct.com.au/,lead-generation,Wheelers Hill,Australia,AU,50 - 249,"$1,000+",$25 - $49 / hr,,,"In Wheelers Hill, Australia, 24x7 Direct is an answering service. They provide Call Center Services and Sales Outsourcing. Read more",2026-09-10T11:38:09,,,,,2001,
clutch,BGF - B2B Growth with AI Agents,https://clutch.co/profile/bgf-b2b-growth-ai-agents,https://www.b2bgrowthforce.com/,lead-generation,South Melbourne,Australia,AU,50 - 249,"$1,000+",$25 - $49 / hr,5.0,1.0,"B2B Growth Force - Top B2B Marketing, Revenue Operations & ABM Agency offers marketing strategy development and revenue operations services, focusing on enhancing business growth. Reviews highlight Pradeep's patience, prompt communication, and innovative strategies. Clients appreciate the detailed g",2026-09-10T11:38:09,,,,,2011,"Bannerghatta road Bengaluru , India 560083"
clutch,Oakmont Magnus Global,https://clutch.co/profile/oakmont-magnus-global,http://www.oakmontmagnusglobal.com,lead-generation,Parramatta,Australia,AU,10 - 49,"$1,000+",< $25 / hr,,,"Oakmont Magnus Global is a Recruitment Process Outsourcing company located in Ahmedabad, India and Parramatta, Australia. Their services include Recruitment Process Outsourcing and Staffing. Read more",2026-09-10T11:38:09,,,,,2024,"RE11, Nr Sankalp Iconic Tower, Ambli Road, Ahmedabad Ahmedabad , India 380058"
clutch,Global OfficeWorks,https://clutch.co/profile/global-officeworks,https://globalofficeworks.com/,lead-generation,Lemon Tree Passage,Australia,AU,50 - 249,,,,,"Global OfficeWorks is an Email Marketing company. They offer Email Marketing and Search Engine Optimization and are in Lemon Tree Passage, Australia and Dumaguete, Philippines. Read more",2026-09-10T11:38:09,,,,,2011,"#3 Industrial Crescent Lemon Tree Passage, Lemon Tree Passage , Australia 2319 +1"
clutch,B2B Leads,https://clutch.co/profile/b2b-leads,https://b2bleads.com/,lead-generation,Miranda,Australia,AU,2 - 9,"$1,000+",,,20.0,,2026-09-10T11:38:09,,,,,2018,"6 URUNGA PARADE Miranda , Australia 2228"
clutch,Sydney Digital Agency,https://clutch.co/profile/sydney-digital-agency,http://sydneydigitalagency.com.au,lead-generation,Potts Point,Australia,AU,2 - 9,"$5,000+",,,20.0,,2026-09-10T11:38:09,,,,,2019,"Suite 583/50-58 Macleay St Potts Point , Australia 2011"
clutch,Digital Instyle,https://clutch.co/profile/digital-instyle,https://www.digitalinstyle.com.au/,lead-generation,Dee Why,Australia,AU,2 - 9,"$1,000+",$200 - $300 / hr,,20.0,,2026-09-10T11:38:09,,,,,2016,"Pacific Parade Dee Why , Australia 2099"
clutch,TSA Group,https://clutch.co/profile/tsa-group,http://tsagroup.com.au/,lead-generation,West Perth,Australia,AU,"1,000 - 9,999","$250,000+",$25 - $49 / hr,,20.0,,2026-09-10T11:38:09,,,,,1997,"31 Troode Street, West Perth West Perth , Australia 6005"
clutch,Thought Source,https://clutch.co/profile/thought-source,https://www.thoughtsourceconsulting.com/,lead-generation,Bondi Junction,Australia,AU,2 - 9,,,,20.0,,2026-09-10T11:38:09,,,,,2006,"ABN 92 638 878 056 Ground Floor 3 Spring Street Bondi Junction , Australia 2022"
clutch,Search Scope,https://clutch.co/profile/search-scope,https://searchscope.com.au/,lead-generation,Victoria Park,Australia,AU,2 - 9,"$1,000+",$200 - $300 / hr,,20.0,,2026-09-10T11:38:09,,,,,2021,"48 McMillan Street Victoria Park , Australia 6100"
clutch,Sagar Sethi,https://clutch.co/profile/sagar-sethi,https://sagarsethi.com.au/,lead-generation,Southbank,Australia,AU,2 - 9,"$1,000+",< $25 / hr,,20.0,,2026-09-10T11:38:09,,,,,2021,"99 Coventry Street Southbank , Australia 3006"
clutch,Surf Stoked Creative,https://clutch.co/profile/surf-stoked-creative,https://surfstokedcreative.com/,lead-generation,Manly,Australia,AU,2 - 9,,,,20.0,,2026-09-10T11:38:09,,,,,2016,"35 Pacific Street Manly , Australia 2095"
clutch,Searchflex,https://clutch.co/profile/searchflex,https://searchflex.com,lead-generation,South Melbourne,Australia,AU,2 - 9,"$1,000+",$50 - $99 / hr,,20.0,,2026-09-10T11:38:09,,,,,2025,"85 Gladstone Street South Melbourne , Australia 3205"
clutch,Telemarketing Professionals,https://clutch.co/profile/telemarketing-professionals,http://telemarketingprofessionals.com.au/?utm_source=clutch&utm_medium=refferal,sales-consulting,Frenchs Forest,Australia,AU,10 - 49,,,5.0,1.0,Telemarketing Professionals offers appointment setting services to help grow client bases. Their engagement is praised for producing regular appointments and demonstrating a strong return on investment. Clients have expressed satisfaction with the effectiveness of the workflow and have recommended t,2026-09-10T11:39:21,,,,,2010,"Suite 3, B6/49 Frenchs Forest Rd E Frenchs Forest , Australia 2086"
clutch,Imperatif Call Centre Partners,https://clutch.co/profile/imperatif-call-centre-partners,https://imperatif.com.au,sales-consulting,Banyo,Australia,AU,10 - 49,"$1,000+",$50 - $99 / hr,,,Call center company Imperatif Call Centre Partners was established in 2010. The agency specializes in Call Center Services and Direct Marketing. Read more,2026-09-10T11:39:21,,,,,2010,"368 Earnshaw Road Banyo , Australia 4014"
clutch,Teqnet Solutions,https://clutch.co/profile/teqnet-solutions,https://teqnetsolutions.com/,sales-consulting,South Yarra,Australia,AU,10 - 49,,,5.0,2.0,"Teqnet Solutions is a finance and accounting outsourcing company that also provides data entry services. They are praised for their professionalism, tailored solutions, and innovative approaches, with 100% positive feedback emphasizing their efficiency, cost reduction, and client collaboration. Revi",2026-09-10T11:39:21,,,,,2018,"11 Wilson Street South Yarra , Australia 3141"
clutch,AR Data,https://clutch.co/profile/ar-data,https://ardatagroup.com.au/,sales-consulting,Campbelltown,Australia,AU,50 - 249,,,,,"AR Data, a big data company, is based in Campbelltown, Australia and Lenah Valley, Australia. Their services include BI & big data consulting & SI and Translation. Read more",2026-09-10T11:39:21,,,,,2020,"86 Mulholland Avenue Campbelltown , Australia 2560"
clutch,Business2sell,https://clutch.co/profile/business2sell,https://www.business2sell.com.au/businesses/qld/gold-coast,sales-consulting,Ashmore,Australia,AU,50 - 249,,,,,"Business2sell is a Business Consulting and Sales Outsourcing company. In Ashmore, Australia, the team specializes in Business Consulting and Sales Outsourcing. Read more",2026-09-10T11:39:21,,,,,2006,"Suit 33A, 207 Currumburra Rd, Ashmore Ashmore , Australia 4214"
clutch,Pin Badges,https://clutch.co/profile/pin-badges-0,https://www.pinbadges.com.au/,sales-consulting,Haddon,Australia,AU,10 - 49,"$1,000+",,,,"Pin Badges, a Customer Service Outsourcing company, is located in Haddon, Australia. Launched in 2015, the team provides Customer Service Outsourcing and Sales Outsourcing. Read more",2026-09-10T11:39:21,,,,,2015,"7 Kopkes Road, Mininera, Victoria, Australia Haddon , Australia 3351"
clutch,Active Forklift Australia,https://clutch.co/profile/active-forklift-australia,https://activeforklift.com.au/,sales-consulting,Fairfield East,Australia,AU,10 - 49,,,,,"Established in 2004, Active Forklift Australia is a Sales Outsourcing company. Their team offers Sales Outsourcing. Read more",2026-09-10T11:39:21,,,,,2004,"34 Lisbon St, Fairfield East NSW 2165 Fairfield East , Australia 2165"
clutch,1000Steps,https://clutch.co/profile/1000steps,https://1000-steps.com,sales-consulting,Mentone,Australia,AU,10 - 49,"$5,000+",,,,"Headquartered in Singapore and Mentone, Australia, 1000Steps is a Business Consulting company. They specialize in Business Consulting and Corporate Training & Coaching and were founded in 2017. Read more",2026-09-10T11:39:21,,,,,2017,
clutch,My Virtual Mate,https://clutch.co/profile/my-virtual-mate,https://myvirtualmate.com,sales-consulting,Melbourne,Australia,AU,50 - 249,"$1,000+",< $25 / hr,,,"Midsize Finance & Accounting Outsourcing (FAO) company My Virtual Mate, is based in Melbourne, Australia. Their services include Finance & Accounting Outsourcing (FAO) and Back Office Outsourcing. Read more",2026-09-10T11:39:21,,,,,2020,"AU Suite 4154, Collins Street Melbourne , Australia 3000"
clutch,ClickOne Digital,https://clutch.co/profile/clickone-digital,https://clickone.com.au/,sales-consulting,Carlton,Australia,AU,10 - 49,"$1,000+",$25 - $49 / hr,,,"Launched in 2021, ClickOne Digital, a small Marketing Strategy company, is located in Carlton, Australia. Their services include Marketing Strategy and Social Media Marketing. Read more",2026-09-10T11:39:21,,,,,2021,"139 Cardigan Street Carlton , Australia 3053"
clutch,Cloudesk Offshore Staffing,https://clutch.co/profile/cloudesk-offshore-staffing,https://cloudesk.com.au/,sales-consulting,Point Cook,Australia,AU,10 - 49,,< $25 / hr,,,"Launched in 2020, Cloudesk Offshore Staffing is a Back Office Outsourcing company. The small team specializes in Back Office Outsourcing and Customer Service Outsourcing. Read more",2026-09-10T11:39:21,,,,,2020,"16 Featherbrook Drive, POINT COOK VIC 3030 Point Cook , Australia 3030"
clutch,Jupiter BPO,https://clutch.co/profile/jupiter-bpo,https://www.jupiterbpo.com,sales-consulting,Drummoyne,Australia,AU,10 - 49,"$1,000+",< $25 / hr,,,"Jupiter BPO, a phone answering service, was founded in 2021. The team offers Call Center Services and Back Office Outsourcing. Read more",2026-09-10T11:39:21,,,,,2021,"66 Prilepska Bitola , North Macedonia 7000"
clutch,WireTask,https://clutch.co/profile/wiretask,https://wire-task.com/,sales-consulting,Docklands,Australia,AU,50 - 249,"$10,000+",< $25 / hr,,,"WireTask is a midsize Business Consulting company located in Docklands, Australia and Dhaka, Bangladesh. Their services include Business Consulting and Call Center Services. Read more",2026-09-10T11:39:21,,,,,2018,"360 Collins Street Docklands , Australia 3008"
clutch,The Outsourcing Co Pty Ltd,https://clutch.co/profile/outsourcing-co-pty,https://theoutsourcingco.com/,sales-consulting,Glen Iris,Australia,AU,10 - 49,"$1,000+",,,,"The Outsourcing Co Pty Ltd, a Customer Service Outsourcing company, was founded in 2025. They specializes in Customer Service Outsourcing and Finance & Accounting Outsourcing (FAO). Read more",2026-09-10T11:39:21,,,,,2025,"11 Carroll Crescent Glen Iris , Australia 3146"
clutch,Tactical Business Services -Global,https://clutch.co/profile/tactical-business-services-global,http://www.tbsglobal.net,sales-consulting,Sydney,Australia,AU,50 - 249,"$1,000+",$25 - $49 / hr,,,"Tactical Business Services -Global is a Customer Service Outsourcing company. Founded in 2004, the team specializes in Customer Service Outsourcing and Call Center Services. Read more",2026-09-10T11:39:21,,,,,2004,"Unit 4B, JMT Condo, ADB Avenue, Ortigas Center Pasig , Philippines 1605"
clutch,Emroy Creative Group,https://clutch.co/profile/emroy-creative-group,https://emroy.com.au/,sales-consulting,Sutherland,Australia,AU,10 - 49,,,,,Print design company Emroy Creative Group provides Print Design and Graphic Design. They were launched in 2009. Read more,2026-09-10T11:39:21,,,,,2009,"Suites 2/5 838 Old Princes Hwy Sutherland , Australia 2232"
clutch,Centrospex,https://clutch.co/profile/centrospex,https://www.centrospex.com/,sales-consulting,Bonville,Australia,AU,50 - 249,,,,,"Midsize Event Marketing company Centrospex, is headquartered in Singapore, Singapore and Bonville, Australia. Their services include Event Marketing and Sales Outsourcing. Read more",2026-09-10T11:39:21,,,,,,"1 Scotts Rd, #24-10 Shaw Centre, Singapore , Singapore 228208"
clutch,Solar Secure,https://clutch.co/profile/solar-secure-0,https://www.solar-secure.com.au/,sales-consulting,Glendenning,Australia,AU,10 - 49,,,,,"Solar Secure, a Sales Outsourcing company, is located in Glendenning, Australia. Their services include Sales Outsourcing. Read more",2026-09-10T11:39:21,,,,,2019,"8 Enterprise Drive Glendenning , Australia 2761"
clutch,Bhimian,https://clutch.co/profile/bhimian,https://bhimian.com,sales-consulting,Sydney,Australia,AU,2 - 9,,,,20.0,,2026-09-10T11:39:21,,,,,2021,"85 Castlereagh Street Sydney , Australia 2000"
clutch,Uplift Sales,https://clutch.co/profile/uplift-sales,https://upliftsales.com.au,sales-consulting,Pagewood,Australia,AU,2 - 9,"$10,000+",,,20.0,,2026-09-10T11:39:21,,,,,2020,"Park Parade Pagewood , Australia 2035"
clutch,Unity4,https://clutch.co/profile/unity4,https://www.unity4.com/contact-us/,sales-consulting,Surry Hills,Australia,AU,"1,000 - 9,999","$10,000+",$25 - $49 / hr,,20.0,,2026-09-10T11:39:21,,,,,2000,"410 Crown St Surry Hills , Australia 2010"
clutch,Funnel Boost Media,https://clutch.co/profile/funnel-boost-media,https://www.funnelboostmedia.net/clutch/?utm_source=clutch.co&utm_medium=referral&utm_campaign=us-agencies-digital-marketing,digital-marketing,San Antonio,TX,US,50 - 249,"$1,000+",$50 - $99 / hr,4.9,119.0,"Funnel Boost Media is a digital marketing agency specializing in SEO, website design, and PPC management. Reviews highlight their exceptional communication and project management skills, with 100% of clients noting their responsiveness and ability to meet deadlines. The agency is praised for boostin",2026-09-10T11:45:45,,https://www.facebook.com/funnelboostmedia,https://www.twitter.com/funnelboost,https://www.instagram.com/funnelboost,2012,"3201 Cherry Ridge St Ste 328 San Antonio , TX , United States 78230"
clutch,"PartnerCentric, Inc.",https://clutch.co/profile/partnercentric,https://partnercentric.com?utm_source=clutch.co&utm_medium=referral&utm_campaign=us-agencies-digital-marketing,digital-marketing,New York,NY,US,10 - 49,"$5,000+",,4.8,30.0,"PartnerCentric, Inc. is an affiliate marketing agency recognized for its expertise in managing and expanding affiliate programs. Their clients consistently praise their project management skills, responsiveness, and professionalism, leading to measurable successes such as increased revenue and brand",2026-09-10T11:45:45,https://www.linkedin.com/company/partnercentric-inc,https://www.facebook.com/partnercentric,https://www.twitter.com/partner_centric,https://www.instagram.com/partnercentric,2006,"228 Park Ave S, PMB 46978 New York , NY , United States 10003"
clutch,Rankings.io,https://clutch.co/profile/rankingsio,https://rankings.io?utm_source=clutch.co&utm_medium=referral&utm_campaign=us-agencies-digital-marketing,digital-marketing,Marion,IL,US,50 - 249,"$5,000+",$150 - $199 / hr,4.9,108.0,"Rankings.io is an SEO agency specializing in enhancing online visibility and lead generation for law firms. The majority of reviews (approximately 90%) emphasize their effective project management, responsiveness, and specialized knowledge in legal SEO. Clients consistently highlight their ability t",2026-09-10T11:45:45,https://www.linkedin.com/company/rankingsio,https://www.facebook.com/rankingsio,https://www.twitter.com/rankingsio,https://www.instagram.com/rankingsio,2013,"2008 W. Main St., Suite C Marion , IL , United States 62959"
clutch,Accelerated Digital Media,https://clutch.co/profile/accelerated-digital-media,https://www.accelerateddigitalmedia.com/performance-marketing-built-around-your-growth-goals/?utm_source=clutch.co&utm_medium=referral&utm_campaign=us-agencies-digital-marketing,digital-marketing,Chicago,IL,US,10 - 49,"$5,000+",$150 - $199 / hr,4.7,30.0,"Accelerated Digital Media is a digital marketing agency specializing in performance marketing, including media buying and search engine marketing. Across reviews, clients highlight the agency's expertise, responsive communication, and ability to deliver projects on time. Approximately 80% of reviewe",2026-09-10T11:45:45,https://www.linkedin.com/company/accelerateddigitalmedia,https://www.facebook.com/accelerateddigitalmedia,,https://www.instagram.com/accelerateddigitalmedia,2017,"161 N Clark St Chicago , IL , United States 60601"
clutch,Disruptive Advertising,https://clutch.co/profile/disruptive-advertising,https://disruptiveadvertising.com/?utm_source=clutch.co&utm_campaign=digital-marketing&utm_medium=sponsoredlistings,digital-marketing,Pleasant Grove,UT,US,50 - 249,"$5,000+",$150 - $199 / hr,4.8,371.0,"Disruptive Advertising is a digital marketing agency specializing in PPC management, SEO, and digital advertising strategies. Reviews indicate a high satisfaction rate, with approximately 80% positive feedback highlighting their effective communication, expertise, and ability to increase leads and s",2026-09-10T11:45:45,https://www.linkedin.com/company/disruptive-advertising,https://www.facebook.com/disruptiveads,https://www.twitter.com/disruptiveads,https://www.instagram.com/disruptiveads,2011,"1064 N County Blvd Pleasant Grove , UT , United States 84062"
clutch,Big Red Jelly,https://clutch.co/profile/big-red-jelly,https://bigredjelly.com?utm_source=clutch.co&utm_medium=referral&utm_campaign=us-agencies-digital-marketing,digital-marketing,Provo,UT,US,10 - 49,"$1,000+",$150 - $199 / hr,4.8,166.0,"Big Red Jelly is a branding and web development company that specializes in creating customized digital experiences, including branding, web design, and SEO strategies. Overall, 88% of the reviews are positive, highlighting their professionalism, creativity, and effective project management. However",2026-09-10T11:45:45,https://www.linkedin.com/company/big-red-jelly,https://www.facebook.com/bigredjelly,,https://www.instagram.com/bigredjelly,2017,"2520 North University Avenue, Suite 250 Provo , UT , United States 84604"
clutch,Black Propeller,https://clutch.co/profile/black-propeller,https://blackpropeller.com?utm_source=clutch.co&utm_medium=referral&utm_campaign=us-agencies-digital-marketing,digital-marketing,Bel Air,MD,US,50 - 249,"$1,000+",$100 - $149 / hr,4.8,81.0,"Black Propeller is a digital marketing company specializing in PPC management and Google Ads. The majority of their clients commend their strong communication, responsiveness, and ability to deliver on time, with approximately 80% of reviews reflecting positive experiences. However, about 20% of the",2026-09-10T11:45:45,https://www.linkedin.com/company/black-propeller,https://www.facebook.com/blackpropeller,https://www.twitter.com/blackpropeller,https://www.instagram.com/blackpropeller,2012,"2021 B Emmorton Rd, Suite 122 Bel Air , MD , United States 21015"
clutch,Volume Nine,https://clutch.co/profile/volume-nine,https://www.v9digital.com/?utm_source=clutch.co&utm_medium=referral&utm_campaign=clutch,digital-marketing,Denver,CO,US,10 - 49,"$1,000+",$150 - $199 / hr,5.0,33.0,"Volume Nine is a digital marketing agency specializing in SEO, social media strategies, and Google Ads management. The company has received overwhelmingly positive feedback from its clients, with 100% of reviewers highlighting their effective communication, timely delivery, and customized service. C",2026-09-10T11:45:45,https://www.linkedin.com/company/volume-9-inc,https://www.facebook.com/volume9inc,https://www.twitter.com/volumenine,https://www.instagram.com/volume_nine,2006,"1312 17th St #942 Denver , CO , United States 80202"
clutch,Siege Media,https://clutch.co/profile/siege-media,https://siegemedia.com/?utm_source=clutch.co&utm_medium=referral&utm_campaign=us-agencies-digital-marketing,digital-marketing,Austin,TX,US,50 - 249,"$5,000+",$100 - $149 / hr,4.9,48.0,"Siege Media is a renowned SEO and content marketing agency specializing in enhancing online visibility and driving traffic through keyword-focused content and SEO strategies. Across multiple reviews, clients highlight Siege Media's exceptional project management, timely delivery, and high-quality co",2026-09-10T11:45:45,https://www.linkedin.com/company/siege-media,,https://www.twitter.com/siegemedia,https://www.instagram.com/siege_media,2012,"1023 Springdale Rd., #10E Austin , TX , United States 78721"
clutch,HawkSEM,https://clutch.co/profile/hawksem,https://hawksem.com/?utm_source=clutch.co&utm_medium=referral,digital-marketing,Los Angeles,CA,US,50 - 249,"$1,000+",$100 - $149 / hr,4.9,39.0,"HawkSEM is a digital marketing agency specializing in SEO, SEM, and digital advertising services. With a 100% positive feedback rate, clients frequently commend their effective project management, timely delivery, and responsive communication. Approximately 57% of reviewers highlight their ability t",2026-09-10T11:45:45,https://www.linkedin.com/company/hawksem,https://www.facebook.com/HawkSEM,https://www.twitter.com/HawkSEMAgency,https://www.instagram.com/hawksemagency,2006,"10940 Wilshire Blvd. #1600 Los Angeles , CA , United States 90024"
clutch,"DMi Partners, Inc",https://clutch.co/profile/dmi-partners,https://www.dmipartners.com/?utm_source=clutch.co&utm_medium=referral,digital-marketing,Philadelphia,PA,US,50 - 249,"$5,000+",$100 - $149 / hr,5.0,9.0,"DMi Partners, Inc is a comprehensive digital marketing agency specializing in SEO, affiliate marketing, website development, and digital strategy. The reviews reflect overwhelmingly positive feedback, with approximately 90% of clients highlighting their expertise, strategic insights, and responsive ",2026-09-10T11:45:45,https://www.linkedin.com/company/dmi-partners,https://www.facebook.com/dmipartners,,https://www.instagram.com/dmi_partners,2003,"1 South Broad St. Philadelphia , PA , United States 19107"
clutch,OpenMoves,https://clutch.co/profile/openmoves,https://openmoves.com/?utm_source=clutch.co&utm_medium=referral&utm_campaign=us-agencies-digital-marketing,digital-marketing,Huntington,NY,US,50 - 249,"$5,000+",$100 - $149 / hr,5.0,52.0,"OpenMoves is a digital marketing agency specializing in SEO, PPC, and social media marketing. They are praised for their strategic thinking and responsiveness, with 100% of reviews highlighting their project management skills and timely delivery. Over 90% of reviewers commend OpenMoves for their cul",2026-09-10T11:45:45,https://www.linkedin.com/company/239536,https://www.facebook.com/OpenMovesInc,https://www.twitter.com/openmoves,https://www.instagram.com/openmoves,2000,"315 Main Street, 2nd Floor Huntington , NY , United States 11743"
clutch,BlueTuskr,https://clutch.co/profile/bluetuskr,https://bluetuskr.com/?utm_source=clutch.co&utm_medium=referral&utm_campaign=clutch,digital-marketing,West Chester,PA,US,10 - 49,"$1,000+",$100 - $149 / hr,4.7,23.0,"BlueTuskr is a digital marketing agency specializing in services such as SEO, paid advertising, and content management. The company has received varied feedback, with around 70% of reviews highlighting their professionalism, responsiveness, and effective project management. However, approximately 30",2026-09-10T11:45:45,https://www.linkedin.com/company/bluetuskr,https://www.facebook.com/BlueTuskr,https://www.twitter.com/BlueTuskr,https://www.instagram.com/bluetuskr,2020,"844 E. Street Road West Chester , PA , United States 19382"
clutch,Upward Engine,https://clutch.co/profile/upward-engine,http://www.upwardengine.com,digital-marketing,Riverton,UT,US,50 - 249,"$1,000+",$100 - $149 / hr,4.8,66.0,"Upward Engine is a digital marketing agency specializing in SEO, website development, and online advertising. Reviews indicate an overall positive reception, with approximately 83% of clients praising their project management, communication, and cultural alignment. However, about 17% reported negati",2026-09-10T11:45:45,https://www.linkedin.com/company/upwardenginemarketing,https://www.facebook.com/upwardenginemarketing,https://www.x.com/Upwardenginemkg,https://www.instagram.com/upward.engine,2013,"4168 West 12600 South #300 Riverton , UT , United States 84096"
clutch,Acadia,https://clutch.co/profile/acadia-0,https://acadia.io/?utm_source=clutch.co&utm_medium=referral&utm_campaign=directory,digital-marketing,Atlanta,GA,US,50 - 249,"$5,000+",$100 - $149 / hr,4.8,27.0,"Acadia is a versatile digital marketing agency offering services in social media management, search engine optimization (SEO), and Amazon account management. Feedback from clients is overwhelmingly positive, with 100% of reviewers praising their project management, expertise, and personalized approa",2026-09-10T11:45:45,https://www.linkedin.com/company/acadiaio,https://www.facebook.com/acadiaio,https://www.twitter.com/acadiaio,https://www.instagram.com/acadiaio,2021,"956 Brady Avenue NW Atlanta , GA , United States 30318"
clutch,Lilo Social,https://clutch.co/profile/lilo-social,https://lilosocial.com/?utm_source=clutch.co&utm_medium=referral&utm_campaign=us-digital-marketing,digital-marketing,Brooklyn,NY,US,10 - 49,"$5,000+",$100 - $149 / hr,4.9,44.0,"Lilo Social is a performance marketing agency specializing in email and SMS marketing, as well as paid media strategies. Their clients consistently praise their ability to improve key performance indicators across marketing channels, with 100% of reviews highlighting their impressive team culture an",2026-09-10T11:45:45,https://www.linkedin.com/company/lilosocial,,,https://www.instagram.com/lilosocial,2016,"175 Pearl St., Floors"
clutch,Intero Digital,https://clutch.co/profile/intero-digital-0,https://getresults.interodigital.com/lets-talk/?utm_source=clutch.co&utm_medium=referral&utm_campaign=us-agencies-digital-marketing,digital-marketing,Colorado Springs,CO,US,50 - 249,"$1,000+",,4.8,147.0,"Intero Digital is a digital marketing agency specializing in SEO, PPC, content marketing, and web development services. The majority of reviews (approximately 80%) highlight their proficiency, responsiveness, and strong project management, while a few (20%) note unmet expectations or significant pro",2026-09-10T11:45:45,https://www.linkedin.com/company/interodigital,https://www.facebook.com/interodigital,https://www.twitter.com/interodigital,https://www.instagram.com/intero_digital,1996,"13395 Voyager Parkway Ste 130 #2098 Colorado Springs , CO , United States 80921"
clutch,Silverback Strategies,https://clutch.co/profile/silverback-strategies,https://www.silverbackstrategies.com/?utm_source=clutch&utm_medium=referral,digital-marketing,Arlington,VA,US,50 - 249,"$10,000+",,4.9,27.0,"Silverback Strategies is a digital marketing agency specializing in services such as SEO, PPC, and social media management. The company has received overwhelmingly positive feedback from clients, with 100% of reviewers expressing satisfaction with their performance. Notable strengths include strong ",2026-09-10T11:45:45,https://www.linkedin.com/company/silverback-strategies,https://www.facebook.com/silverbackstrategies,https://www.twitter.com/SilverbackStrat,https://www.instagram.com/silverbackstrategies,2007,"1310 North Courthouse Road Arlington , VA , United States 22201"
clutch,KlientBoost,https://clutch.co/profile/klientboost,https://klientboost.com?utm_source=clutch.co&utm_medium=referral&utm_campaign=us-agencies-digital-marketing,digital-marketing,Costa Mesa,CA,US,50 - 249,"$1,000+",$100 - $149 / hr,4.9,405.0,"KlientBoost is a digital marketing agency specializing in paid search, paid social, and conversion rate optimization. With an 85% positive feedback rate, clients commend their technical expertise, responsive communication, and strategic data-driven approach. Approximately 75% of reviews highlight th",2026-09-10T11:45:45,https://www.linkedin.com/company/klientboost,https://www.facebook.com/klientboost,https://www.twitter.com/klientboost,https://www.instagram.com/klientboost,2015,"2787 Bristol Street Costa Mesa , CA , United States 92626"
clutch,Victorious,https://clutch.co/profile/victorious,https://victorious.com/?utm_campaign=referral sites&utm_source=clutch&utm_medium=other-pages,digital-marketing,San Francisco,CA,US,50 - 249,"$50,000+",$300+ / hr,4.8,119.0,"Victorious is an SEO agency known for its technical expertise, content marketing, and strategic SEO optimizations, including AI-driven solutions. Positive feedback is prevalent, with approximately 90% of reviews highlighting exceptional project management, transparency, and timely delivery. Clients ",2026-09-10T11:45:45,https://www.linkedin.com/company/victorious-seo,,,,2013,"548 Market St #41895 San Francisco , CA , United States 94104"
clutch,Online Optimism,https://clutch.co/profile/online-optimism,https://www.onlineoptimism.com/become-an-optimistic-client/digital/?utm_source=clutch.co&utm_medium=referral&utm_campaign=us-agencies-digital-marketing,digital-marketing,New Orleans,LA,US,10 - 49,"$1,000+",$100 - $149 / hr,5.0,18.0,"Online Optimism is a digital marketing agency providing services such as web development, SEO, social media management, and digital storytelling. The reviews indicate a high level of client satisfaction, with over 90% of feedback being positive. Clients frequently praise their communication skills, ",2026-09-10T11:45:45,https://www.linkedin.com/company/online-optimism,https://www.facebook.com/OnlineOptimism,https://www.twitter.com/onlineoptimism,https://www.instagram.com/online.optimism,2012,"900 Camp Street New Orleans , LA , United States 70130"
clutch,LYFE Marketing,https://clutch.co/profile/lyfe-marketing,https://www.lyfemarketing.com?utm_source=clutch.co&utm_medium=referral&utm_campaign=us-agencies-digital-marketing,digital-marketing,Atlanta,GA,US,10 - 49,"$1,000+",$50 - $99 / hr,4.4,161.0,"LYFE Marketing is a digital marketing agency specializing in social media management, advertising, and strategic campaign optimization. Despite a predominantly positive reception from clients, with approximately 85% highlighting responsive communication and creativity, some experienced dissatisfacti",2026-09-10T11:45:45,,https://www.facebook.com/lyfemarketing,https://www.twitter.com/lyfemarketing,https://www.instagram.com/lyfemarketing,2011,"925 B Peachtree Street Northeast Suite #715 Atlanta , GA , United States 30309"
clutch,Top Growth Marketing INC,https://clutch.co/profile/top-growth-marketing,https://topgrowthmarketing.com,digital-marketing,Los Angeles,CA,US,10 - 49,"$5,000+",$150 - $199 / hr,4.9,18.0,"Top Growth Marketing INC is a comprehensive digital marketing agency specializing in paid media management, email and SMS marketing, and social media advertising. Across their reviews, clients consistently praise their strong project management, creativity, and ability to deliver significant growth ",2026-09-10T11:45:45,https://www.linkedin.com/company/topgrowthmarketing,https://www.facebook.com/jack.paxton.tgm,https://www.twitter.com/jackhenrypaxton,,2012,"Abbot Kinney Los Angeles , CA , United States 90291"
clutch,Jax Media Team,https://clutch.co/profile/jax-media-team,https://jaxmediateam.com?utm_source=clutch.co&utm_medium=referral&utm_campaign=us-agencies-digital-marketing,digital-marketing,Jacksonville,FL,US,10 - 49,"$1,000+",$100 - $149 / hr,5.0,30.0,"Jax Media Team is a versatile digital marketing agency specializing in website development, SEO, and digital advertising. Feedback across reviews indicates a high level of client satisfaction, with 100% of reviewers highlighting their responsiveness and timely delivery. Additionally, 90% of clients ",2026-09-10T11:45:45,https://www.linkedin.com/company/rank-me-media,https://www.facebook.com/JaxMediaTeam,,,2013,"12970 Biggin Church Road South Jacksonville , FL , United States 32224"
clutch,JumpFly,https://clutch.co/profile/jumpfly,https://www.jumpfly.com?utm_source=clutch.co&utm_medium=referral&utm_campaign=us-agencies-digital-marketing,digital-marketing,Hoffman Estates,IL,US,50 - 249,"$5,000+",$50 - $99 / hr,4.9,95.0,"JumpFly is a digital marketing agency specializing in PPC management, SEO services, and paid social media advertising. The company consistently receives high praise for its exceptional project management, responsiveness, and tailored strategies, as evidenced by overwhelmingly positive feedback from ",2026-09-10T11:45:45,https://www.linkedin.com/company/jumpfly,https://www.facebook.com/JumpFlyInc,https://www.twitter.com/jumpfly,https://www.instagram.com/jumpflyinc,2003,"2000 Center Drive, Suite A221 Hoffman Estates , IL , United States 60192"
clutch,ScaledOn,https://clutch.co/profile/scaledon,https://scaledon.com/who-we-are/?utm_source=clutch.co&utm_medium=referral&utm_campaign=us-agencies-digital-marketing,digital-marketing,Portsmouth,NH,US,10 - 49,"$5,000+",$100 - $149 / hr,5.0,14.0,"ScaledOn is a digital marketing agency specialized in services such as SEO optimization, online advertising, and Amazon strategy development. The company receives overwhelmingly positive feedback, with clients noting their timely delivery, responsiveness, and data-driven strategies. Approximately 90",2026-09-10T11:45:45,https://www.linkedin.com/company/scaledon,https://www.facebook.com/scaledonmarketing,https://www.twitter.com/ScaledOn,https://www.instagram.com/scaledonmarketing,2013,"36 Maplewood Ave Portsmouth , NH , United States 03801"
clutch,321 Web Marketing,https://clutch.co/profile/321-web-marketing,https://www.321webmarketing.com/?utm_source=clutch.co&utm_medium=referral&utm_campaign=directory,digital-marketing,Reston,VA,US,10 - 49,"$10,000+",$150 - $199 / hr,5.0,16.0,"321 Web Marketing is a digital marketing agency specializing in SEO, web design, and content creation. They have consistently received high ratings and positive feedback from clients across various industries. Approximately 100% of reviewers praise their strategic approach and effective project mana",2026-09-10T11:45:45,https://www.linkedin.com/company/321-web-marketing,https://www.facebook.com/321webmarketing,https://www.twitter.com/321webmarketing,https://www.instagram.com/321webmarketing,2013,"1900 Reston Metro Plaza, Suite 600 Reston , VA , United States 20190"
clutch,Searchbloom,https://clutch.co/profile/searchbloom,https://searchbloom.com/?utm_source=clutch.co&utm_medium=referral&utm_campaign=us-agencies-digital-marketing,digital-marketing,South Jordan,UT,US,10 - 49,"$1,000+",$100 - $149 / hr,4.9,102.0,"Searchbloom, an SEO and digital marketing agency, specializes in providing SEO, AEO, PPC services, and comprehensive digital marketing support, including technical SEO and content optimization. The company consistently receives high praise for its effectiveness and reliability, with 100% of reviews ",2026-09-10T11:45:45,https://www.linkedin.com/company/searchbloom,https://www.facebook.com/searchbloom,https://www.twitter.com/searchbloom,https://www.instagram.com/searchbloom,2014,"10808 South River Front Parkway South Jordan , UT , United States 84095"
clutch,SEO Brand,https://clutch.co/profile/seo-brand,https://www.seobrand.com/clutch/,digital-marketing,Boca Raton,FL,US,10 - 49,"$1,000+",$100 - $149 / hr,4.9,109.0,"SEO Brand is a digital marketing agency specializing in SEO services, web design, and advertising campaigns. They are highly praised for their expertise in increasing online visibility, with 100% of reviewers noting significant business improvements. Common themes across reviews include their impres",2026-09-10T11:45:45,https://www.linkedin.com/company/seo-brand,https://www.facebook.com/SEObrand,https://www.twitter.com/seobrand,https://www.instagram.com/seobrand,2006,"150 East Palmetto Park Road, Suite 800 Boca Raton , FL , United States 33432"
clutch,Fractl,https://clutch.co/profile/fractl,http://www.frac.tl/,digital-marketing,Delray Beach,FL,US,50 - 249,"$5,000+",$100 - $149 / hr,4.8,37.0,"Fractl, a digital PR agency, specializes in content marketing, SEO, and securing high-quality backlinks. Their reviews highlight a high satisfaction rate, with clients praising their creativity and strong media relationships. Notably, 100% of reviews commend their results and professionalism, and 20",2026-09-10T11:45:45,https://www.linkedin.com/company/fractl,https://www.facebook.com/FractlAgency,https://www.twitter.com/fractlagency,https://www.instagram.com/fractlagency,2012,"601 N Congress Ave #206 Delray Beach , FL , United States 33445"
clutch,The Media Captain,https://clutch.co/profile/media-captain,https://www.themediacaptain.com/?utm_source=clutch.co&utm_medium=referral&utm_campaign=directory,digital-marketing,Columbus,OH,US,10 - 49,"$1,000+",$100 - $149 / hr,4.9,48.0,"The Media Captain is a digital marketing agency specializing in SEO, web design, and social media marketing. They have received overwhelmingly positive feedback, with 100% of reviewers highlighting their timely delivery and effective communication. Clients frequently commend their ability to listen ",2026-09-10T11:45:45,https://www.linkedin.com/company/the-media-captain,https://www.facebook.com/mediacaptain,https://www.twitter.com/themediacaptain,https://www.instagram.com/themediacaptain,2010,"394 East Town Street Columbus , OH , United States 43215"
clutch,Chatterkick,https://clutch.co/profile/chatterkick,http://chatterkick.com/?utm_source=clutch.co&utm_medium=referral&utm_campaign=directory,digital-marketing,Sioux City,IA,US,10 - 49,"$5,000+",$150 - $199 / hr,4.9,40.0,"Chatterkick is a social media marketing agency known for its creative strategies, content creation, and tailored approaches to client needs. They excel in delivering high engagement rates and social media growth, as evidenced by reviews highlighting a 107% increase in followers and a 500% rise in so",2026-09-10T11:45:45,https://www.linkedin.com/company/chatterkick,https://www.facebook.com/Chatterkick,https://www.twitter.com/chatterkick,https://www.instagram.com/chatterkick,2012,"253 5th St Sioux City , IA , United States 51101"
clutch,Onya,https://clutch.co/profile/onya,https://www.onyamark.com/contact-us-clutch/?utm_source=clutch.co&utm_medium=referral&utm_campaign=us-agencies-digital-marketing,digital-marketing,Carmel,IN,US,10 - 49,"$5,000+",$150 - $199 / hr,5.0,31.0,"Onya is a marketing consulting firm specializing in advertising campaign management, branding, and social media presence. The company is highly praised for its proactive approach, excellent project management, and ability to align with clients' values, with 100% of reviewers noting their responsiven",2026-09-10T11:45:45,https://www.linkedin.com/company/onyamark,https://www.facebook.com/onyamarketing,https://www.twitter.com/onya_marketing,https://www.instagram.com/onyamarketing,2019,"600 East Carmel Drive Carmel , IN , United States 46032"
clutch,Galactic Fed,https://clutch.co/profile/galactic-fed,https://www.galacticfed.com?utm_source=clutch.co&utm_medium=referral&utm_campaign=us-agencies-digital-marketing,digital-marketing,Chicago,IL,US,50 - 249,"$5,000+",$200 - $300 / hr,4.9,42.0,"Galactic Fed is a digital marketing agency specializing in SEO, paid media, and growth strategy. Reviews highlight their expertise in project management and responsiveness, with 100% of clients noting timely delivery and communication. Approximately 70% of reviews commend their adaptability and tail",2026-09-10T11:45:45,https://www.linkedin.com/company/11762055,https://www.facebook.com/galacticfed,https://www.x.com/TeamGalacticFed,https://www.instagram.com/galacticfed,2017,"4856 S. Evans Ave. Chicago , IL , United States 60615"
clutch,Ubiquitous,https://clutch.co/profile/ubiquitous,https://www.ubiquitousinfluence.com/?utm_source=clutch.co&utm_medium=referral&utm_campaign=directory,digital-marketing,Chattanooga,TN,US,10 - 49,"$50,000+",$150 - $199 / hr,4.8,18.0,"Ubiquitous is an influencer marketing agency known for its expertise in sourcing and managing creators for campaigns on platforms like TikTok, Instagram, and YouTube. Across reviews, 100% of clients praised their strong project management, with 100% highlighting their exceptional communication and r",2026-09-10T11:45:45,https://www.linkedin.com/company/ubiquitous-influencer-marketing,https://www.facebook.com/ubiquitousofficial,https://www.twitter.com/ubiquitous_hq,https://www.instagram.com/ubiquitousofficial,2021,"728 Market Street Chattanooga , TN , United States 37402"
clutch,AdVenture Media,https://clutch.co/profile/adventure-media-0,http://adventureppc.com/?utm_source=clutch.co&utm_medium=referral,digital-marketing,Woodmere,NY,US,50 - 249,"$1,000+",$100 - $149 / hr,4.9,96.0,"AdVenture Media is a digital marketing agency specializing in performance marketing, paid media management, and digital advertising strategies. Their clientele appreciates their deep expertise, strategic partnership, and commitment to measurable results. Approximately 90% of reviewers commend their ",2026-09-10T11:45:45,https://www.linkedin.com/company/adventure-media-group-llc,https://www.facebook.com/adventureppc,https://www.x.com/adventureppc,https://www.instagram.com/adventureppc,2012,"1074 Broadway Woodmere , NY , United States 11598"
clutch,Razor Rank,https://clutch.co/profile/razor-rank,https://razorrank.com/?utm_source=clutch.co&utm_medium=referral&utm_campaign=us-agencies-digital-marketing,digital-marketing,Dallas,TX,US,50 - 249,"$1,000+",$100 - $149 / hr,4.9,28.0,"Razor Rank is a distinguished SEO agency known for its comprehensive digital marketing services, including SEO, web design, and paid media management. Across multiple reviews, clients consistently commend Razor Rank for their timely delivery, exceptional expertise, and attentive customer service. Ap",2026-09-10T11:45:45,https://www.linkedin.com/company/razor-rank-llc,https://www.facebook.com/Razor-Rank-165693273763660,https://www.twitter.com/Razor_Rank,,2015,"400 N. Saint Paul St., Suite #420 Dallas , TX , United States 75201"
clutch,Elevation,https://clutch.co/profile/elevation,https://www.elevationweb.org/,digital-marketing,Washington,DC,US,10 - 49,"$10,000+",$150 - $199 / hr,4.9,52.0,"Elevation is a web development company specializing in creating websites for nonprofit organizations. The reviews indicate an overall positive sentiment, with approximately 85% of clients praising their punctuality, flexibility, and understanding of nonprofit needs. Around 70% of reviewers emphasize",2026-09-10T11:45:45,https://www.linkedin.com/company/elevation-digital-agency-for-nonprofits,https://www.facebook.com/elevationweb,https://www.twitter.com/elevation_web,,2009,"100 M St SE #600 Washington , DC , United States 20003"
clutch,VIDEN Growth,https://clutch.co/profile/viden-growth,https://videngrowth.com/,digital-marketing,Miami,FL,US,10 - 49,"$1,000+",$50 - $99 / hr,4.9,36.0,"VIDEN Growth is a performance marketing agency specializing in managing and optimizing Meta and Google advertising campaigns. Reviewers consistently praise VIDEN for their data-driven approach, professionalism, and responsiveness. With a high percentage of positive feedback, clients often highlight ",2026-09-10T11:45:45,https://www.linkedin.com/company/videngrowth,https://www.facebook.com/videnglobe,https://www.x.com/VIDENGrowth,https://www.instagram.com/viden.media,2017,"1401 Brickell Avenue Miami , FL , United States 33131"
clutch,NextLeft,https://clutch.co/profile/nextleft,https://nextleft.com/contact-us/?utm_source=clutch&utm_medium=referral,digital-marketing,San Diego,CA,US,10 - 49,"$1,000+",$100 - $149 / hr,4.9,29.0,"NextLeft is an SEO and digital marketing agency specializing in enhancing online visibility, optimizing SEO strategies, and improving website design and performance. Reviews highlight the company's expertise in SEO, project management, and personalized approach, with 100% of clients praising their r",2026-09-10T11:45:45,https://www.linkedin.com/company/nextleft,https://www.facebook.com/nextleftagency,https://www.twitter.com/nextleftagency,https://www.instagram.com/nextleftagency,2015,"2255 Avenida De La Playa San Diego , CA , United States 92037"
clutch,Uptown Creation,https://clutch.co/profile/uptown-creation,https://uptown.com/?utm_source=clutch.co&utm_medium=referral&utm_campaign=directory,digital-marketing,Iowa City,IA,US,10 - 49,"$1,000+",$150 - $199 / hr,5.0,24.0,"Uptown Creation is a LinkedIn marketing and outreach company known for its expertise in LinkedIn strategies, content creation, and lead generation. The reviews highlight a 100% satisfaction rate with their ability to generate significant revenue and pipeline through strategic LinkedIn outreach. Clie",2026-09-10T11:45:45,https://www.linkedin.com/company/uptown-creation,https://www.facebook.com/uptowncreation,,https://www.instagram.com/uptowncreation,2016,"30 Gathering Place Iowa City , IA , United States 52246"
clutch,Obility,https://clutch.co/profile/obility,http://www.obilityb2b.com?utm_source=clutch.co&utm_medium=referral&utm_campaign=us-agencies-digital-marketing,digital-marketing,Portland,OR,US,10 - 49,"$5,000+",$150 - $199 / hr,4.8,27.0,"Obility is a digital marketing agency specializing in paid media management and SEO services. Across the reviews, 100% of clients commend their project management and responsiveness, while 60% highlight their expertise in driving measurable improvements in lead generation and SEO performance. Howeve",2026-09-10T11:45:45,https://www.linkedin.com/company/obilityb2b,https://www.facebook.com/obilityinc,https://www.twitter.com/obilityb2b,,2011,"Portland , OR , United States"
clutch,Digital Resource,https://clutch.co/profile/digital-resource,https://yourdigitalresource.com/?utm_source=clutch.co&utm_medium=referral,digital-marketing,West Palm Beach,FL,US,50 - 249,"$1,000+",$300+ / hr,4.9,9.0,"Digital Resource is a versatile digital marketing agency known for providing an array of services, including website management, SEO, PPC advertising, and video content creation. With 100% positive feedback from clients, they are praised for their excellent communication, responsiveness, and ability",2026-09-10T11:45:45,https://www.linkedin.com/company/digitalresource,https://www.facebook.com/DigitlResource,https://www.twitter.com/DigitlResource,https://www.instagram.com/digitalresource,2014,"901 Northpoint Parkway West Palm Beach , FL , United States 33407"
clutch,"Social House, Inc.",https://clutch.co/profile/social-house,https://www.socialhouseinc.com?utm_source=clutch.co&utm_medium=referral&utm_campaign=us-agencies-digital-marketing,digital-marketing,Los Angeles,CA,US,10 - 49,"$10,000+",$100 - $149 / hr,5.0,13.0,"Social House, Inc. is a creative strategy and content development agency known for its expertise in brand awareness, digital marketing, and social media engagement. The company consistently receives high praise, with approximately 100% of reviews highlighting their impressive creativity, responsiven",2026-09-10T11:45:45,https://www.linkedin.com/company/social-house-inc-a-digital-growth-agency,https://www.facebook.com/socialhouseinc,https://www.twitter.com/oursocialhouse,https://www.instagram.com/socialhouseinc,2011,"9229 Sunset Blvd, 8th Floor Los Angeles , CA , United States 90069"
clutch,Coalition Technologies,https://clutch.co/profile/coalition-technologies,https://coalitiontechnologies.com/contact/?utm_source=clutch.co&utm_medium=referral&utm_campaign=directory,digital-marketing,Los Angeles,CA,US,50 - 249,"$1,000+",$50 - $99 / hr,4.8,164.0,"Coalition Technologies is a digital marketing agency specializing in SEO, PPC, and website design and development. With a high satisfaction rate among clients, they are lauded for their technical expertise, project management, and ability to deliver results on time. Approximately 90% of reviewers hi",2026-09-10T11:45:45,https://www.linkedin.com/company/coalition-technologies,https://www.facebook.com/CoalitionTech,https://www.twitter.com/CoalitionTech,https://www.instagram.com/coalitiontech,2009,"515 Flower St 18th Floor Suite #4081 Los Angeles , CA , United States 90071"
clutch,Comrade Digital Marketing Agency,https://clutch.co/profile/comrade-digital-marketing-agency,https://comradeweb.com/?utm_source=clutch.co&utm_medium=referral&utm_campaign=us-agencies-digital-marketing,digital-marketing,Chicago,IL,US,50 - 249,"$10,000+",$100 - $149 / hr,4.8,69.0,"Comrade Digital Marketing Agency is a comprehensive digital marketing firm specializing in SEO, website development, and PPC advertising. The company is consistently praised for its strategic thinking, technical expertise, and responsive communication. Approximately 90% of the feedback highlights th",2026-09-10T11:45:45,https://www.linkedin.com/company/comrade-web-studios,https://www.facebook.com/ComradeWeb,https://www.x.com/ComradeWeb,https://www.instagram.com/comradeweb,2008,"332 S Michigan Ave, Suite 900 Chicago , IL , United States 60604"
clutch,Marcel Digital,https://clutch.co/profile/marcel-digital,https://www.marceldigital.com/,digital-marketing,Chicago,IL,US,10 - 49,"$5,000+",$200 - $300 / hr,4.8,20.0,"Marcel Digital is a distinguished digital marketing agency known for its expertise in SEO, website development, and online advertising. With 100% positive feedback from clients, the company is praised for its effective project management, strategic insight, and commitment to client success. Notably,",2026-09-10T11:45:45,https://www.linkedin.com/company/marcel-digital,https://www.facebook.com/marceldigital,,https://www.instagram.com/officialmarceldigital,2003,"20 North Wacker Drive Chicago , IL , United States 60606"
clutch,Ignite Visibility,https://clutch.co/profile/ignite-visibility,https://ignitevisibility.com/?utm_source=clutch.co&utm_medium=referral&utm_campaign=us-agencies-digital-marketing,digital-marketing,San Diego,CA,US,250 - 999,"$1,000+",$100 - $149 / hr,,20.0,,2026-09-10T11:45:45,https://www.linkedin.com/company/ignite-visibility,https://www.facebook.com/ignitevisibility,https://www.twitter.com/ignitev,https://www.instagram.com/ignitevisibility,2013,"4250 Executive Square Suite #100 San Diego , CA , United States 92037"
clutch,Elit-Web,https://clutch.co/profile/elit-web,https://elit-web.com/digital-marketing-services/?utm_source=clutch.co&utm_medium=referral&utm_campaign=directory,digital-marketing,Arlington Heights,IL,US,250 - 999,"$1,000+",$25 - $49 / hr,,20.0,,2026-09-10T11:45:45,https://www.linkedin.com/company/elit-web-marketing,https://www.facebook.com/elitwebagency,https://www.twitter.com/elitweb_agency,https://www.instagram.com/elit.webmarketing,2014,"4131 Pheasant Trail Ct Arlington Heights , IL , United States 60004"
clutch,SmartSites,https://clutch.co/profile/smartsites,https://www.smartsites.com/lp/digital-marketing-lp/?utm_source=clutch.co&utm_medium=referral&utm_campaign=us-agencies-digital-marketing,digital-marketing,Paramus,NJ,US,250 - 999,"$1,000+",$100 - $149 / hr,,20.0,,2026-09-10T11:45:45,https://www.linkedin.com/company/smartsites,https://www.facebook.com/SmartSites,https://www.twitter.com/smartsitesnj,https://www.instagram.com/smartsitesnj,2011,"45 Eisenhower Drive Paramus , NJ , United States 07652"
clutch,Coozmoo Digital Solutions,https://clutch.co/profile/coozmoo-digital-solutions,https://www.coozmoo.com?utm_source=clutch.co&utm_medium=referral&utm_campaign=us-agencies-digital-marketing,digital-marketing,Pearland,TX,US,250 - 999,"$1,000+",$25 - $49 / hr,,20.0,,2026-09-10T11:45:45,https://www.linkedin.com/company/coozmoo,https://www.facebook.com/Coozmoo.Digital.Solutions,https://www.x.com/CoozmooDigital,https://www.instagram.com/coozmoo.digital.solutions,2019,"3129 Kingsley Dr, Pearland Pearland , TX , United States 77584"
clutch,OuterBox,https://clutch.co/profile/outerbox,https://www.outerboxdesign.com,digital-marketing,Copley,OH,US,250 - 999,"$1,000+",$150 - $199 / hr,,20.0,,2026-09-10T11:45:45,https://www.linkedin.com/company/outerbox-solutions-inc-,https://www.facebook.com/outerbox,https://www.twitter.com/outerbox,https://www.instagram.com/outerbox,2004,"175 Montrose West Ave Copley , OH , United States 44321"
clutch,GrowthHit,https://clutch.co/profile/growthhit,https://growthhit.com/services/growth-marketing/?utm_source=clutch.co&utm_medium=referral&utm_campaign=us-agencies-digital-marketing,digital-marketing,Seattle,WA,US,50 - 249,"$1,000+",$100 - $149 / hr,,20.0,,2026-09-10T11:45:45,,,,,2016,"999 3rd Ave Seattle , WA , United States 98104"
clutch,SimpleTiger LLC,https://clutch.co/profile/simpletiger-0-0,https://www.simpletiger.com/,digital-marketing,Sarasota,FL,US,10 - 49,"$5,000+",$200 - $300 / hr,,20.0,,2026-09-10T11:45:45,,,,,2006,"677 N Washington Blvd Sarasota , FL , United States 34236"
clutch,Jives Media,https://clutch.co/profile/jives-media,https://www.jivesmedia.com/?utm_source=clutch.co&utm_medium=referral&utm_campaign=us-agencies-digital-marketing,digital-marketing,San Francisco,CA,US,10 - 49,"$1,000+",$100 - $149 / hr,,20.0,,2026-09-10T11:45:45,https://www.linkedin.com/company/jivesmedia,https://www.facebook.com/JIVESMEDIA,https://www.twitter.com/jivesmedia,https://www.instagram.com/jivesmedia,2012,"100 Van Ness Ave, Suite 2213 San Francisco , CA , United States 94102"
clutch,Taktical Digital,https://clutch.co/profile/taktical-digital,https://taktical.co/clutch/?utm_source=clutch.co&utm_medium=referral&utm_campaign=directory,digital-marketing,New York,NY,US,10 - 49,,$50 - $99 / hr,,20.0,,2026-09-10T11:45:45,https://www.linkedin.com/company/taktical,https://www.facebook.com/takticaldigital,https://www.twitter.com/takticaldigital,https://www.instagram.com/takticaldigital,2011,"241 West 37th Street, Suite 802 New York , NY , United States 10018"
clutch,Digital Position,https://clutch.co/profile/digital-position,https://www.digitalposition.com/?utm_source=clutch.co&utm_medium=referral&utm_campaign=clutchdirectory,digital-marketing,Simsbury,CT,US,10 - 49,"$5,000+",$100 - $149 / hr,,20.0,,2026-09-10T11:45:45,https://www.linkedin.com/company/digital-position,https://www.facebook.com/DigitalPositionPPC,https://www.twitter.com/DigitalPPC,,2014,"48 Highwood Simsbury , CT , United States 06070"
clutch,Pulz Marketing,https://clutch.co/profile/pulz-marketing,https://www.pulzmarketing.com?utm_source=clutch.co&utm_medium=referral&utm_campaign=clutch.co_profile,digital-marketing,Reston,VA,US,50 - 249,"$1,000+",$100 - $149 / hr,,20.0,,2026-09-10T11:45:45,,,,,2020,"12020 Sunrise Valley Drive, Suite 100 Reston , VA , United States 20191"
clutch,Power Digital,https://clutch.co/profile/power-digital,https://powerdigitalmarketing.com/growthplan/?utm_source__c=thirdpartydirectory&utm_medium__c=clutch&utm_campaign__c=2024_third_party_directories&utm_content__c=us-agencies-digital-marketing,digital-marketing,San Diego,CA,US,250 - 999,"$5,000+",$100 - $149 / hr,,20.0,,2026-09-10T11:45:45,https://www.linkedin.com/company/power-digital-marketing-inc-,https://www.facebook.com/PowerDigitalMarketing,,https://www.instagram.com/power_digital,2012,"2251 San Diego Avenue San Diego , CA , United States 92110"
clutch,WebFX,https://clutch.co/profile/webfx,https://webfx.com/lp/digital-marketing-services/?utm_source=clutch.co&utm_medium=referral&utm_campaign=us-agencies-digital-marketing,digital-marketing,Harrisburg,PA,US,250 - 999,"$1,000+",,,20.0,,2026-09-10T11:45:45,https://www.linkedin.com/company/webfxinc,https://www.facebook.com/webfxinc,https://www.twitter.com/webfx,https://www.instagram.com/webfx,1995,"1705 N Front St Harrisburg , PA , United States 17102"
clutch,Marketing Link,https://clutch.co/profile/marketing-link,https://marketing.link/clutch/?utm_source=clutch.co&utm_medium=referral&utm_campaign=us-agencies-digital-marketing,digital-marketing,Tampa,FL,US,10 - 49,"$1,000+",$100 - $149 / hr,,20.0,,2026-09-10T11:45:45,https://www.linkedin.com/company/marketinglinkllc,https://www.facebook.com/marketinglinkllc,,https://www.instagram.com/marketing.link,2016,"Wandering Willow Drive Tampa , FL , United States 33545"
clutch,MeanPug Digital,https://clutch.co/profile/meanpug-digital,https://www.meanpug.com/contact-us/?utm_source=clutch.co&utm_medium=referral&utm_campaign=directory,digital-marketing,New York,NY,US,10 - 49,"$10,000+",$100 - $149 / hr,5.0,10.0,"MeanPug Digital is a versatile digital marketing agency offering services like SEO, web design, and digital marketing strategy across various industries, particularly excelling in the legal and tech sectors. With a 100% positive review rate, clients consistently praise their tailored solutions, tech",2026-09-10T11:46:06,https://www.linkedin.com/company/meanpug-digital-agency,https://www.facebook.com/meanpug,https://www.twitter.com/meanpug,https://www.instagram.com/meanpugdigital,2017,"280 Madison Avenue, Suite 506 New York , NY , United States 10016"
clutch,RSO Consulting,https://clutch.co/profile/rso-consulting,https://www.rso-consulting.com/services/?utm_source=clutch.co&utm_medium=referral&utm_campaign=us-agencies-digital-marketing,digital-marketing,San Francisco,CA,US,10 - 49,"$5,000+",$100 - $149 / hr,4.9,35.0,"RSO Consulting is a digital marketing agency specializing in SEO, PPC, and digital optimization strategies. The company receives overwhelmingly positive feedback, with 100% of reviews highlighting their expertise, timely delivery, and strategic approach. Reviewers consistently praise RSO Consulting ",2026-09-10T11:46:06,https://www.linkedin.com/company/rso-consulting,https://www.facebook.com/RSOConsulting,https://www.x.com/rso_consulting,,2006,"548 Market St San Francisco , CA , United States 94104"
clutch,Netrocket,https://clutch.co/profile/netrocket,https://netrocket.pro/?utm_source=clutch.co&utm_medium=referral&utm_campaign=directory,digital-marketing,Miami,FL,US,10 - 49,"$1,000+",$50 - $99 / hr,5.0,74.0,"Netrocket is an SEO agency renowned for its strong technical expertise and tailored strategies, offering services such as SEO audits, content optimization, and local search enhancements. With a 100% positive feedback rate, clients consistently highlight their project management skills, customized so",2026-09-10T11:46:06,https://www.linkedin.com/company/netrocket,https://www.facebook.com/netrocketua,https://www.twitter.com/Netrocket_seo,https://www.instagram.com/netrocket,2011,"19790 West Dixie Highway Miami , FL , United States 33180"
clutch,Cazbah,https://clutch.co/profile/cazbah-0,https://www.cazbah.net,digital-marketing,Farmington,NY,US,10 - 49,"$1,000+",$100 - $149 / hr,5.0,10.0,"Cazbah is an internet marketing company that specializes in website design, SEO, content creation, and social media management, catering to diverse industries. Reviewers consistently praise Cazbah's value for cost, professionalism, and responsiveness, with approximately 95% highlighting positive res",2026-09-10T11:46:06,https://www.linkedin.com/company/113340,https://www.facebook.com/Cazbah-Total-Internet-Marketing-100063725342502,https://www.x.com/Cazbah_net,https://www.instagram.com/cazbah_internet_marketing,2001,"5076 Maxwell Road, Bldg 2, Farmington, NY 14425 Farmington , NY , United States 14425"
clutch,VOLTAGE,https://clutch.co/profile/voltage-0,https://voltage.digital/?utm_source=clutch.co&utm_medium=referral&utm_campaign=directory,digital-marketing,Kansas City,MO,US,10 - 49,"$5,000+",$150 - $199 / hr,5.0,10.0,"VOLTAGE is a multifaceted digital marketing firm specializing in SEO, AEO, website design, and development services. They have garnered widespread acclaim, with 100% of reviews highlighting their expertise, timely project management, and client-centric approach. Clients consistently commend VOLTAGE ",2026-09-10T11:46:06,https://www.linkedin.com/company/voltagedigital,https://www.facebook.com/voltage.digital,https://www.twitter.com/Voltage_agency,https://www.instagram.com/voltage.digital,2005,"450 East 4th Street, Suite 201 Kansas City , MO , United States 64106"
clutch,Thrive Internet Marketing Agency,https://clutch.co/profile/thrive-internet-marketing-agency,https://thriveagency.com/?utm_source=clutch.co&utm_medium=referral&utm_campaign=us-digital-marketing,digital-marketing,Arlington,TX,US,50 - 249,"$1,000+",$100 - $149 / hr,4.6,109.0,"Thrive Internet Marketing Agency is a digital marketing firm specializing in services such as SEO, Google Ads, social media management, and programmatic advertising. Overall, 100% of reviewers highlighted their responsiveness, communication, and alignment with company values. While some feedback ind",2026-09-10T11:46:06,https://www.linkedin.com/company/thrive-agency,https://www.facebook.com/ThriveAgency,https://www.twitter.com/thriveagency,,2005,"4604 Park Springs Blvd, Ste 140 Arlington , TX , United States 76017"
clutch,Outpace SEO,https://clutch.co/profile/outpace-seo,https://outpaceseo.com/clutch-top-rated-seo-agency/?utm_source=clutch.co&utm_medium=referral&utm_campaign=directory,digital-marketing,Oklahoma City,OK,US,10 - 49,"$1,000+",$150 - $199 / hr,5.0,113.0,"Outpace SEO is a highly-regarded SEO agency known for its comprehensive search engine optimization services, including technical audits, on-page optimization, and content strategy. Reviews reveal a 100% positive customer satisfaction rate, highlighting their responsiveness, strategic insight, and ef",2026-09-10T11:46:06,https://www.linkedin.com/company/outpace-seo,https://www.facebook.com/outpaceseo,https://www.twitter.com/outpaceseo,,2013,"3000 Sunset Ln, Oklahoma City , OK , United States 73120"
clutch,Fresh Content Society,https://clutch.co/profile/fresh-content-society,https://freshcontentsociety.com/?utm_source=clutch.co&utm_medium=referral&utm_campaign=us-agencies-digital-marketing,digital-marketing,Northfield,IL,US,10 - 49,"$10,000+",$150 - $199 / hr,4.9,14.0,"Fresh Content Society is a social media marketing agency specializing in content creation, influencer marketing, and community management. They have received overwhelmingly positive feedback from clients, with approximately 97% of reviews highlighting their expertise in social media strategy and aud",2026-09-10T11:46:06,https://www.linkedin.com/company/9392782,https://www.facebook.com/freshcontentsociety,https://www.twitter.com/therealscottemo,https://www.instagram.com/freshcontentsociety,2014,"790 Frontage Road, Northfield, IL, USA (Suite 523), Suite 523 Northfield , IL , United States 60093"
clutch,"Olifant Digital: Full-Service Amazon Agency for PPC, SEO & Account Management",https://clutch.co/profile/olifant-digital-full-service-amazon-agency-ppc-seo-account-management,https://olifantdigital.com/?utm_source=clutch.co&utm_medium=referral&utm_campaign=directory,digital-marketing,Grand Island,NY,US,10 - 49,"$1,000+",$25 - $49 / hr,5.0,15.0,"Olifant Digital: Full-Service Amazon Agency for PPC, SEO & Account Management is a specialized agency offering Amazon advertising, SEO, account management, and comprehensive digital marketing services. Reviewers consistently praise their expertise, detailed project management, and results-driven app",2026-09-10T11:46:06,https://www.linkedin.com/company/olifantdigital,https://www.facebook.com/olifantdigitalgrowth,,https://www.instagram.com/olifantdigital,2017,"1795 Baseline Road Grand Island , NY , United States 14072 1 +1"
clutch,GLIDE®,https://clutch.co/profile/glide,https://www.glidedesign.com/?utm_source=clutch.co&utm_medium=referral&utm_campaign=directory,digital-marketing,Austin,TX,US,10 - 49,"$50,000+",$150 - $199 / hr,4.9,49.0,"GLIDE® is a web design and development company that excels in creating tailored digital solutions, including website development, SEO, and content strategy. Approximately 90% of reviews highlight their impressive project management and seamless collaboration. Clients praise their ability to deliver ",2026-09-10T11:46:06,https://www.linkedin.com/company/glide-design,https://www.facebook.com/glidedesign,https://www.twitter.com/glidedesign,https://www.instagram.com/glide_design,2003,"Suite 500, 111 Congress Avenue Austin , TX , United States 78701"
clutch,Taikun Digital,https://clutch.co/profile/taikun-digital,https://www.taikundigital.com/?utm_source=clutch.co&utm_medium=referral&utm_campaign=us-agencies-digital-marketing,digital-marketing,New York,NY,US,10 - 49,"$5,000+",$100 - $149 / hr,5.0,10.0,"Taikun Digital is a comprehensive digital marketing agency specializing in PPC advertising, Google Ads management, and social media advertising. Their clients consistently praise their expertise, with 100% of reviews highlighting impressive results like increased conversion rates and ROAS. Notably, ",2026-09-10T11:46:06,https://www.linkedin.com/company/taikun-digital,https://www.facebook.com/taikundigital,https://www.twitter.com/TaikunDigital,https://www.instagram.com/taikundigital,2010,"21 West 46th street New York , NY , United States 10036"
clutch,VisualFizz,https://clutch.co/profile/visualfizz,http://www.visualfizz.com/?utm_source=clutch.co&utm_medium=referral,digital-marketing,Chicago,IL,US,10 - 49,"$5,000+",$150 - $199 / hr,5.0,28.0,"VisualFizz is a versatile digital marketing agency offering web development, branding, and SEO services. Across their reviews, clients consistently praise their excellent project management, timely delivery, and ability to work creatively within budget constraints. Approximately 100% of reviews high",2026-09-10T11:46:06,https://www.linkedin.com/company/visualfizz,https://www.facebook.com/VisualFizz,https://www.twitter.com/visualfizz,https://www.instagram.com/visualfizz,2016,"875 North Michigan Avenue, 31st Floor, Chicago, 60611, United States Chicago , IL , United States 60611"
clutch,Sure Oak,https://clutch.co/profile/sure-oak,https://sureoak.com/?utm_medium=referral&utm_source=clutch&utm_campaign=us-agencies-digital-marketing,digital-marketing,Brooklyn,NY,US,10 - 49,"$5,000+",$150 - $199 / hr,4.9,40.0,"Sure Oak is a highly rated SEO agency specializing in building high-quality backlinks and improving domain authority and search engine rankings. Overall, 89% of clients report positive experiences, praising their timely delivery, effective communication, and professional approach. However, a minorit",2026-09-10T11:46:06,https://www.linkedin.com/company/sureoak,https://www.facebook.com/SureOak,https://www.x.com/SureOak,https://www.instagram.com/sureoak,2017,"77 Sands St 6th Floor Brooklyn , NY , United States 11201"
clutch,"New Target, Inc. - The Digital Agency",https://clutch.co/profile/new-target-digital-agency,http://www.newtarget.com/?utm_source=clutch.co&utm_medium=referral&utm_campaign=directory,digital-marketing,Alexandria,VA,US,50 - 249,"$10,000+",$100 - $149 / hr,4.9,37.0,"New Target, Inc. - The Digital Agency is a versatile digital services firm specializing in website design, development, and management, alongside creative and strategic digital solutions. Across multiple reviews, the agency is praised for its outstanding customer service, timely project delivery, an",2026-09-10T11:46:06,https://www.linkedin.com/company/new-target,https://www.facebook.com/NewTargetInc,https://www.twitter.com/NewTargetInc,https://www.instagram.com/newtarget.inc,1998,"6363 Walker Lane, Suite #330 Alexandria , VA , United States 22310"
clutch,Blacksmith Agency,https://clutch.co/profile/blacksmith-agency,https://blacksmith.agency/web-design-development-clutch/?utm_source=clutch&utm_medium=referral&utm_campaign=profile,digital-marketing,Phoenix,AZ,US,10 - 49,"$50,000+",$150 - $199 / hr,4.7,17.0,"Blacksmith Agency is a comprehensive web design and development company, specializing in creating tailored digital solutions, including branding, website redesigns, and migrations for a diverse range of industries. Across their reviews, clients consistently praise their commitment to customer servic",2026-09-10T11:46:07,https://www.linkedin.com/company/blacksmith-agency,https://www.facebook.com/blacksmithphx,,,2012,"4600 E Washington St Phoenix , AZ , United States 85034"
clutch,LAB Digital Creative,https://clutch.co/profile/lab-digital-creative,https://labdigitalcreative.com/global-digital-marketing-international/?utm_source=clutch-ad&utm_medium=clutch-ad&utm_campaign=best-digital-marketing,digital-marketing,Memphis,TN,US,10 - 49,"$5,000+",$100 - $149 / hr,5.0,20.0,"LAB Digital Creative is a web development and digital marketing agency known for creating user-friendly, visually appealing websites and enhancing SEO performance. The company receives overwhelmingly positive feedback, with 100% of reviewers praising their responsiveness, communication, and ability ",2026-09-10T11:46:07,https://www.linkedin.com/company/lab-digital-creative,https://www.facebook.com/labdigitalcreative,https://www.twitter.com/browserslab,https://www.instagram.com/labdigitalcreative,2019,"40 S Main St., Suite 1552 Memphis , TN , United States 38103"
clutch,The Influencer Marketing Factory,https://clutch.co/profile/influencer-marketing-factory,https://theinfluencermarketingfactory.com/?utm_source=clutch.co&utm_medium=referral&utm_campaign=us-agencies-digital-marketing,digital-marketing,Miami,FL,US,50 - 249,"$25,000+",$200 - $300 / hr,4.3,6.0,"The Influencer Marketing Factory is an influencer marketing agency that excels in creating and executing end-to-end campaigns across platforms such as Instagram and TikTok. They are praised for their professionalism, creativity, and ability to drive tangible business results, with a significant incr",2026-09-10T11:46:07,https://www.linkedin.com/company/the-influencer-marketing-factory,https://www.facebook.com/influencermarketingfactory,https://www.twitter.com/the_IMFactory,https://www.instagram.com/influencermarketingfactory,2018,"66 W Flagler St Miami , FL , United States 33130"
clutch,Amazon Growth Lab,https://clutch.co/profile/amazon-growth-lab,https://www.amazongrowthlab.com/free-audit?utm_source=clutch.co&utm_medium=referral&utm_campaign=profile,digital-marketing,Culver City,CA,US,50 - 249,"$10,000+",$100 - $149 / hr,4.9,50.0,"Amazon Growth Lab is an Amazon-focused agency that specializes in optimizing sales channels, enhancing conversion rates, and improving advertising efficiency for eCommerce businesses. Across their reviews, 75% of clients reported significant improvements in revenue and profitability, with some citin",2026-09-10T11:46:07,https://www.linkedin.com/company/amazon-growth-lab,https://www.facebook.com/amazongrowthlab,https://www.twitter.com/amazongrowthlab,,2012,"9696 Culver Boulevard Culver City , CA , United States 90232"
clutch,ATRA,https://clutch.co/profile/atra,https://atradigital.com/?utm_source=clutch.co&utm_medium=referral&utm_campaign=us-agencies-digital-marketing,digital-marketing,Tempe,AZ,US,10 - 49,"$1,000+",$150 - $199 / hr,5.0,49.0,"ATRA is a digital marketing agency specializing in pay-per-click (PPC) advertising and strategic campaign management. The company is highly praised for its transparency, responsiveness, and ability to deliver promised results, with over 90% of reviews noting their effective communication and project",2026-09-10T11:46:07,https://www.linkedin.com/company/atra-digital,https://www.facebook.com/atradigitalagency,,https://www.instagram.com/atradigital,2017,"2151 East Broadway Rd. Suite 202 Tempe , AZ , United States 85282"
clutch,Orbit Media Studios,https://clutch.co/profile/orbit-media-studios,https://www.orbitmedia.com/?utm_source=clutch.co&utm_medium=referral&utm_campaign=directory,digital-marketing,Chicago,IL,US,50 - 249,"$50,000+",$150 - $199 / hr,5.0,36.0,"Orbit Media Studios is a web development and digital strategy company specializing in website redesign, UX/UI design, SEO, and digital platform creation. The company has received overwhelmingly positive feedback, with over 90% of reviews highlighting their strategic partnership approach, excellent p",2026-09-10T11:46:07,https://www.linkedin.com/company/orbit-media-studios-inc.,,,,2001,"4043 N Ravenswood Ave #316 Chicago , IL , United States 60613"
clutch,Sociallyin,https://clutch.co/profile/sociallyin,https://sociallyin.com?utm_source=clutch.co&utm_medium=referral&utm_campaign=us-agencies-digital-marketing,digital-marketing,Atlanta,GA,US,50 - 249,"$5,000+",$100 - $149 / hr,4.8,68.0,"Sociallyin is a social media marketing agency specializing in enhancing brand visibility and engagement through strategic content creation and influencer management. Across its reviews, 100% of clients commend their project management, creativity, and strategic approach. The company consistently del",2026-09-10T11:46:07,https://www.linkedin.com/company/sociallyin,https://www.facebook.com/sociallyin,https://www.twitter.com/sociallyin,https://www.instagram.com/sociallyin__,2011,"3423 Piedmont Road NE Atlanta , GA , United States 30305"
clutch,CrunchGrowth Revenue Acceleration Agency,https://clutch.co/profile/crunchgrowth-revenue-acceleration-agency,https://www.crunchgrowth.com/?utm_source=clutch.co&utm_medium=referral&utm_campaign=directory,digital-marketing,Towson,MD,US,10 - 49,"$5,000+",$150 - $199 / hr,4.9,18.0,"CrunchGrowth Revenue Acceleration Agency specializes in digital strategy, e-commerce development, and social media marketing. The agency is widely praised for its technical precision and creative empathy, with a success rate exceeding client expectations in terms of sales growth and brand enhancemen",2026-09-10T11:46:07,https://www.linkedin.com/company/crunchgrowthllc,https://www.facebook.com/crunchgrowth,,https://www.instagram.com/crunchgrowth,2016,"600 Washington Avenue Towson , MD , United States 21204"
clutch,"Ready Artwork - Website, Design, Marketing",https://clutch.co/profile/ready-artwork-website-design-marketing,https://www.readyartwork.com?utm_source=clutch.co&utm_medium=referral&utm_campaign=us-agencies-digital-marketing,digital-marketing,Monrovia,CA,US,10 - 49,"$5,000+",$200 - $300 / hr,4.9,11.0,"Ready Artwork - Website, Design, Marketing is a comprehensive digital agency specializing in website development, design, branding, and marketing. Across the reviews, clients consistently praise their responsiveness, professionalism, and commitment to client satisfaction. Notably, 100% of reviewers ",2026-09-10T11:46:07,https://www.linkedin.com/company/ready-artwork,https://www.facebook.com/readyartwork,,https://www.instagram.com/readyartwork,2003,"432 W. Foothill Blvd Monrovia , CA , United States 91016"
clutch,Geeks360,https://clutch.co/profile/geeks360,https://geeks360.net?utm_source=clutch.co&utm_medium=referral&utm_campaign=us-agencies-digital-marketing,digital-marketing,Miami,FL,US,10 - 49,"$1,000+",$100 - $149 / hr,5.0,7.0,"Geeks360 is a digital marketing agency specializing in SEO, website development, social media management, and content creation. The reviews highlight their exceptional project management, responsiveness, and ability to meet or exceed project milestones. Approximately 100% of reviewers praised their ",2026-09-10T11:46:07,https://www.linkedin.com/company/geeks360,https://www.facebook.com/geeks360,https://www.x.com/Geeks360,https://www.instagram.com/geeks_360,2017,"92 Southwest 3rd Street Miami , FL , United States 33130"
clutch,HireInfluence,https://clutch.co/profile/hireinfluence,https://hireinfluence.com/?utm_source=clutch.co&utm_medium=referral&utm_campaign=directory,digital-marketing,The Woodlands,TX,US,10 - 49,"$75,000+",,4.7,6.0,"HireInfluence is an influencer marketing agency that excels in crafting targeted influencer campaigns to boost brand awareness and drive engagement. Their expertise is reflected in positive feedback, with 100% of reviews praising their project management skills, timely delivery, and effective commun",2026-09-10T11:46:07,https://www.linkedin.com/company/hireinfluence,https://www.facebook.com/Hireinfluence,https://www.twitter.com/hireinfluence,https://www.instagram.com/hireinfluence,2011,"2002 Timberloch Place, 200 The Woodlands , TX , United States 77380"
clutch,Collective42,https://clutch.co/profile/collective42,https://collective42.com/?utm_source=clutch.co&utm_medium=referral&utm_campaign=directory,digital-marketing,Encinitas,CA,US,10 - 49,"$10,000+",$100 - $149 / hr,5.0,33.0,"Collective42 is a digital agency specializing in website design, development, and SEO services. Across its reviews, 100% of clients praise the company's professionalism, responsiveness, and project management skills, with no negative feedback reported. Notably, 83% of reviewers highlight their impre",2026-09-10T11:46:07,https://www.linkedin.com/company/collective42,,,,2017,"270 N El Camino Real, #F226 Encinitas , CA , United States 92024"
clutch,Group 8A,https://clutch.co/profile/group-8a,https://group8a.com/?utm_source=clutch.co&utm_medium=referral&utm_campaign=directory,digital-marketing,New York,NY,US,10 - 49,"$1,000+",,3.5,15.0,"Group 8A specializes in digital marketing services, focusing on paid media management, affiliate marketing, and performance marketing strategies. They have received mixed feedback: approximately 70% of reviews highlight their professionalism, structured approaches, and ability to meet marketing goal",2026-09-10T11:46:07,https://www.linkedin.com/company/group-8a,https://www.facebook.com/group8a,https://www.twitter.com/group_8a,,2009,"601 W 26th St New York , NY , United States 10001"
clutch,Flying V Group,https://clutch.co/profile/flying-v-group,https://www.flyingvgroup.com/?utm_source=clutch.co&utm_medium=referral&utm_campaign=directory,digital-marketing,Newport Beach,CA,US,10 - 49,"$5,000+",$200 - $300 / hr,4.9,37.0,"Flying V Group is a digital marketing agency specializing in SEO, website redesign, and lead generation. The company has an outstanding reputation, with reviews highlighting its responsiveness, high-quality leads, and effective project management. Approximately 90% of clients praise their work ethic",2026-09-10T11:46:07,https://www.linkedin.com/company/flying-v-group,https://www.facebook.com/flyingvgroup,https://www.twitter.com/flyingvgroup,https://www.instagram.com/flyingvgroup,2016,"4695 Macarthur Court, Suite 1630 Newport Beach , CA , United States 92660"
clutch,Gatorworks,https://clutch.co/profile/gatorworks,https://gatorworks.net?utm_source=clutch.co&utm_medium=referral&utm_campaign=us-agencies-digital-marketing,digital-marketing,Baton Rouge,LA,US,10 - 49,"$10,000+",$150 - $199 / hr,4.9,26.0,"Gatorworks is a digital marketing agency specializing in website design, SEO, branding, and digital marketing strategies. Across reviews, clients consistently praise their professionalism, creativity, and personalized approach, with 100% of feedback highlighting positive experiences and impressive p",2026-09-10T11:46:07,https://www.linkedin.com/company/gatorworks,https://www.facebook.com/gatorworks,https://www.twitter.com/gatorworks,https://www.instagram.com/gatorworks,2006,"Myrtle Lake Plaza 10988 N. Harrells Ferry Road Suite 12 Baton Rouge , LA , United States 70816"
clutch,Savage Global Marketing,https://clutch.co/profile/savage-global-marketing,https://www.savageglobalmarketing.com/contact-us/clutch/?utm_source=clutch.co&utm_medium=referral&utm_campaign=directory,digital-marketing,Fort Lauderdale,FL,US,10 - 49,"$5,000+",$150 - $199 / hr,4.8,68.0,"Savage Global Marketing is a comprehensive digital marketing agency renowned for services including website design, video production, and social media management. The company consistently garners positive reviews, with over 90% of clients praising their professionalism, creativity, and effective pro",2026-09-10T11:46:07,https://www.linkedin.com/company/savage-global-marketing,https://www.facebook.com/savageglobal,,https://www.instagram.com/savageglobalmarketing,2014,"515 E Las Olas Boulevard, Suite 120 Fort Lauderdale , FL , United States 33301"
clutch,"Inbox Army, LLC",https://clutch.co/profile/inbox-army,https://www.inboxarmy.com/?utm_source=clutch&utm_medium=referral,digital-marketing,Grapevine,TX,US,50 - 249,"$1,000+",$100 - $149 / hr,4.9,71.0,"Inbox Army, LLC is an email marketing agency distinguished by its expertise in crafting responsive email campaigns and automation strategies. Across reviews, clients consistently highlight the company's rapid response times, professional project management, and ability to enhance email metrics such ",2026-09-10T11:46:07,https://www.linkedin.com/company/inbox-army,https://www.facebook.com/inboxarmy,https://www.twitter.com/InboxArmy,https://www.instagram.com/inboxarmy,2016,"2150 West Northwest Highway Grapevine , TX , United States 76051"
clutch,Mattered,https://clutch.co/profile/mattered,http://mattered.com/?utm_source=clutch.co&utm_medium=referral&utm_campaign=directory,digital-marketing,Irvine,CA,US,10 - 49,"$5,000+",$100 - $149 / hr,5.0,16.0,"Mattered is a versatile creative agency specializing in design execution, email and SMS marketing, and web development. The company consistently receives positive feedback, with 100% of reviews highlighting their responsiveness, project management, and alignment with client values. Notably, 40% of r",2026-09-10T11:46:07,https://www.linkedin.com/company/mattered,,,https://www.instagram.com/mattered,2021,"300 Spectrum Center Drive Ste 400 Irvine , CA , United States 92618"
clutch,Storm Brain,https://clutch.co/profile/storm-brain,https://www.stormbrain.com/?utm_source=clutch.co&utm_medium=referral&utm_campaign=us-agencies-digital-marketing,digital-marketing,Carlsbad,CA,US,50 - 249,"$10,000+",$150 - $199 / hr,5.0,126.0,"Storm Brain is a versatile digital agency specializing in website design, development, digital marketing, and SEO services. The company receives overwhelmingly positive feedback, with approximately 100% of reviewers praising their professionalism, effective communication, timely delivery, and strate",2026-09-10T11:46:07,https://www.linkedin.com/company/storm-brain,https://www.facebook.com/San.Diego.Web.Design.SEO,https://www.twitter.com/stormbrain,https://www.instagram.com/stormbrainagency,2007,"1902 Wright Pl Suite 200 Carlsbad , CA , United States 92008"
clutch,Agency Jet,https://clutch.co/profile/agency-jet,https://www.agencyjet.com/?utm_source=clutch.co&utm_medium=referral&utm_campaign=directory,digital-marketing,Las Vegas,NV,US,10 - 49,"$1,000+",$100 - $149 / hr,4.8,57.0,"Agency Jet is an SEO agency offering services such as keyword research, on-site optimization, content creation, and digital marketing. Across multiple reviews, clients have praised the agency's strong communication, transparency, and measurable improvements in organic search performance. Approximate",2026-09-10T11:46:07,https://www.linkedin.com/company/11030981,https://www.facebook.com/agencyjet,https://www.x.com/_agency_jet,https://www.instagram.com/agencyjet,2015,"4100 West Flamingo Road Las Vegas , NV , United States 89103"
clutch,Algofy,https://clutch.co/profile/algofy,https://www.algofy.com/clutch-services,digital-marketing,Bend,OR,US,10 - 49,"$1,000+",$50 - $99 / hr,5.0,22.0,"Algofy is a comprehensive digital marketing agency that offers services such as paid media management, SEO, website development, and brand strategy. Reviews indicate a strong emphasis on project management and client responsiveness, with 100% of reviewers highlighting their timely delivery and effec",2026-09-10T11:46:07,https://www.linkedin.com/company/algofy,https://www.facebook.com/algofy360,,https://www.instagram.com/algofy360,2017,"395 SW Bluff Dr Bend , OR , United States 97702"
clutch,DSM,https://clutch.co/profile/dsm,https://www.thedsmgroup.com?utm_source=clutch.co&utm_medium=referral&utm_campaign=us-agencies-digital-marketing,digital-marketing,Mahwah,NJ,US,10 - 49,"$10,000+",$200 - $300 / hr,5.0,20.0,"DSM is a full-service marketing agency providing comprehensive digital strategy, creative solutions, and execution for both B2C and B2B clients. With a focus on aligning with client values and goals, DSM is commended for its professionalism, creativity, and reliability. Approximately 90% of the revi",2026-09-10T11:46:07,https://www.linkedin.com/company/the-dsm-group,https://www.facebook.com/TheDSMGroup,https://www.twitter.com/thedsmgroup,https://www.instagram.com/thedsmgroup,2007,"575 Corporate Drive Mahwah , NJ , United States 07430"
clutch,Nativz,https://clutch.co/profile/nativz-0,https://nativz.io?utm_source=clutch.co&utm_medium=referral&utm_campaign=us-agencies-digital-marketing,digital-marketing,Dallas,TX,US,10 - 49,"$1,000+",$100 - $149 / hr,5.0,16.0,"Nativz is a comprehensive digital marketing and web development agency known for its expertise in SEO, PPC, web design, and social media management. With over 90% positive feedback, clients consistently praise Nativz for their exceptional project management, responsiveness, and ability to deliver me",2026-09-10T11:46:07,https://www.linkedin.com/company/nativz,https://www.facebook.com/Nativz.io,,https://www.instagram.com/nativz.io,2017,"3322 Shorecrest Drive Dallas , TX , United States 75235"
clutch,Excella PPC,https://clutch.co/profile/excella-ppc,http://excellappc.com,digital-marketing,New York,NY,US,10 - 49,"$5,000+",$50 - $99 / hr,5.0,29.0,"Excella PPC is a specialized digital marketing agency that excels in PPC management, providing services across major ad platforms like Google Ads, Microsoft Ads, and Meta Ads. With consistent positive feedback, their reviews highlight a 100% client satisfaction rate, emphasizing their expertise in i",2026-09-10T11:46:07,https://www.linkedin.com/company/excella-ppc,https://www.facebook.com/ppcadvertisingfirm,https://www.x.com/y_excellappc,https://www.instagram.com/yulian_excellappc,2017,"13-15 Bolsunovska Street, office 7 Kyiv , Ukraine 01014"
clutch,Perrill,https://clutch.co/profile/perrill,https://www.perrill.com/clutch-digital-marketing-agency/?utm_source=clutch.co&utm_medium=referral&utm_campaign=directory,digital-marketing,Minnetonka,MN,US,10 - 49,"$5,000+",$150 - $199 / hr,4.9,9.0,"Perrill is a full-service digital marketing agency specializing in web development, SEO, and digital strategy. Client reviews consistently highlight the agency's expertise, responsiveness, and effective project management. Approximately 90% of reviews emphasize Perrill's strong communication and abi",2026-09-10T11:46:07,https://www.linkedin.com/company/perrill,https://www.facebook.com/perrillagency,https://www.twitter.com/firstscribe,https://www.instagram.com/perrillagency,1993,"110 Cheshire Lane, Suite 105 Minnetonka , MN , United States 55305"
clutch,Flowium,https://clutch.co/profile/flowium,https://flowium.com/lp/clutch/,digital-marketing,Staten Island,NY,US,50 - 249,"$1,000+",$100 - $149 / hr,4.9,23.0,"Flowium is an email marketing agency specializing in optimizing and strategizing email and SMS campaigns to boost customer engagement and revenue. Across reviews, clients commend Flowium's strong project management, responsiveness, and design quality. About 80% of reviewers highlighted their timely ",2026-09-10T11:46:07,,https://www.facebook.com/flowium,https://www.twitter.com/flowiumofficial,https://www.instagram.com/flowium,2017,"57 Beach Street, Suite 306 Staten Island , NY , United States 10304"
clutch,Complete SEO,https://clutch.co/profile/complete-seo,https://completeseo.com?utm_source=clutch.co&utm_medium=referral,digital-marketing,Austin,TX,US,10 - 49,"$5,000+",$200 - $300 / hr,5.0,13.0,"Complete SEO is an SEO agency renowned for its expertise in improving search rankings and driving online visibility for a diverse range of businesses. The reviews are overwhelmingly positive, with over 95% indicating satisfaction, highlighting their technical proficiency, proactive communication, an",2026-09-10T11:46:07,https://www.linkedin.com/company/complete-seo,https://www.facebook.com/completeseoaustin,https://www.x.com/completeseoatx,https://www.instagram.com/complete_seo,2012,"702 Rio Grande Street Austin , TX , United States 78701"
clutch,Grow Law,https://clutch.co/profile/grow-law,https://growlaw.co/?utm_source=clutch.co&utm_medium=referral&utm_campaign=directory?utm_source=clutch.co&utm_medium=referral&utm_campaign=us-agencies-digital-marketing,digital-marketing,Fort Lauderdale,FL,US,50 - 249,"$5,000+",$100 - $149 / hr,5.0,7.0,"Grow Law is a marketing firm specializing in SEO, web design, and PPC services tailored primarily for law firms. With a focus on enhancing online presence and lead generation, Grow Law has received overwhelmingly positive feedback from clients, with 100% noting improvements in SEO rankings and quali",2026-09-10T11:46:07,https://www.linkedin.com/company/grow-law,https://www.facebook.com/growlaw,https://www.x.com/grow_law,https://www.instagram.com/grow_law,2008,"501 East Las Olas Boulevard Fort Lauderdale , FL , United States 33301"
clutch,NetReputation,https://clutch.co/profile/netreputation,https://www.netreputation.com?utm_source=clutch.co&utm_medium=referral&utm_campaign=us-agencies-digital-marketing,digital-marketing,Sarasota,FL,US,50 - 249,"$1,000+",$100 - $149 / hr,5.0,56.0,"NetReputation is an online reputation management company that excels in enhancing brand perception, suppressing negative content, and improving online visibility. Across its reviews, 100% of clients commend its professional and responsive project management, while 90% highlight the company's success",2026-09-10T11:46:07,https://www.linkedin.com/company/netreputation,https://www.facebook.com/NetReputation,https://www.twitter.com/netreputation,https://www.instagram.com/netreputation,2015,"1100 N Tuttle Ave, Ste. 12 Sarasota , FL , United States 34237"
clutch,Bop Design,https://clutch.co/profile/bop-design,https://www.bopdesign.com/?utm_source=clutch.co&utm_medium=referral&utm_campaign=us-agencies-digital-marketing,digital-marketing,San Diego,CA,US,10 - 49,"$25,000+",$150 - $199 / hr,5.0,127.0,"Bop Design is a professional website design and development agency specializing in enhancing brand presence through modern, interactive websites and optimized UX. Over 90% of reviewers commend Bop Design for their creativity, timely delivery, and exceptional project management. The agency is praised",2026-09-10T11:46:07,https://www.linkedin.com/company/bop-design,https://www.facebook.com/BopDesign,https://www.twitter.com/BopDesignSD,https://www.instagram.com/bopdesign,2008,"610 W. Ash Street, Suite 706 San Diego , CA , United States 92101"
clutch,Three29,https://clutch.co/profile/three29,https://three29.com/work-with-three29/?utm_source=clutch.co&utm_medium=referral&utm_campaign=us-agencies-digital-marketing,digital-marketing,Sacramento,CA,US,10 - 49,"$10,000+",$100 - $149 / hr,4.9,42.0,"Three29 is a digital agency specializing in web development, SEO, and digital marketing services. Their clients consistently commend their exceptional project management, responsive communication, and ability to deliver high-quality, user-friendly websites. Approximately 90% of reviews highlight the",2026-09-10T11:46:07,https://www.linkedin.com/company/three29,https://www.facebook.com/three29,,https://www.instagram.com/three29agency,2010,"901 H St #120 Sacramento , CA , United States 95814"
clutch,7 Wonders Cinema,https://clutch.co/profile/7-wonders-cinema,https://www.7wonders.com,digital-marketing,Ardmore,PA,US,10 - 49,"$5,000+",$150 - $199 / hr,5.0,20.0,"7 Wonders Cinema is a video production company specializing in creating high-quality content, including podcasts, marketing videos, and digital media assets. Reviewers consistently praise their professionalism, creative storytelling, and strategic understanding of client goals, highlighting their ab",2026-09-10T11:46:07,https://www.linkedin.com/company/10933965,https://www.facebook.com/7wonderscinema,,https://www.instagram.com/7wonderscinema,2015,"10 E Athens Avenue, Suite 205 Ardmore , PA , United States 19003"
clutch,Leadium,https://clutch.co/profile/leadium,https://www.leadium.com/?utm_source=clutch.co&utm_medium=referral&utm_campaign=us-call-centers-lead-generation,lead-generation,Las Vegas,NV,US,50 - 249,"$1,000+",< $25 / hr,5.0,77.0,"Leadium is a Sales Outsourcing Solutions provider specializing in Sales Team Outsourcing and Sales Development Agency services. Their clients frequently commend Leadium for its alignment with company values, adaptability, and effective project management. Across multiple reviews, 100% of clients app",2026-09-10T11:46:41,https://www.linkedin.com/company/leadium.io,https://www.facebook.com/getleadium,https://www.twitter.com/leadiumio,https://www.instagram.com/leadiumio,2016,"901 Fremont Street, #165 Las Vegas , NV , United States 89101"
clutch,JMS Elite,https://clutch.co/profile/jms-elite,http://www.jmselite.com?utm_source=clutch.co&utm_medium=referral&utm_campaign=us-call-centers-lead-generation,lead-generation,Willoughby,OH,US,10 - 49,"$10,000+",$50 - $99 / hr,4.9,8.0,"JMS Elite is a Sales Outsourcing Solutions provider specializing in strategic, targeted engagements for B2B industries. Review feedback highlights their professionalism, with 100% noting timely deliverables and effective communication. Approximately 50% of reviewers praise their high-quality sales s",2026-09-10T11:46:41,https://www.linkedin.com/company/jms-elite-llc,https://www.facebook.com/JMSElite,https://www.x.com/JMSElite,https://www.instagram.com/jms_elite,2002,"5900 SOM Center Rd., Suite 12 Willoughby , OH , United States 44094"
clutch,Belkins,https://clutch.co/profile/belkins,https://belkins.io/clutch?utm_source=clutch.co&utm_medium=referral,lead-generation,Denver,CO,US,50 - 249,"$1,000+",< $25 / hr,4.9,233.0,"Belkins is a Sales Outsourcing Solutions provider specializing in lead generation, sales process automation, and sales talent acquisition. Across Clutch.co reviews, they are praised for their collaborative and strategic approach, with an emphasis on tailored solutions and consistent results. Approxi",2026-09-10T11:46:41,https://www.linkedin.com/company/belkins,https://www.facebook.com/belkins.io,https://www.twitter.com/Belkinsio,https://www.instagram.com/belkins.io,2017,"1200 17th Street Denver , CO , United States 80202"
clutch,LevelUp Leads,https://clutch.co/profile/levelup-leads,https://levelupleads.io?utm_source=clutch.co&utm_medium=referral&utm_campaign=us-call-centers-lead-generation,lead-generation,Laguna Beach,CA,US,50 - 249,"$1,000+",$25 - $49 / hr,5.0,57.0,"LevelUp Leads is a sales development agency providing Sales Outsourcing Solutions such as lead generation, cold calling, and outbound sales process management. Reviews consistently highlight their professionalism, flexibility, and strong project management capabilities, with 100% positive feedback r",2026-09-10T11:46:41,https://www.linkedin.com/company/levelup-leads,https://www.facebook.com/levelupleadsgenerator,,https://www.instagram.com/levelup.leads,2021,"1760 Palm Drive Laguna Beach , CA , United States 92651"
clutch,SalesRoads,https://clutch.co/profile/salesroads,https://salesroads.com/?utm_source=clutch.co&utm_medium=referral&utm_campaign=us-call-centers-lead-generation,lead-generation,Boca Raton,FL,US,50 - 249,"$5,000+",,4.9,66.0,"SalesRoads is a sales development agency specializing in Sales Outsourcing Solutions, offering services like appointment setting and sales team outsourcing. Across their reviews, clients consistently praise their responsiveness, strategic project management, and ability to exceed lead generation tar",2026-09-10T11:46:41,https://www.linkedin.com/company/salesroads,https://www.facebook.com/SalesRoads,https://www.twitter.com/salesroads,,2007,"10055 Yamato Road, Suite 512 Boca Raton , FL , United States 33498"
clutch,Wing Assistant,https://clutch.co/profile/wing-assistant,https://wingassistant.com/?utm_source=clutch.co&utm_medium=referral&utm_campaign=clutch-organic,lead-generation,Berkeley,CA,US,50 - 249,"$1,000+",< $25 / hr,4.7,36.0,"Wing Assistant is a Sales Outsourcing Solutions company that provides services such as lead generation, sales research, and customer support. The overall feedback is highly positive, with clients praising the quality of work, responsiveness, and discipline of Wing Assistant's team, as evidenced by 1",2026-09-10T11:46:41,https://www.linkedin.com/company/wingassistant,https://www.facebook.com/wingassistant,https://www.twitter.com/wingassistant,https://www.instagram.com/wingassistant,2018,"2150 Shattuck Ave Berkeley , CA , United States 94704"
clutch,Impactable,https://clutch.co/profile/impactable,https://impactable.com/,lead-generation,San Antonio,TX,US,10 - 49,"$1,000+",$200 - $300 / hr,4.5,35.0,"Impactable is a digital marketing agency specializing in LinkedIn advertising and lead generation. Their expertise in LinkedIn ads, audience targeting, and campaign optimization is highly praised, as seen in over 90% of positive reviews. Clients commend their professionalism, strategic insight, and ",2026-09-10T11:46:41,https://www.linkedin.com/company/80379272,https://www.facebook.com/impactable.co,,,2019,"12042 Blanco Road San Antonio , TX , United States 78216"
clutch,Specialty Answering Service,https://clutch.co/profile/specialty-answering-service,http://www.specialtyansweringservice.net/?utm_source=clutch.co&utm_medium=referral&utm_campaign=directory,lead-generation,King of Prussia,PA,US,10 - 49,,,4.7,51.0,"Specialty Answering Service is a sales outsourcing solutions provider, focusing on handling customer inquiries, support requests, and providing after-hour coverage. They received overwhelmingly positive feedback for their reliable and professional service, with 100% of reviewers noting improved resp",2026-09-10T11:46:41,https://www.linkedin.com/company/specialty-answering-service,https://www.facebook.com/SpecialtyAnsweringService,https://www.twitter.com/specialtyanswer,https://www.instagram.com/specialtyansweringservice,1985,"1006 9th Avenue King of Prussia , PA , United States 19406"
clutch,TeleNet Marketing Solutions,https://clutch.co/profile/telenet-marketing-solutions,https://lp.constantcontactpages.com/cu/3vRNjzH/sdrsolutions,lead-generation,Bogart,GA,US,50 - 249,,$50 - $99 / hr,4.8,3.0,"TeleNet Marketing Solutions is a Sales Outsourcing Solutions company specializing in sales support services and sales team augmentation. Their reviews reflect a 100% positive feedback rate, highlighting their expertise in demand generation and efficient project management. Clients praise their profe",2026-09-10T11:46:41,https://www.linkedin.com/company/telenet-marketing-solutions,https://www.facebook.com/telenetmarketing,https://www.x.com/TeleNetMktg,,1999,"1915 New Jimmie Daniel RdBogart, GA 30622, USA Bogart , GA , United States 30622"
clutch,Startupr,https://clutch.co/profile/startupr,https://startupr.xyz/,lead-generation,Huntington Beach,CA,US,10 - 49,"$1,000+",< $25 / hr,5.0,12.0,"Startupr is a specialized sales outsourcing solutions provider offering comprehensive sales support services, including outbound lead generation and ICP refinement. Reviews indicate high customer satisfaction, with over 85% of clients highlighting their performance-based model and successful deliver",2026-09-10T11:46:41,https://www.linkedin.com/company/startuprxyz,,,https://www.instagram.com/startuprxyz,2024,
clutch,SalesPro Leads,https://clutch.co/profile/salespro-leads,https://salesproleads.com/?utm_source=clutch.co&utm_medium=referral&utm_campaign=directory,lead-generation,Reno,NV,US,10 - 49,"$1,000+",< $25 / hr,4.9,7.0,"SalesPro Leads is a Sales Outsourcing Solutions company specializing in sales team augmentation and sales talent acquisition. They have been praised for their excellent responsiveness and ability to adapt to niche industries, with 100% of reviewers mentioning the timely delivery of services. However",2026-09-10T11:46:41,https://www.linkedin.com/company/salespro-leads,https://www.facebook.com/SalesProLeads,https://www.twitter.com/SalesProLeads,,2012,"50 W Liberty St Suite #880 Reno , NV , United States 89501"
clutch,Ver-A-Fast,https://clutch.co/profile/ver-fast,https://verafast.com/?utm_source=clutch.co&utm_medium=referral&utm_campaign=directory,lead-generation,Mentor,OH,US,50 - 249,"$1,000+",< $25 / hr,5.0,5.0,"Ver-A-Fast is a Sales Outsourcing Solutions company that excels in providing Sales Support Services, as evidenced by their ability to manage over half of customer calls for a major mattress retailer. The company is praised for consistently meeting service level goals 85% of the time and exceeding re",2026-09-10T11:46:41,https://www.linkedin.com/company/verafast,https://www.facebook.com/Verafast-105564901239693,,,1976,"8600 Tyler Blvd, Mentor, OH 44060, United States Mentor , OH , United States 44060"
clutch,GenSales,https://clutch.co/profile/gensales,https://gensales.com/?utm_source=clutch.co&utm_medium=referral,lead-generation,Denver,CO,US,50 - 249,"$5,000+",$100 - $149 / hr,4.8,23.0,"GenSales - B2B LeadGen is a Sales Development Agency offering Sales Outsourcing Solutions, including lead generation and appointment setting. They receive predominantly positive feedback, with clients appreciating their deep industry knowledge and proactive communication. Approximately 88% of review",2026-09-10T11:46:42,,https://www.facebook.com/GenSalescom,https://www.twitter.com/gensalescom,,2002,"7555 East Hampden Ave. Suite 340 Denver , CO , United States 80231"
clutch,Hit Rate Solutions,https://clutch.co/profile/hit-rate-solutions,https://hitratesolutions.com?utm_source=clutch.co&utm_medium=referral&utm_campaign=us-call-centers-lead-generation,lead-generation,Chicago,IL,US,50 - 249,"$1,000+",< $25 / hr,4.8,16.0,"Hit Rate Solutions is a Sales Outsourcing Solutions company that excels in lead generation and telemarketing services. With a strong focus on Sales Team Outsourcing, they have garnered 100% positive feedback, highlighting their effective project management, responsive communication, and exceptional ",2026-09-10T11:46:42,https://www.linkedin.com/company/hit-rate-solutions,https://www.facebook.com/hitratesolutions,https://www.twitter.com/rate_hit,,2011,"620 N La Salle Dr, Chicago Chicago , IL , United States 60654"
clutch,Funnel Bakers,https://clutch.co/profile/funnel-bakers,http://funnelbakers.com?utm_source=clutch.co&utm_medium=referral&utm_campaign=directory,lead-generation,Dover,DE,US,10 - 49,"$5,000+",$100 - $149 / hr,5.0,23.0,"Funnel Bakers is a Sales Outsourcing Solutions company specializing in sales funnel optimization, outbound infrastructure, and lead generation. They receive high praise for their efficiency, responsiveness, and ability to enhance sales performance, with 100% of reviews noting improvements in convers",2026-09-10T11:46:42,,https://www.facebook.com/oleg.nazarok,,,2019,"8 The Green Dover , DE , United States 19901"
clutch,DemandZEN,https://clutch.co/profile/demandzen,https://demandzen.com?utm_source=clutch.co&utm_medium=referral&utm_campaign=directory,lead-generation,Troutman,NC,US,50 - 249,"$25,000+",,4.8,5.0,"DemandZEN is a sales development agency specializing in sales outsourcing solutions and sales team augmentation. Reviews indicate strong performance in generating leads and booking meetings, with a focus on efficient project management and effective communication. Approximately 75% of reviewers prai",2026-09-10T11:46:42,https://www.linkedin.com/company/demandzen,,,,2014,"135 Cromdale Rd Troutman , NC , United States 28166"
clutch,Cloud Sourcing,https://clutch.co/profile/cloud-sourcing,https://cloudsourcing.com/?utm_source=clutch.co&utm_medium=referral&utm_campaign=directory,lead-generation,Miami,FL,US,10 - 49,"$5,000+",< $25 / hr,5.0,5.0,"Cloud Sourcing is a Sales Outsourcing Solutions provider specializing in sales team augmentation and sales staffing. The company consistently receives positive feedback, with clients noting significant growth, such as a threefold or fourfold increase in business. Reviews highlight the company's exce",2026-09-10T11:46:42,,,,,2013,"1840 Coral Way Miami , FL , United States 33145"
clutch,Cleverly,https://clutch.co/profile/cleverly,https://cleverly.co?utm_source=clutch&utm_medium=profile&comet_source=clutch,lead-generation,Los Angeles,CA,US,10 - 49,"$1,000+",$25 - $49 / hr,4.3,85.0,"Cleverly, a Sales Development Agency specializing in Sales Outsourcing Solutions, showcases a mixed reception from clients. About 60% of reviews highlight successful lead generation and responsive customer service, while 40% criticize inaccurate targeting and misleading metrics. Despite some praise ",2026-09-10T11:46:42,,,,,2018,"12655 W Jefferson Blvd Los Angeles , CA , United States 90066"
clutch,Strategic Sales & Marketing,https://clutch.co/profile/strategic-sales-marketing,https://www.manageyourleads.com/?utm_source=clutch.co&utm_medium=referral&utm_campaign=directory,lead-generation,Farmington,CT,US,50 - 249,"$1,000+",$50 - $99 / hr,4.7,22.0,"Strategic Sales & Marketing is a Sales Outsourcing Solutions company specializing in sales team augmentation and sales staffing solutions. Their reviews indicate high satisfaction, with a 100% success rate exceeding agreed-upon metrics by two to three times. Clients commend their exceptional data mi",2026-09-10T11:46:42,,,,,1989,"790 Farmington Ave, Farmington , CT , United States 06032"
clutch,ContactWorks,https://clutch.co/profile/contactworks,https://contactworks.biz/contact-us/,lead-generation,Austin,TX,US,50 - 249,"$5,000+",$25 - $49 / hr,5.0,10.0,"ContactWorks is a contact center solutions company providing comprehensive services, including customer support, technical assistance, and business process management across various industries. Notably, 100% of reviewers commend their exceptional customer service and operational flexibility, often h",2026-09-10T11:46:42,,,,,2004,"11900 Jollyville Rd, #203068 Austin , TX , United States 78759"
clutch,Launch Leads,https://clutch.co/profile/launch-leads,https://www.launchleads.com,lead-generation,Salt Lake City,UT,US,50 - 249,"$5,000+",,4.9,4.0,"Launch Leads is a Sales Development Agency specializing in Sales Outsourcing Solutions and Sales Support Services. The majority of feedback is positive, with clients praising their effective use of technology and personalized outreach, leading to significant sales pipeline growth. Approximately 100%",2026-09-10T11:46:42,,,,,2009,"299 S Main Street Suite 1300 Salt Lake City , UT , United States 84111"
clutch,Constructur,https://clutch.co/profile/constructur,https://constructur.com/contact/?utm_source=clutch.co&utm_medium=referral&utm_campaign=directory,lead-generation,Plano,TX,US,10 - 49,"$1,000+",$100 - $149 / hr,5.0,11.0,"Constructur is a Sales Outsourcing Solutions company specializing in enhancing sales performance through comprehensive sales support services. They have consistently delivered positive results, with 100% of reviewers noting impressive communication and effective project management. Constructur signi",2026-09-10T11:46:42,,,,,2021,"5741 Legacy Dr Suite 317 Plano , TX , United States 75024"
clutch,Acquirent,https://clutch.co/profile/acquirent,https://www.acquirent.com,lead-generation,Evanston,IL,US,50 - 249,"$5,000+",$25 - $49 / hr,4.7,11.0,"Acquirent is a sales development agency specializing in Sales Outsourcing Solutions and Sales Support Services. Reviewers commend their project management and targeted lead generation efforts, highlighting their proactive communication and detail-oriented approach. While 100% of feedback acknowledge",2026-09-10T11:46:42,,,,,2004,"1603 Orrington Ave Evanston , IL , United States 60201"
clutch,SalesGent,https://clutch.co/profile/salesgent,https://www.salesgent.co/,lead-generation,New York,NY,US,10 - 49,"$10,000+",,5.0,15.0,"SalesGent is a Sales Outsourcing Solutions agency specializing in lead generation, prospect qualification, and meeting scheduling. They consistently deliver results, with over 90% of reviews praising their communication and efficiency. Clients appreciate their adaptability and cost-effectiveness, wi",2026-09-10T11:46:42,,,,,2019,"Place des Vosges 17 Paris , France 75004"
clutch,MoreMeetings.com,https://clutch.co/profile/moremeetingscom,http://moremeetings.com/?utm_source=clutch.co&utm_medium=referral&utm_campaign=directory,lead-generation,Gulf Breeze,FL,US,10 - 49,"$25,000+",$25 - $49 / hr,5.0,7.0,"MoreMeetings.com is a Sales Outsourcing Solutions company specializing in generating high-quality leads and enhancing sales performance through strategic client engagement. Reviewers consistently highlight their exceptional project management and ability to exceed expectations, with 100% positive fe",2026-09-10T11:46:42,,,,,2001,"5379 Longhorn Trail Gulf Breeze , FL , United States 32563"
clutch,CrewBloom,https://clutch.co/profile/crewbloom,https://www.crewbloom.com,lead-generation,New York,NY,US,50 - 249,"$1,000+",< $25 / hr,4.7,38.0,"CrewBloom is a Sales Outsourcing Solutions company that excels in providing sales staffing, sales team augmentation, and sales support services. With a 100% positive feedback rate, clients commend their exceptional project management, responsiveness, and cultural fit. Reviewers frequently highlight ",2026-09-10T11:46:42,,,,,2016,"347 5th Ave #1402 New York , NY , United States 10016"
clutch,Franchise Marketing Systems,https://clutch.co/profile/franchise-marketing-systems,http://www.FMSFranchise.com,lead-generation,Alpharetta,GA,US,10 - 49,"$5,000+",$100 - $149 / hr,5.0,17.0,"Franchise Marketing Systems is a franchise development firm that offers comprehensive services, including operations manuals, legal documentation, and marketing strategies to companies seeking to franchise their business. The company receives overwhelmingly positive feedback, with 100% of reviews hi",2026-09-10T11:46:42,,,,,2009,"6110 McFarland Station, 105 Alpharetta , GA , United States 30004"
clutch,"FlyTech, Inc.",https://clutch.co/profile/flytech,https://flytech.ai/?utm_source=clutch.co&utm_medium=referral&utm_campaign=directory,lead-generation,New York,NY,US,10 - 49,"$1,000+",,5.0,11.0,"FlyTech, Inc. is a Sales Outsourcing Solutions provider excelling in lead generation and strategic sales process enhancement. With 100% positive feedback, clients commend their proactive problem-solving, exceptional project management, and high-impact lead generation. Approximately 67% of reviews hi",2026-09-10T11:46:42,,,,,2021,"875 Washington St New York , NY , United States 10014"
clutch,Answering Legal,https://clutch.co/profile/answering-legal,https://www.answeringlegal.com/,lead-generation,Nesconset,NY,US,50 - 249,,,5.0,18.0,"Answering Legal is a specialized answering service company catering primarily to legal professionals. The reviews highlight their professionalism, seamless phone answering services, and 24/7 availability, with around 90% of reviewers praising their exceptional call management and client interaction ",2026-09-10T11:46:42,,,,,2013,"120 Lake Ave S Suite 12 Nesconset , NY , United States 11767"
clutch,eCoast Marketing,https://clutch.co/profile/ecoast-marketing,http://www.ecoastmarketing.com,lead-generation,Rochester,NH,US,50 - 249,"$5,000+",,4.8,6.0,"eCoast Marketing is a telemarketing and lead generation company renowned for its expertise in providing call center services, generating high-quality leads, and scheduling appointments. Across reviews, clients commend the firm's communication skills and project management, with 100% positive feedbac",2026-09-10T11:46:42,,,,,2000,"35E Industrial Way, Suite 201 Rochester , NH , United States 03867"
clutch,Start Up And Fly Inc.,https://clutch.co/profile/start-fly,https://startupandfly.com/?utm_source=clutch.co&utm_medium=referral&utm_campaign=directory,lead-generation,San Francisco,CA,US,50 - 249,"$1,000+",,5.0,14.0,"Start Up And Fly Inc. is a sales outsourcing solutions company specializing in lead generation and B2B appointment setting. They consistently receive positive feedback for their project management, adaptability, and ability to deliver high-quality, targeted leads, with 100% of reviewers highlighting",2026-09-10T11:46:42,,,,,2017,
clutch,Superhuman Prospecting,https://clutch.co/profile/superhuman-prospecting,https://www.superhumanprospecting.com,lead-generation,Norristown,PA,US,10 - 49,"$1,000+",$25 - $49 / hr,5.0,46.0,"Superhuman Prospecting is a Sales Outsourcing Solutions provider renowned for its expertise in outbound cold calling and lead generation. With 100% positive feedback, reviewers consistently highlight their professionalism, adaptability, and excellent project management. Approximately 90% of reviewer",2026-09-10T11:46:42,,,,,2017,"125 Noble St, Suite 201 Norristown , PA , United States 19401"
clutch,Growleads,https://clutch.co/profile/growleads,https://growleads.io/,lead-generation,New York,NY,US,10 - 49,"$1,000+",,4.9,7.0,"Growleads is an outbound sales and digital marketing agency that specializes in managing multi-channel campaigns and optimizing Google Ads for B2B companies. Across four detailed reviews, 100% of feedback highlights their ability to enhance lead quality and align messaging. Clients commend their str",2026-09-10T11:46:42,https://www.linkedin.com/company/growleads-io,,https://www.x.com/growleadsio,https://www.instagram.com/growleads.io,2024,"99 Wall Street New York , NY , United States 10005"
clutch,"Telecom, Inc.",https://clutch.co/profile/telecom,http://www.telecominc.com,lead-generation,Oakland,CA,US,50 - 249,"$1,000+",$25 - $49 / hr,5.0,2.0,"Telecom, Inc. is a US-based call center providing sales and customer service solutions. Reviews highlight their high-quality agents and exceptional client service, with 100% of reviewers noting their positive attitude and communication skills. Clients appreciated their ability to incorporate feedbac",2026-09-10T11:46:42,,,,,1993,"2201 Broadway, Suite M3 Oakland , CA , United States 94612"
clutch,Intelus Agency,https://clutch.co/profile/intelus-agency,https://intelusagency.com,lead-generation,Athens,AL,US,10 - 49,"$1,000+",< $25 / hr,5.0,9.0,"Intelus Agency specializes in Sales Outsourcing Solutions, offering services such as LinkedIn optimization, prospect list building, and outreach to drive brand awareness and generate leads. Client feedback highlights their effectiveness in expanding networks and creating sales opportunities, with 10",2026-09-10T11:46:42,,,,,2018,"26953 Brown Rd Athens , AL , United States 35613"
clutch,Rising Tides,https://clutch.co/profile/rising-tides,https://hire.risingtides.io,lead-generation,Menlo Park,CA,US,10 - 49,"$5,000+",$100 - $149 / hr,5.0,3.0,"Rising Tides is a marketing agency specializing in digital marketing solutions, including SEO, content creation, and social media management. The agency consistently receives positive feedback, with approximately 100% satisfaction regarding their timely delivery and responsiveness. Clients commend t",2026-09-10T11:46:42,,,,,2024,"1259 El Camino Real, # 1284 Menlo Park , CA , United States 94025"
clutch,Caret,https://clutch.co/profile/caret,https://www.joincaret.com,lead-generation,Columbus,OH,US,10 - 49,,,5.0,1.0,"Caret is a strategic sales consultancy specializing in outbound sales and demand generation. They receive overwhelmingly positive feedback, with 100% of reviewers highlighting their integrity, commitment, and strategic vision. Clients report significant business growth, with measurable success excee",2026-09-10T11:46:42,,,,,2021,"800 North High Street Columbus , OH , United States 43215"
clutch,TeleContact Resource Services,https://clutch.co/profile/telecontact-resource-services,https://trstelemarketing.com,lead-generation,Riverbank,CA,US,50 - 249,"$1,000+",,4.6,4.0,"TeleContact Resource Services is a telemarketing and customer service company specializing in outbound sales and customer verification services. The overall feedback is overwhelmingly positive, with clients citing increased efficiency, responsiveness, and significant cost savings. Approximately 75% ",2026-09-10T11:46:42,,,,,1994,"6436 Oakdale Road Riverbank , CA , United States 95367"
clutch,Answering Service Care,https://clutch.co/profile/answering-service-care,https://www.answeringservicecare.com/?utm_source=clutch.co&utm_medium=referral&utm_campaign=directory,lead-generation,Margate,FL,US,50 - 249,,,4.8,20.0,"Answering Service Care is a professional answering service provider offering 24/7 customer support, call screening, forwarding, and bilingual services. Reviews indicate a high level of satisfaction with their reliability and professionalism, with 71% of reviewers mentioning favorable outcomes and on",2026-09-10T11:46:42,,https://www.facebook.com/answeringservicecareusa,https://www.twitter.com/LivePhoneAnswer,https://www.instagram.com/answeringservicecare,1974,"441 S State Road 7, Suite 2 Margate , FL , United States 33068"
clutch,AnswerLive,https://clutch.co/profile/answerlive,https://www.answerlive.com,lead-generation,Gastonia,NC,US,50 - 249,,,4.6,7.0,"AnswerLive is a call center service provider specializing in after-hours and 24/7 answering services. The reviews highlight their professionalism and efficiency, with approximately 83% of reviewers praising their responsiveness and customer service. However, some challenges include communication gap",2026-09-10T11:46:42,,,,,1982,"1034 X-Ray Drive Gastonia , NC , United States 28054"
clutch,Xync Inc.,https://clutch.co/profile/xync,https://xyncinc.com/,lead-generation,Marina del Rey,CA,US,50 - 249,,,4.7,5.0,"Xync Inc. is a Sales Outsourcing Solutions provider specializing in lead generation, social media marketing, and omni-channel engagement. The company receives highly positive feedback for its effective project management and personalized marketing strategies, with 100% of reviewers highlighting thei",2026-09-10T11:46:42,,,,,2017,"4712 Admiralty Way Marina del Rey , CA , United States 90292"
clutch,Hyre,https://clutch.co/profile/hyre,https://www.hyreup.com/,lead-generation,Overland Park,KS,US,50 - 249,"$1,000+",< $25 / hr,5.0,4.0,"Hyre appears to be a staffing and recruitment company specializing in virtual assistant and remote staff placement, as evidenced by their ability to help clients efficiently onboard key team members. Reviews indicate a 100% satisfaction rate, with clients lauding their effective candidate selection ",2026-09-10T11:46:42,,,,,2024,"12022 Blue Valley Parkway Overland Park , KS , United States 66213"
clutch,Outbound System,https://clutch.co/profile/outbound-system,https://outboundsystem.com,lead-generation,Los Angeles,CA,US,10 - 49,"$1,000+",,5.0,8.0,"Outbound System is a lead generation and outreach company specializing in cold email, LinkedIn, and AI-driven appointment setting services. Their clients consistently praise their ability to produce high-quality leads and customized messaging, with 100% of reviews highlighting successful outcomes su",2026-09-10T11:46:42,,,,,2020,"6060 Center Dr Los Angeles , CA , United States 90045"
clutch,BOS Digital,https://clutch.co/profile/bos-digital,https://bos.digital/,lead-generation,Raleigh,NC,US,10 - 49,"$5,000+",$100 - $149 / hr,5.0,13.0,"BOS Digital is a comprehensive digital marketing agency specializing in services such as social media management, SEO, content strategy, and online reputation management. With approximately 100% positive feedback, clients consistently praise their organization, effective communication, and ability t",2026-09-10T11:46:42,,,,,2016,"1 Glenwood, 5th Floor Raleigh , NC , United States 27603"
clutch,Green Leads LLC,https://clutch.co/profile/green-leads,https://www.green-leads.com/contact,lead-generation,San Francisco,CA,US,10 - 49,"$5,000+",$50 - $99 / hr,4.5,2.0,"Green Leads LLC is a lead generation company that specializes in outbound cold calling and creating feasible business contacts. According to reviews, 100% of clients praise their professionalism and ability to generate quality leads, with one client noting a 600-700% increase in pipeline opportuniti",2026-09-10T11:46:42,,,,,2007,
clutch,Callbox,https://clutch.co/profile/callbox,https://www.callboxinc.com?utm_source=clutch.co&utm_medium=referral&utm_campaign=us-call-centers-lead-generation,lead-generation,Los Angeles,CA,US,"1,000 - 9,999",,,,20.0,,2026-09-10T11:46:42,https://www.linkedin.com/company/callboxinc,https://www.facebook.com/Callbox,https://www.twitter.com/CallboxInc,https://www.instagram.com/callbox.inc,2004,"4924 Balboa Blvd # 353 Los Angeles , CA , United States 91316"
clutch,Prialto,https://clutch.co/profile/prialto,https://www.prialto.com/?utm_source=clutch.co&utm_medium=referral&utm_campaign=directory,lead-generation,Portland,OR,US,250 - 999,"$1,000+",< $25 / hr,,20.0,,2026-09-10T11:46:42,https://www.linkedin.com/company/prialto,https://www.facebook.com/Prialto.US,https://www.twitter.com/Prialto,https://www.instagram.com/prialtoinc,2008,"919 SW Taylor Street, Suite 400 Portland , OR , United States 97205"
clutch,Beyond Codes Inc.,https://clutch.co/profile/beyond-codes,https://www.beyondcodes.com,lead-generation,Simi Valley,CA,US,250 - 999,"$10,000+",$25 - $49 / hr,,20.0,,2026-09-10T11:46:42,,,,,2008,"4277 Goldstone Ln Simi Valley , CA , United States 93065"
clutch,Abstrakt Marketing Group,https://clutch.co/profile/abstrakt-marketing-group,https://www.abstraktmg.com/,lead-generation,St. Louis,MO,US,250 - 999,"$1,000+",$100 - $149 / hr,,20.0,,2026-09-10T11:46:42,https://www.linkedin.com/company/abstrakt-marketing-group,https://www.facebook.com/Abstraktmg,,https://www.instagram.com/abstraktmg,2009,"727 N 1st St., Suite 101 St. Louis , MO , United States 63102"
clutch,JumpCrew,https://clutch.co/profile/jumpcrew,https://jumpcrew.com/outsourced-sales/?utm_source=clutch.co&utm_medium=referral&utm_campaign=directory,lead-generation,Nashville,TN,US,250 - 999,"$1,000+",,,20.0,,2026-09-10T11:46:42,,,,,2016,"501 Great Circle Rd Nashville , TN , United States 37228"
clutch,Blue Valley Marketing,https://clutch.co/profile/blue-valley-marketing,https://www.bluevalleymarketing.com/?utm_source=clutch.co&utm_medium=referral&utm_campaign=directory,lead-generation,Home,KS,US,250 - 999,"$5,000+",$25 - $49 / hr,,20.0,,2026-09-10T11:46:42,,,,,1991,"1555 Pony Express Hwy Home , KS , United States 66438"
clutch,EBQ,https://clutch.co/profile/ebq,https://ebq.com/?utm_medium=web_referral&utm_source=clutch.co&utm_campaign=external_links,lead-generation,Austin,TX,US,250 - 999,"$5,000+",,,20.0,,2026-09-10T11:46:42,,,,,2006,"13341 West U.S. 290 Austin , TX , United States 78737"
clutch,MarketStar Bulgaria,https://clutch.co/profile/marketstar-bulgaria,https://impact.marketstar.com/press/out2bound,lead-generation,Ogden,UT,US,"1,000 - 9,999","$25,000+",,,20.0,,2026-09-10T11:46:42,,,,,1988,"2 Srebarna str, MobiArt building Sofia , Bulgaria 1407"
clutch,Uassist.ME,https://clutch.co/profile/uassistme,https://www.uassistme.com/request-a-consultation?utm_source=clutch.co&utm_medium=referral&utm_campaign=directory,lead-generation,Miami Beach,FL,US,250 - 999,"$5,000+",< $25 / hr,,20.0,,2026-09-10T11:46:42,https://www.linkedin.com/company/uassist-me,https://www.facebook.com/uassistme,https://www.twitter.com/uassistme,https://www.instagram.com/uassistme,2009,"1688 Meridian Avenue Miami Beach , FL , United States 33139"
clutch,OnBrand24,https://clutch.co/profile/onbrand24,http://www.onbrand24.com,lead-generation,Beverly,MA,US,250 - 999,"$5,000+",,,20.0,,2026-09-10T11:46:42,,,,,1980,"100 Cummings Center Suite 306L Beverly , MA , United States 01915"
clutch,1840 & Company,https://clutch.co/profile/1840-company,https://www.1840andco.com/?utm_source=clutch.co&utm_medium=referral&utm_campaign=us-call-centers-lead-generation,lead-generation,Overland Park,KS,US,250 - 999,"$10,000+",< $25 / hr,,20.0,,2026-09-10T11:46:42,https://www.linkedin.com/company/1840-company,https://www.facebook.com/1840andcompany,https://www.twitter.com/1840andcompany,https://www.instagram.com/1840andco,2014,"5440 West 110th Street Overland Park , KS , United States 66211"
clutch,AI bees,https://clutch.co/profile/ai-bees,https://ai-bees.io/,lead-generation,San Francisco,CA,US,50 - 249,"$1,000+",,4.5,98.0,"AI bees is a Sales Outsourcing Solutions agency specializing in lead generation and sales development through AI-driven outreach and personalized communication strategies. With a strong track record of timely project management and responsive service, AI bees has achieved significant lead generation",2026-09-10T11:49:12,,,,,2018,"50 California St San Francisco , CA , United States 94111"
clutch,Demand Inc.,https://clutch.co/profile/demand,https://www.demandinc.co/,lead-generation,San Francisco,CA,US,50 - 249,,,5.0,1.0,"Demand Inc. is a Sales Outsourcing Solutions company that excels in tailored email outreach and strategic sales support services. Clients consistently praise their transparent communication, professionalism, and ability to significantly boost growth, with 100% positive feedback highlighting their pr",2026-09-10T11:49:12,,,,,2017,"2443 Fillmore Street San Francisco , CA , United States 94115"
clutch,Done For You Meetings,https://clutch.co/profile/done-you-meetings,https://www.dfymeetings.com/,lead-generation,Ellijay,GA,US,10 - 49,"$1,000+",$200 - $300 / hr,5.0,6.0,"Done For You Meetings is a Sales Development Agency specializing in Sales Outsourcing Solutions. They received positive feedback for their quality training and responsiveness, with 100% of reviewers impressed by the personable and knowledgeable staff. Clients praised their cost-effective pricing and",2026-09-10T11:49:12,,,,,2015,"738 Old Parker Terrace Ellijay , GA , United States 30536"
clutch,LeadSquad,https://clutch.co/profile/leadsquad,https://leadsquad.agency,lead-generation,Brandon,FL,US,10 - 49,"$5,000+",,5.0,1.0,"LeadSquad is a marketing automation and CRM integration company specializing in enhancing user experiences through software development services. They consistently received positive feedback, with 100% of reviewers highlighting their effective project management, timely deliverables, and responsiven",2026-09-10T11:49:12,,,,,2024,"1032 East Brandon Boulevard Brandon , FL , United States 33511"
clutch,Zero Risk Growth,https://clutch.co/profile/zero-risk-growth-0,https://meetzeroriskgrowth.com/,lead-generation,Northglenn,CO,US,10 - 49,"$1,000+",,4.9,13.0,"Inboxxia is a Sales Outsourcing Solutions provider, specializing in lead generation and email marketing strategies. The company consistently receives positive reviews, with 100% of clients impressed by their lead quality and project management. Reviewers emphasize Inboxxia's ability to deliver targe",2026-09-10T11:49:12,,,,,2023,"1267 West 111th Avenue Northglenn , CO , United States 80234"
clutch,B2B Only,https://clutch.co/profile/b2b-only,https://b2bonly.com,lead-generation,Phoenix,AZ,US,10 - 49,"$5,000+",$25 - $49 / hr,5.0,3.0,"B2B Only is a B2B telemarketing firm specializing in lead generation, appointment setting, and outreach for various industries, including financial services and logistics. Reviews consistently praise their professionalism, communication, and ability to surpass expectations, with 100% of reviewers ex",2026-09-10T11:49:12,,,,,2016,"25905 N. 49th Lane Phoenix , AZ , United States 85083"
clutch,DRolls & Associates,https://clutch.co/profile/drolls-associates,https://www.dafnarolls.com/,lead-generation,Newton,MA,US,50 - 249,"$5,000+",$100 - $149 / hr,4.9,4.0,"DRolls & Associates is a Sales Outsourcing Solutions provider, renowned for their comprehensive sales support services. They excel in Sales Team Outsourcing and Sales Operations Consulting, consistently delivering effective outreach and lead conversion strategies. With 100% positive feedback, client",2026-09-10T11:49:12,,,,,2006,"275 Grove Street Newton , MA , United States 02466"
clutch,Lead Generation Hubs,https://clutch.co/profile/lead-generation-hubs,https://leadgenhubs.com/?utm_source=clutch.co&utm_medium=referral&utm_campaign=directory,lead-generation,San Francisco,CA,US,10 - 49,"$1,000+",$25 - $49 / hr,4.9,5.0,"Lead Generation Hubs is a Sales Outsourcing Solutions agency known for its effective sales team outsourcing, lead generation, and sales performance enhancement. The company has consistently impressed clients with its hands-on approach and robust talent pool, resulting in over 90% of reviews highligh",2026-09-10T11:49:12,https://www.linkedin.com/company/lead-generation-hubs,,,,2024,"1 Ferry Building, Suite 201 San Francisco , CA , United States 94105"
clutch,LeadsPanda,https://clutch.co/profile/leadspanda,https://leadspanda.com/,lead-generation,New York,NY,US,10 - 49,"$1,000+",$25 - $49 / hr,4.8,4.0,"LeadsPanda is a content creation agency specializing in blog writing, guest posting, and influencer engagement. Clients commend their efficiency, responsiveness, and the quality of content generated, noting a significant increase in organic traffic and engagement. Approximately 90% of reviewers high",2026-09-10T11:49:12,,,,,2011,"99 Wall Street New York , NY , United States 10005"
clutch,Boomsourcing,https://clutch.co/profile/boomsourcing,https://www.boomsourcing.com/,lead-generation,Lehi,UT,US,50 - 249,"$25,000+",< $25 / hr,5.0,1.0,"Boomsourcing is a Sales Outsourcing Solutions provider, specializing in Sales Team Outsourcing and Sales Performance Enhancement. Their reviews highlight impressive results, such as a 120% improvement in lead generation and a significant increase in sales by 85%. Most clients praise their engagement",2026-09-10T11:49:12,,,,,2002,"2901 W, Bluegrass Blvd Ste. 200 Lehi , UT , United States 84043"
clutch,AMBI,https://clutch.co/profile/ambi,https://ambi.is,lead-generation,Cincinnati,OH,US,10 - 49,"$10,000+",$150 - $199 / hr,5.0,1.0,"AMBI is a strategic consultancy firm known for its exceptional trade organization strategies. They consistently deliver outstanding results, as evidenced by their 100% positive feedback. Reviewers frequently commend their energetic team and seamless project management, with no areas for improvement ",2026-09-10T11:49:12,,,,,2024,"311 Elm Street Cincinnati , OH , United States 45202"
clutch,Sitetrail LLC,https://clutch.co/profile/sitetrail,https://www.sitetrail.com/,lead-generation,New York,NY,US,10 - 49,,,5.0,7.0,"Sitetrail LLC is a content marketing and SEO agency specializing in boosting online visibility and brand awareness. Across their reviews, 100% of clients praise their high-quality content, effective project management, and responsive communication. Notably, 67% of reviewers highlight their impressiv",2026-09-10T11:49:12,,,,,2010,"245 Park Avenue, 39th Floor New York , NY , United States 10167"
clutch,Brightest Minds,https://clutch.co/profile/brightest-minds,https://brightestminds.io/,lead-generation,South San Francisco,CA,US,50 - 249,"$1,000+",< $25 / hr,4.9,5.0,"Brightest Minds is a lead generation company specializing in email marketing and LinkedIn outreach to generate and nurture qualified leads. Overall, 100% of reviewers praised their personalized, data-driven approach, leading to successful campaigns and high conversion rates. A notable 75% of clients",2026-09-10T11:49:12,,,,,2017,"611 Gateway Boulevard, Suite 120 South San Francisco , CA , United States 94080"
clutch,Smogu.Studio,https://clutch.co/profile/smogustudio,https://smogu.studio/,lead-generation,Los Angeles,CA,US,10 - 49,"$5,000+",$25 - $49 / hr,5.0,2.0,"Smogu.Studio is a Sales Development Agency specializing in Sales Outsourcing Solutions. The company is praised for its efficient outreach strategies, resulting in significant lead increases and successful client expansion. With 100% positive feedback, clients commend their transparent management and",2026-09-10T11:49:12,,,,,2022,"3415 S Sepulveda Blvd #1100 Los Angeles , CA , United States 90034"
clutch,ResponsePoint,https://clutch.co/profile/responsepoint,https://www.responsepoint.com/,lead-generation,Cary,NC,US,50 - 249,"$5,000+",$25 - $49 / hr,4.7,8.0,"ResponsePoint is a Sales Outsourcing Solutions provider with notable expertise in securing qualified meetings, particularly within the life sciences sector. They have been operating for 11 years, demonstrating consistent success. Overall feedback is positive, with clients appreciating their effectiv",2026-09-10T11:49:12,,,,,1992,"121 Edinburgh South Drive Cary , NC , United States 27511"
clutch,Salaria Sales,https://clutch.co/profile/salaria-sales,https://www.salariagroup.com/,lead-generation,Washington,DC,US,50 - 249,"$25,000+",< $25 / hr,5.0,6.0,"Salaria Sales is a Sales Outsourcing Solutions company specializing in Sales Team Outsourcing and Sales Performance Enhancement. Across their reviews, 100% of clients praised their ability to deliver high-quality meetings with qualified leads, noting a show rate of up to 70%. Clients also commended ",2026-09-10T11:49:12,,,,,2018,"2000 Pennsylvania Ave NW, Suite 342 Washington , DC , United States 20006"
clutch,WebStax Studio,https://clutch.co/profile/webstax-studio,https://webstaxstudio.com/,lead-generation,Glendale,CA,US,10 - 49,"$1,000+",$25 - $49 / hr,5.0,4.0,"WebStax Studio is a versatile digital agency specializing in web development, SEO optimization, and online marketing services. Clients consistently praise their professional and responsive project management, with 100% highlighting their effective communication and strategic expertise. The firm is c",2026-09-10T11:49:12,,,,,2011,"655 North Central Avenue 17th Floor Glendale , CA , United States 91203"
clutch,ProphetLogic,https://clutch.co/profile/prophetlogic,https://www.prophetlogic.com/?utm_source=clutch.co&utm_medium=referral&utm_campaign=directory,lead-generation,Cornelius,NC,US,10 - 49,"$10,000+",$25 - $49 / hr,5.0,2.0,"ProphetLogic is a results-driven sales and marketing company specializing in outbound prospecting and pipeline development. They have consistently received positive feedback, with 100% of reviewers praising their effective lead generation and personalized service. Clients highlight their strong comp",2026-09-10T11:49:12,,,,,2017,"19109 West Catawba Avenue Cornelius , NC , United States 28031"
clutch,ProspectRamp,https://clutch.co/profile/prospectramp,http://www.prospectramp.com,lead-generation,Milwaukee,WI,US,10 - 49,"$5,000+",,5.0,2.0,"ProspectRamp is a Sales Outsourcing Solutions company specializing in sales team augmentation and sales development. They have received overwhelmingly positive feedback for their ability to enhance sales performance, with clients reporting a 1.5x revenue increase and a conversion rate of 10% from 10",2026-09-10T11:49:12,,,,,2022,"790 North Milwaukee Street Milwaukee , WI , United States 53202"
clutch,Numa,https://clutch.co/profile/numa,https://www.numa.com,lead-generation,Oakland,CA,US,10 - 49,,,5.0,5.0,"Numa, a communications solutions provider, offers services that enhance customer interaction through features like text messaging from business landlines and automated voicemail responses. Across various reviews, clients commend Numa for exceptional customer service and efficiency, with 100% of revi",2026-09-10T11:49:12,,,,,2016,"456 8th St Oakland , CA , United States 94607"
clutch,Branxify,https://clutch.co/profile/branxify,https://branxify.com/,lead-generation,Jamaica,NY,US,50 - 249,"$10,000+",$150 - $199 / hr,4.8,2.0,"Branxify is a web development company known for creating e-commerce websites with a focus on design, development, payment processing, and shipping integration. The reviews indicate a 100% positive feedback rate, highlighting their timely delivery, competitive pricing, and the developer's strong desi",2026-09-10T11:49:13,,,,,2024,"85-49 Parsons Boulevard Jamaica, , NY , United States 11432"
clutch,GIC BPO LLC,https://clutch.co/profile/gic-bpo,https://www.gicbpo.com/,lead-generation,Miami,FL,US,50 - 249,"$1,000+",< $25 / hr,5.0,2.0,"GIC BPO LLC is a social media management company lauded for its excellent communication and timely delivery of services. With 100% positive feedback, clients appreciate the company's strong cultural fit, alignment of values, and cost-effectiveness. The firm effectively supports growth and time manag",2026-09-10T11:49:13,,,,,2019,"1101 Brickell Avenue Miami , FL , United States 33131"
clutch,AspireSix,https://clutch.co/profile/aspiresix,https://aspiresix.com,lead-generation,New Brighton,MN,US,10 - 49,"$5,000+",$150 - $199 / hr,5.0,3.0,"AspireSix is a marketing agency specializing in lead generation, branding, and digital marketing strategies, including SEO and PPC. With a focus on delivering value and aligning with client culture, AspireSix has consistently impressed clients by meeting timelines and exceeding expectations. Positiv",2026-09-10T11:49:13,,,,,2023,"2130 14th Street Northwest New Brighton , MN , United States 55112"
clutch,AnswerFront,https://clutch.co/profile/answerfront,https://answerfront.com/,lead-generation,Philadelphia,PA,US,10 - 49,"$1,000+",$25 - $49 / hr,5.0,6.0,"AnswerFront is a dedicated Sales Outsourcing Solutions provider specializing in customer support, client communication, and sales process optimization. Reviews indicate a high level of customer satisfaction, with 20% to 25% increases in service-related performance metrics and operational efficiencie",2026-09-10T11:49:13,,,,,2024,"21 South 11th Street Philadelphia , PA , United States 19107"
clutch,BizzBuzz.AI,https://clutch.co/profile/bizzbuzzai,https://bizzbuzz.ai/,lead-generation,Chicago,IL,US,10 - 49,,,5.0,1.0,"BizzBuzz.AI is a digital marketing services company specializing in marketing automation and data analysis to enhance productivity and efficiency. Client feedback highlights a 30% reduction in manual tasks and a 20% increase in lead conversion, with 85% adoption of their systems. Clients commend the",2026-09-10T11:49:13,,,,,2023,"203 North LaSalle Street, Chicago , IL , United States 60601"
clutch,VonBridge Solutions,https://clutch.co/profile/vonbridge-solutions,https://vonbridgesolutions.com,lead-generation,Denver,CO,US,10 - 49,"$1,000+",< $25 / hr,5.0,1.0,"VonBridge Solutions is a virtual assistance and contact center service provider, specializing in administrative and operational support. With 100% positive feedback, clients commend their reliability, swift understanding of business needs, and effective communication. The company excels in managing ",2026-09-10T11:49:13,,,,,2022,"7100 Broadway Denver , CO , United States 80221"
clutch,Calibrus,https://clutch.co/profile/calibrus,https://www.calibrus.com,lead-generation,Tempe,AZ,US,50 - 249,"$1,000+",< $25 / hr,5.0,1.0,"Calibrus is an outbound services company that focuses on enhancing customer contact and service quality. Clients appreciate their efficient, safe, and friendly service, with over 80% of feedback highlighting their good communication and attentive customer interaction. While most reviewers are satisf",2026-09-10T11:49:13,,,,,,"1225 West Washington Street, Suite 213, Tempe , AZ , United States 85281"
clutch,WC Call Center,https://clutch.co/profile/wc-call-center,http://www.westcoastcallcenter.com/,lead-generation,Ceres,CA,US,10 - 49,"$1,000+",< $25 / hr,4.8,2.0,"WC Call Center is a call center service provider specializing in outbound sales calls, telemarketing, and appointment setting. Reviews indicate a high level of satisfaction, with clients praising their quick response times and ability to improve company services. Positive feedback is prevalent, with",2026-09-10T11:49:13,,,,,2011,"2531 E. Whitmore Ave Suite L-1 Ceres , CA , United States 95307"
clutch,Zaphyre,https://clutch.co/profile/zaphyre,https://zaphyrpro.com/,lead-generation,Fairfax,VA,US,50 - 249,"$1,000+",$50 - $99 / hr,5.0,1.0,"Zaphyre is a B2B Execution Service Partner that embeds directly into your business and runs your go-to-market engine across sales-led growth, outbound, content, and delivery capacity as one Read more See all 1 projects",2026-09-10T11:49:13,,,,,2018,"Zaphyre LLC: 4000 Legato Road, Suite 1100, Fairfax, VA 22033 Fairfax , VA , United States 22033"
clutch,Dotcomsourcing,https://clutch.co/profile/dotcomsourcing,https://www.dotcomsourcing.com/,lead-generation,Carrollton,TX,US,50 - 249,"$1,000+",$100 - $149 / hr,,,"Based in Carrollton, Texas, Dotcomsourcing is a Staffing company. The team provides Staffing and Back Office Outsourcing. Read more",2026-09-10T11:49:13,,,,,2018,"2840 Keller Springs Road Carrollton , TX , United States 75006"
clutch,ZipQuote,https://clutch.co/profile/zipquote,https://zipquote.com,lead-generation,San Diego,CA,US,10 - 49,"$1,000+",$25 - $49 / hr,,,"ZipQuote is a Sales Outsourcing company. Founded in 2008, the firm is located in San Diego, California. Their team offers Sales Outsourcing. Read more",2026-09-10T11:49:13,,,,,2008,"808 J Street San Diego , CA , United States 92101"
clutch,Commence Corporation,https://clutch.co/profile/commence-corporation,http://commence.com,lead-generation,Eatontown,NJ,US,10 - 49,"$1,000+",,,,"Sales Outsourcing company Commence Corporation was launched in 1990. Based in Eatontown, New Jersey, the team focuses on Sales Outsourcing and Email Marketing. Read more",2026-09-10T11:49:13,,,,,1990,"2 Industrial Way West Eatontown , NJ , United States 07724"
clutch,DJM Sales & Marketing,https://clutch.co/profile/djm-sales-marketing,http://www.yourdjm.com,lead-generation,Austin,TX,US,50 - 249,"$1,000+",$25 - $49 / hr,,,"DJM Sales & Marketing is a Sales Outsourcing company. Founded in 1997, the team provides Sales Outsourcing and Back Office Outsourcing. Read more",2026-09-10T11:49:13,,,,,1997,"8200 North Mopac Expressway Suite 350 Austin , TX , United States 78759"
clutch,Pzmeer,https://clutch.co/profile/pzmeer,https://pzmeer.com/,lead-generation,Takoma Park,MD,US,10 - 49,,,,,Pzmeer is a Sales Outsourcing company established in 2021. Their services include Sales Outsourcing and Market Research. Read more,2026-09-10T11:49:13,,,,,2021,"7710 Maple Avenue Takoma Park , MD , United States 20912"
clutch,SkipForce,https://clutch.co/profile/skipforce,https://skipforce.com/,lead-generation,Austin,TX,US,10 - 49,,,,,"SkipForce is a Sales Outsourcing company launched in 2019. The team focuses on Sales Outsourcing and Commercial Property Management and is in Austin, Texas. Read more",2026-09-10T11:49:13,,,,,2019,"9600 Escarpment Boulevard Austin , TX , United States 78749"
clutch,RevGen Labs,https://clutch.co/profile/revgen-labs,http://www.revgenlabs.com,lead-generation,Los Angeles,CA,US,10 - 49,"$1,000+",,,,"Based in Los Angeles, California, RevGen Labs is a Sales Outsourcing company. They offer Sales Outsourcing. Read more",2026-09-10T11:49:13,,,,,2023,"1010 Wilshire Boulevard Los Angeles , CA , United States 90017"
clutch,Craft Impact,https://clutch.co/profile/craft-impact,https://www.craftimpact.com/,lead-generation,Tampa,FL,US,10 - 49,,,,,"Craft Impact is a Content Marketing company. Launched in 2012, the agency focuses on Content Marketing and Search Engine Optimization. Read more",2026-09-10T11:49:13,,,,,2012,"1646 W Snow Ave, Unit 16 Tampa , FL , United States 33606"
clutch,Apects,https://clutch.co/profile/apects,https://apects.com/,lead-generation,New York,NY,US,50 - 249,"$10,000+",,,,"Located in New York, New York and Nicosia, Cyprus, Apects is a Conversion Optimization and Sales Outsourcing company. The team provides Conversion Optimization and Sales Outsourcing. Read more",2026-09-10T11:49:13,,,,,2021,"112 West 34th Street 17th and 18th Floors, New York, NY New York , NY , United States 10120"
clutch,B2B Lanes,https://clutch.co/profile/b2b-lanes,https://b2blanes.com,lead-generation,Minneapolis,MN,US,10 - 49,,,,,Sales Outsourcing company B2B Lanes provides Sales Outsourcing. They were launched in 2020. Read more,2026-09-10T11:49:13,,,,,2020,"400 S 4th St Ste 410 Minneapolis , MN , United States 55415"
clutch,ProspectLeap,https://clutch.co/profile/prospectleap,https://www.prospectleap.com/,lead-generation,Orlando,FL,US,10 - 49,,,,,"Founded in 2022, ProspectLeap is a small Sales Outsourcing company headquartered in Orlando, Florida. Their team provides Sales Outsourcing. Read more",2026-09-10T11:49:13,,,,,2022,"20 North Orange Avenue Orlando , FL , United States 32801"
clutch,Leads Local - B2B lead generation & sales systems,https://clutch.co/profile/leads-local-b2b-lead-generation-sales-systems,https://leadslocal.io,lead-generation,Trabuco Canyon,CA,US,10 - 49,"$1,000+",,,,"Leads Local - B2B lead generation & sales systems is a Sales Outsourcing company in Trabuco Canyon, California. They offer Sales Outsourcing and Demand Generation Marketing. Read more",2026-09-10T11:49:13,,,,,2022,"28425 Klondike Dr Trabuco Canyon , CA , United States 92679"
clutch,Quadra Digital Solutions,https://clutch.co/profile/quadra-digital-solutions,https://www.quadradigitalsolutions.com/,lead-generation,Anaheim,CA,US,10 - 49,"$1,000+",< $25 / hr,5.0,17.0,"Quadra Digital Solutions is a Sales Outsourcing Solutions agency known for delivering exceptional Sales Development and Support Services. With 100% positive feedback, clients praise their proactive approach, flexibility, and dedication to client satisfaction, leading to successful lead generation an",2026-09-10T11:49:13,,,,,2018,"47 Erika-Mann-Straße München , Germany 80636"
clutch,Zventus,https://clutch.co/profile/zventus,https://www.zventus.com/,lead-generation,Los Angeles,CA,US,50 - 249,"$1,000+",< $25 / hr,,,"Zventus is an answering service. The midsize Los Angeles, California-based team specializes in Call Center Services and Sales Outsourcing. The firm was established in 2016. Read more",2026-09-10T11:49:13,,,,,2016,"16133 Ventura Blvd, 7th Floor Encino Los Angeles , CA , United States 91436"
clutch,Answering365,https://clutch.co/profile/answering365,https://www.answering365.com,lead-generation,Los Angeles,CA,US,10 - 49,,,,,"Launched in 1989, Answering365 is a phone answering service. In Los Angeles, California, the team specializes in Call Center Services and Customer Service Outsourcing. Read more",2026-09-10T11:49:13,,,,,1989,"3699 Wilshire Blvd. Suite 850 Los Angeles , CA , United States 90010"
clutch,MADLeadFlow,https://clutch.co/profile/madleadflow,https://www.madleadflow.com,lead-generation,Miami,FL,US,10 - 49,"$1,000+",,,,"MADLeadFlow is a small Miami, Florida-based Business Consulting and Sales Outsourcing company. The team offers Business Consulting and Sales Outsourcing. Read more",2026-09-10T11:49:13,,,,,2025,"382 Northeast 191st Street Miami , FL , United States 33179"
clutch,Virtual Latinos,https://clutch.co/profile/virtual-latinos,http://www.virtuallatinos.com,lead-generation,San Diego,CA,US,50 - 249,"$1,000+",< $25 / hr,,,"Virtual Latinos is a Customer Service Outsourcing company. Based in San Diego, California, the agency was founded in 2018. Their services include Customer Service Outsourcing and Sales Outsourcing. Read more",2026-09-10T11:49:13,,,,,2018,"2159 India Street San Diego , CA , United States 92101"
clutch,Peak Intent,https://clutch.co/profile/peak-intent,https://peakintent.com,lead-generation,Miami,FL,US,10 - 49,"$5,000+",$100 - $149 / hr,,,"Peak Intent is a Sales Outsourcing company in Miami, Florida. They offer Sales Outsourcing and Demand Generation Marketing. Read more",2026-09-10T11:49:13,,,,,2018,"12485 Southwest 137th Avenue Miami , FL , United States 33186"
clutch,"The Daft Company, LLC",https://clutch.co/profile/daft-company,https://daftco.com,lead-generation,Tampa,FL,US,50 - 249,,,,,"Founded in 2023, The Daft Company, LLC is a Sales Outsourcing company. Headquartered in Tampa, Florida, the team focuses on Sales Outsourcing and Staffing. Read more",2026-09-10T11:49:13,,,,,2023,"401 North Howard Avenue Tampa , FL , United States 33606"
clutch,StoryTeller Media + Communications,https://clutch.co/profile/storyteller-media-communications,https://www.storytellermn.com/,lead-generation,Minneapolis,MN,US,10 - 49,"$5,000+",$100 - $149 / hr,,,"StoryTeller Media + Communications, a web design company, is located in Minneapolis, Minnesota. They offer Web Design and Video Production. Read more",2026-09-10T11:49:13,,,,,2005,"5320 West 23rd Street Suite #235 Minneapolis , MN , United States 55416"
clutch,Brandwoven - Leading Amazon Agency for Premium Brands,https://clutch.co/profile/brandwoven-leading-amazon-agency-premium-brands,https://gobrandwoven.com,sales-consulting,Portland,OR,US,10 - 49,"$25,000+",$100 - $149 / hr,5.0,3.0,"Brandwoven - Leading Amazon Agency for Premium Brands is a specialized agency focused on managing and optimizing Amazon marketplace operations. With 100% of reviewers noting remarkable sales growth and tailored solutions, the agency is praised for its effective project management and ability to cust",2026-09-10T11:54:33,https://www.linkedin.com/company/gobrandwoven,,https://www.x.com/brandwoven,https://www.instagram.com/brandwoven,2016,"107 Southeast Washington Street Portland , OR , United States 97214"
clutch,NANOBOT Group,https://clutch.co/profile/nanobot-group,https://nanobot.group/,sales-consulting,San Diego,CA,US,10 - 49,"$5,000+",$50 - $99 / hr,4.9,28.0,"NANOBOT Group is a specialized communication agency providing high-quality 2D and 3D animated videos and content strategies for the biomedical and pharmaceutical industries. Reviews indicate a strong emphasis on professionalism, timely delivery, and effective communication, with over 90% of clients ",2026-09-10T11:54:34,,,,,2010,"10572 Bernabe Dr. San Diego , CA , United States 92129"
clutch,Westpark Communications,https://clutch.co/profile/westpark-communications,https://www.westparkcom.net,sales-consulting,Spring,TX,US,50 - 249,,,4.8,4.0,"Westpark Communications is a professional call answering and customer service center based in Houston, offering services such as warranty support, tech support, and data entry. With 75% of reviews highlighting effective communication and attentive service, the company is noted for its family-like tr",2026-09-10T11:54:34,,,,,1968,"8917 Louetta Rd., Suite 400 Spring , TX , United States 77379"
clutch,Bungee (formerly Direct Answer),https://clutch.co/profile/bungee-formerly-direct-answer,http://teambungee.com/,sales-consulting,Capon Bridge,WV,US,10 - 49,"$1,000+",< $25 / hr,4.8,7.0,"Bungee (formerly Direct Answer) is a customer service outsourcing company providing call handling, billing support, data processing, and donor management services. The reviews reflect strong positive feedback, with approximately 90% of clients praising their responsive communication, tailored soluti",2026-09-10T11:54:34,,,,,1991,"414 Smokey Hollow Rd Capon Bridge , WV , United States 26711"
clutch,Hugo Inc.,https://clutch.co/profile/hugo,https://hugoinc.com/?utm_source=clutch.co&utm_medium=referral&utm_campaign=directory,sales-consulting,Chicago,IL,US,"1,000 - 9,999","$1,000+",< $25 / hr,,20.0,,2026-09-10T11:54:34,https://www.linkedin.com/company/hugo-africa,,,,2017,"401 North Michigan Avenue Chicago , IL , United States 60611"
clutch,Periodix,https://clutch.co/profile/periodix,https://lead-generation.periodix.net,sales-consulting,New York,NY,US,10 - 49,"$1,000+",< $25 / hr,5.0,10.0,"Periodix is a sales outsourcing solutions agency specializing in lead generation and sales talent acquisition. Across their reviews, clients commend Periodix for their exceptional project management, attentive communication, and impressive lead generation capabilities on platforms like Upwork and Li",2026-09-10T11:55:33,,,,,2018,"220,East 23rd street ,#400 New York , NY , United States 10010"
clutch,Sapper Consulting LLC,https://clutch.co/profile/sapper-consulting,http://www.sapperconsulting.com,sales-consulting,St. Louis,MO,US,50 - 249,"$5,000+",$100 - $149 / hr,3.9,20.0,"Sapper Consulting LLC is a Sales Consulting firm focused on lead generation and sales outsourcing solutions. While 67% of the reviews highlight positive outcomes such as meeting lead targets and generating substantial revenue, 33% express dissatisfaction with broken promises and poor communication. ",2026-09-10T11:55:33,,,,,2014,"701 N 1st St Suite 201 St. Louis , MO , United States 63102"
clutch,HelloSells,https://clutch.co/profile/hellosells,https://www.hellosells.com/?utm_source=clutch&utm_medium=referral&utm_campaign=directory,sales-consulting,Portland,OR,US,50 - 249,,< $25 / hr,5.0,4.0,"HelloSells is a virtual customer service provider specializing in call handling and integration services for various business needs. Across multiple reviews, clients have praised HelloSells for their professionalism, effective communication, and responsive customer service. Approximately 90% of feed",2026-09-10T11:55:33,,,,,2015,"1033 SE Main Street Portland , OR , United States 97214"
clutch,Leads at Scale,https://clutch.co/profile/leads-scale,https://www.leadsatscale.com,sales-consulting,Spokane,WA,US,10 - 49,"$1,000+",$25 - $49 / hr,4.3,2.0,"Leads at Scale is a business development company specializing in outreach and cold calling services to generate high-quality leads and set appointments for its clients. Reviews highlight their exceptional appointment-setting rates, with one client noting they doubled the performance of other vendors",2026-09-10T11:55:33,,,,,2013,"3120 S Grand Blvd Spokane , WA , United States 99203"
clutch,Brandigade,https://clutch.co/profile/brandigade,http://www.brandigade.com,sales-consulting,Mountain Home,AR,US,10 - 49,"$5,000+",< $25 / hr,5.0,3.0,"Brandigade is a Sales Outsourcing Solutions company specializing in lead generation, sales team augmentation, and SDR services. Reviews indicate positive feedback, with approximately 90% of clients praising their professionalism and ability to generate qualified meetings, significantly enhancing sal",2026-09-10T11:55:33,,,,,2022,"701 South Street Mountain Home , AR , United States 72653"
clutch,SapientPro NYC,https://clutch.co/profile/sapientpro-nyc,https://sapientpro.com,sales-consulting,Great Neck Plaza,NY,US,50 - 249,"$10,000+",$50 - $99 / hr,5.0,1.0,"SapientPro NYC is a web development company praised for its capability in developing and launching web-based applications. Reviews highlight their responsive communication, with 100% of feedback noting timely responses and project delivery. Clients commend their understanding of diverse tech stacks ",2026-09-10T11:55:33,,,,,2023,"98 Cuttermill Road Great Neck Plaza , NY , United States 11021"
clutch,TechNinja LLC,https://clutch.co/profile/techninja,https://www.techninjasol.com,sales-consulting,Wilmington,DE,US,10 - 49,"$25,000+",< $25 / hr,5.0,1.0,"TechNinja LLC is a Sales Outsourcing Solutions company providing sales and account management services. The reviews highlight their impressive cost-saving capabilities and enhanced customer retention, with nearly 100% positive feedback. Clients particularly appreciate their punctuality, proactive co",2026-09-10T11:55:34,,,,,2022,"2055 Limestone Road Wilmington , DE , United States 19808"
clutch,RemoteReps247,https://clutch.co/profile/remotereps247,https://remotereps247.com,sales-consulting,New York,NY,US,10 - 49,"$1,000+",< $25 / hr,3.2,16.0,"RemoteReps247 is a sales outsourcing company offering services such as Sales Team Outsourcing and Sales Outsourcing Solutions. Feedback is mixed, with approximately 60% of reviews highlighting issues like poor communication and unfulfilled promises, while 40% note responsive sales staff and timely d",2026-09-10T11:55:34,,,,,2022,"41 Madison Avenue New York , NY , United States 10010"
clutch,"High Standards Technology, Inc.",https://clutch.co/profile/high-standards-technology,https://www.weredown.com/,sales-consulting,Houston,TX,US,10 - 49,,,4.5,1.0,"High Standards Technology, Inc. is a managed IT services provider specializing in server management, cybersecurity, and system monitoring, with additional expertise in security training and data backup. The company is highly regarded, with 100% positive feedback highlighting their reliability, excel",2026-09-10T11:55:34,,,,,2002,"17000 El Camino Real #205A Houston Houston , TX , United States 77058"
clutch,Social Bloom,https://clutch.co/profile/social-bloom,https://socialbloom.io/?utm_source=clutch.co&utm_medium=referral&utm_campaign=directory,sales-consulting,Olympia,WA,US,10 - 49,"$1,000+",$50 - $99 / hr,4.7,96.0,"Social Bloom is a Sales Outsourcing Solutions provider specializing in lead generation and sales development for various industries. Reviews reveal mixed feedback, with approximately 50% highlighting effective lead generation and strong project management. Criticism centers on unreliable delivery an",2026-09-10T11:55:34,,,,,2020,"215 legion way SW Olympia , WA , United States 98501 1 (507)"
clutch,GTM dart,https://clutch.co/profile/gtm-dart,https://www.gtmdart.com/,sales-consulting,Denver,CO,US,10 - 49,,< $25 / hr,,,"Sales Outsourcing company GTM dart is in Denver, Colorado. Their services include Sales Outsourcing and Customer Service Outsourcing. Read more",2026-09-10T11:55:34,,,,,2023,"617 Lowell Boulevard Denver , CO , United States 80204"
clutch,HANGAR49,https://clutch.co/profile/hangar49,https://www.hangar49.com,sales-consulting,New York,NY,US,10 - 49,,,4.5,1.0,"HANGAR49 is a company specializing in customer acquisition and sales development services. Based on reviews, 100% of feedback is positive, highlighting their impressive ability to integrate with clients' teams and deliver valuable insights into market demands. They are praised for their collaborativ",2026-09-10T11:55:34,,,,,2016,"117 Waterkant St Cape Town , South Africa 8001"
